title,year,runtime,genre_1,genre_2,director,score,user_ratings,budget,revenue
Avatar Aang: The Last Airbender,2026,99,Animation,Adventure,Lauren Montgomery,91,1113,-,-
Swapped,2026,102,Adventure,Animation,Nathan Greno,89,2175,$7,$7
Accidental Partners,2026,110,Comedy,Romance,Ihtzi Hurtado,89,378,-,-
Facing El Chapo,2026,91,Crime,Action,Chava Cartas,88,628,-,-
Demon Slayer: Kimetsu no Yaiba Infinity Castle,2025,156,Animation,Action,Haruo Sotozaki,88,2121,"$20,000,000","$733,030,221"
The Shawshank Redemption,1994,142,Drama,Crime,Frank Darabont,87,31306,"$25,000,000","$28,341,469"
The Godfather,1972,175,Drama,Crime,Francis Ford Coppola,87,23536,"$6,000,000","$245,066,411"
Michael,2026,128,Music,Drama,Antoine Fuqua,86,4320,"$250,000,000","$1,032,616,139"
Project Hail Mary,2026,157,Science Fiction,Adventure,Christopher Miller,86,7710,"$200,000,000","$684,234,722"
The Godfather Part II,1974,202,Drama,Crime,Francis Ford Coppola,86,14313,"$13,000,000","$102,600,000"
12 Angry Men,1957,97,Drama,,Sidney Lumet,86,10353,"$397,751","$4,360,000"
Schindler's List,1993,195,Drama,History,Steven Spielberg,86,17892,"$22,000,000","$321,365,567"
Young Hearts,2024,99,Drama,Romance,Anthony Schatteman,86,311,-,"$136,344"
Chainsaw Man - The Movie: Reze Arc,2025,100,Animation,Action,Tatsuya Yoshihara,85,1174,"$4,100,000","$191,400,000"
The Dark Knight,2008,152,Action,Thriller,Christopher Nolan,85,36676,"$185,000,000","$1,004,558,444"
Spirited Away,2001,125,Animation,Family,Hayao Miyazaki,85,18881,"$19,000,000","$274,925,095"
The Green Mile,1999,189,Fantasy,Drama,Frank Darabont,85,19791,"$60,000,000","$286,801,374"
The Lord of the Rings: The Return of the King,2003,201,Adventure,Fantasy,Peter Jackson,85,27329,"$94,000,000","$1,118,888,979"
Dilwale Dulhania Le Jayenge,1995,190,Comedy,Drama,Aditya Chopra,85,4620,"$13,200,000","$100,000,000"
Parasite,2019,133,Comedy,Thriller,Bong Joon Ho,85,21284,"$11,363,000","$257,591,776"
Interstellar,2014,169,Adventure,Drama,Christopher Nolan,85,41125,"$165,000,000","$746,606,706"
Your Name.,2016,106,Animation,Romance,Makoto Shinkai,85,12979,"$7,500,000","$407,210,429"
Pulp Fiction,1994,154,Thriller,Crime,Quentin Tarantino,85,30848,"$8,000,000","$213,928,762"
"The Good, the Bad and the Ugly",1966,161,Western,,Sergio Leone,85,9933,"$1,200,000","$38,900,000"
Forrest Gump,1994,142,Comedy,Drama,Robert Zemeckis,85,30437,"$55,000,000","$677,387,716"
Harakiri,1962,135,Action,Drama,Masaki Kobayashi,85,1274,-,-
Selena Gomez: My Mind & Me,2022,95,Documentary,Music,Alek Keshishian,85,620,-,-
GoodFellas,1990,145,Drama,Crime,Martin Scorsese,85,14739,"$25,000,000","$47,072,327"
Seven Samurai,1954,207,Action,Drama,Akira Kurosawa,85,4364,"$2,000,000","$105,000,000"
Grave of the Fireflies,1988,89,Animation,Drama,Isao Takahata,84,6784,"$3,700,000","$842,132"
¿Quieres ser mi hijo?,2023,100,Comedy,Romance,Ihtzi Hurtado,84,370,-,-
The Lord of the Rings: The Fellowship of the Ring,2001,179,Adventure,Fantasy,Peter Jackson,84,28328,"$93,000,000","$871,368,364"
Life Is Beautiful,1997,116,Comedy,Drama,Roberto Benigni,84,14231,"$20,000,000","$230,098,753"
Fight Club,1999,139,Drama,Thriller,David Fincher,84,32842,"$63,000,000","$100,853,753"
Human,2015,191,Documentary,,Yann Arthus-Bertrand,84,314,"$15,483,821",-
Cinema Paradiso,1988,124,Drama,Romance,Giuseppe Tornatore,84,4971,"$5,000,000","$35,962,062"
David Attenborough: A Life on Our Planet,2020,83,Documentary,Drama,Keith Scholey,84,459,-,-
City of God,2002,129,Drama,Crime,Fernando Meirelles,84,8436,"$3,300,000","$30,641,770"
The Lord of the Rings: The Two Towers,2002,179,Adventure,Fantasy,Peter Jackson,84,24549,"$79,000,000","$926,287,400"
Remarkably Bright Creatures,2026,114,Drama,Mystery,Olivia Newman,84,903,-,-
Everybody’s Everything,2019,116,Documentary,,Sebastian Jones,84,310,-,-
Impossible Things,2021,88,Family,Drama,Ernesto Contreras,84,434,-,-
A Dog's Will,2000,104,Comedy,Drama,Guel Arraes,84,1244,-,"$4,903,192"
Psycho,1960,109,Horror,Thriller,Alfred Hitchcock,84,11245,"$806,947","$50,000,000"
One Flew Over the Cuckoo's Nest,1975,135,Drama,,Miloš Forman,84,11744,"$3,000,000","$108,981,275"
The Legend of Hei,2019,102,Animation,Fantasy,MTJJ,84,554,-,"$48,045,728"
Spider-Man: Into the Spider-Verse,2018,117,Animation,Action,Rodney Rothman,84,17843,"$90,000,000","$394,884,133"
A Silent Voice: The Movie,2016,129,Animation,Drama,Naoko Yamada,84,4679,-,"$30,819,442"
The Empire Strikes Back,1980,124,Adventure,Action,Irvin Kershner,84,18832,"$18,000,000","$538,400,000"
Protector,2026,90,Action,Thriller,Adrian Grünberg,84,578,-,"$1,993,982"
Hope,2013,122,Drama,,Lee Joon-ik,84,914,-,-
Howl's Moving Castle,2004,119,Fantasy,Animation,Hayao Miyazaki,84,11423,"$24,000,000","$236,049,757"
Lucy Shimmers and the Prince of Peace,2020,87,Drama,Family,Rob Diamond,84,375,-,-
High and Low,1963,142,Drama,Crime,Akira Kurosawa,84,1191,"$250,000",-
Se7en,1995,127,Crime,Mystery,David Fincher,84,23749,"$33,000,000","$327,311,859"
Gabriel's Inferno,2020,122,Romance,Drama,Tosca Musk,84,2480,-,-
Whiplash,2014,107,Drama,Music,Damien Chazelle,84,17063,"$3,300,000","$50,307,484"
Once Upon a Time in America,1984,139,Drama,Crime,Sergio Leone,84,6200,"$30,000,000","$5,500,000"
Inception,2010,148,Action,Science Fiction,Christopher Nolan,84,40161,"$160,000,000","$839,030,630"
The Pianist,2002,150,Drama,War,Roman Polanski,84,10429,"$35,000,000","$120,098,945"
Toy Story 5,2026,102,Animation,Family,Andrew Stanton,83,2107,"$250,000,000","$1,136,476,240"
Spider-Man: Across the Spider-Verse,2023,140,Animation,Action,Justin K. Thompson,83,9224,"$100,000,000","$690,897,910"
The Silence of the Lambs,1991,119,Crime,Thriller,Jonathan Demme,83,18480,"$19,000,000","$272,742,922"
Gabriel's Inferno: Part II,2020,106,Romance,Drama,Tosca Musk,83,1562,-,-
Squid Game: Making Season 2,2025,28,Documentary,,,83,460,-,-
Stop Making Sense,1984,88,Documentary,Music,Jonathan Demme,83,387,"$1,200,000","$12,471,520"
Burn the Stage: The Movie,2018,85,Music,Documentary,Park Jun-soo,83,436,-,-
Rear Window,1954,113,Thriller,Mystery,Alfred Hitchcock,83,7350,"$1,000,000","$37,042,336"
Radical,2023,125,Drama,,Christopher Zalla,83,513,"$10,000,000","$21,761,164"
Gabriel's Inferno: Part III,2020,102,Romance,Drama,Tosca Musk,83,1095,-,-
Back to the Future,1985,116,Adventure,Comedy,Robert Zemeckis,83,22367,"$19,000,000","$381,109,762"
American History X,1998,119,Drama,,Tony Kaye,83,12897,"$20,000,000","$23,900,000"
Princess Mononoke,1997,134,Adventure,Fantasy,Hayao Miyazaki,83,9274,"$23,500,000","$176,506,186"
Dou kyu sei – Classmates,2016,61,Romance,Animation,Shoko Nakamura,83,464,-,"$1,397,526"
Ikiru,1952,143,Drama,,Akira Kurosawa,83,1385,"$85,000","$55,240"
Voicemails for Isabelle,2026,119,Romance,Comedy,Leah McKendrick,83,884,-,-
Ennio,2022,156,Documentary,Music,Giuseppe Tornatore,83,390,-,"$4,332,386"
The Wild Robot,2024,102,Family,Animation,Chris Sanders,83,6579,"$78,000,000","$331,982,078"
Perfect Blue,1998,81,Animation,Thriller,Satoshi Kon,83,3344,"$830,442","$2,743,097"
Dead Poets Society,1989,129,Drama,,Peter Weir,83,12949,"$16,400,000","$235,860,116"
Violet Evergarden: The Movie,2020,140,Animation,Drama,Taichi Ishidate,83,542,-,"$20,339,624"
Bring the Soul: The Movie,2019,105,Music,Documentary,Park Jun-soo,83,463,-,"$12,150,259"
Léon: The Professional,1994,111,Crime,Drama,Luc Besson,83,16494,"$16,000,000","$20,330,788"
Dedicated to my ex,2019,94,Drama,Comedy,Jorge Ulloa,83,514,-,"$1,315,376"
The Great Dictator,1940,125,Comedy,War,Charlie Chaplin,83,3802,"$2,000,000","$11,000,000"
We All Loved Each Other So Much,1974,125,Drama,Comedy,Ettore Scola,83,666,-,-
The Quintessential Quintuplets Movie,2022,136,Animation,Comedy,Masato Jimbo,83,456,-,"$3,670,507"
Modern Times,1936,87,Comedy,Drama,Charlie Chaplin,83,4182,"$1,500,000","$1,800,000"
Out of the Clear Blue Sky,2019,112,Comedy,Drama,Pepe Bojórquez,83,392,-,-
Night and Fog,1956,32,Documentary,History,Alain Resnais,83,582,-,-
It's a Wonderful Life,1946,131,Drama,Family,Frank Capra,83,5052,"$3,180,000","$9,644,124"
The Punisher: One Last Kill,2026,51,Action,Drama,Reinaldo Marcus Green,83,2211,-,-
The Intouchables,2011,113,Drama,Comedy,Éric Toledano,83,18798,"$13,000,000","$426,590,315"
Sunset Boulevard,1950,110,Drama,,Billy Wilder,83,3019,"$1,752,000","$5,000,000"
Counterattack,2025,85,Action,Adventure,Chava Cartas,83,856,-,-
Once Upon a Time in the West,1968,166,Drama,Western,Sergio Leone,83,5045,"$5,000,000","$5,380,118"
Neon Genesis Evangelion: The End of Evangelion,1997,87,Animation,Science Fiction,Hideaki Anno,83,1953,"$7,500,000","$26,000,000"
Hotarubi no Mori e,2011,45,Romance,Animation,Takahiro Omori,83,1244,-,-
Apocalypse Now,1979,147,Drama,War,Francis Ford Coppola,83,9366,"$31,500,000","$150,000,000"
The Matrix,1999,136,Action,Science Fiction,Lana Wachowski,83,28698,"$63,000,000","$463,517,383"
Once Upon a Studio,2023,9,Animation,Family,Dan Abraham,83,450,-,-
Michael Jackson's Thriller,1983,14,Horror,Music,John Landis,83,798,"$500,000","$76,000,000"
"Josee, the Tiger and the Fish",2020,98,Animation,Drama,Kotaro Tamura,83,627,-,-
Miracle in Cell No. 7,2019,132,Drama,,Mehmet Ada Öztekin,83,4596,-,"$28,000,000"
Clouds,2020,121,Music,Drama,Justin Baldoni,83,1066,-,-
The Lion King,1994,89,Animation,Family,Roger Allers,83,20125,"$45,000,000","$763,455,561"
Paths of Glory,1957,88,War,Drama,Stanley Kubrick,83,3369,"$935,000","$1,200,000"
I Swear,2025,121,Drama,History,Kirk Jones,83,559,"$3,730,000","$15,564,404"
City Lights,1931,87,Comedy,Drama,Charlie Chaplin,82,2537,"$1,500,000","$4,250,000"
Le Trou,1960,132,Drama,Thriller,Jacques Becker,82,598,-,"$33,187"
Avengers: Infinity War,2018,149,Adventure,Action,Joe Russo,82,32875,"$300,000,000","$2,052,415,039"
Avengers: Endgame,2019,181,Adventure,Science Fiction,Anthony Russo,82,28625,"$356,000,000","$2,799,439,100"
Rascal Does Not Dream of a Dreaming Girl,2019,90,Animation,Romance,Soichi Masui,82,612,-,-
The Legend of 1900,1998,170,Drama,Music,Giuseppe Tornatore,82,2493,"$9,000,000","$21,057,208"
Oldboy,2003,120,Thriller,Mystery,Park Chan-wook,82,10181,"$3,000,000","$17,500,000"
I Want to Eat Your Pancreas,2018,108,Animation,Drama,Shinichiro Ushijima,82,1840,-,"$33,748,006"
The Shadow's Edge,2025,142,Action,Crime,Larry Yang,83,1388,-,"$174,400,000"
A Brighter Summer Day,1991,237,Crime,Drama,Edward Yang,82,405,-,-
Saving Private Ryan,1998,169,War,Drama,Steven Spielberg,82,17755,"$70,000,000","$481,840,909"
For Sama,2019,100,Documentary,War,Edward Watts,82,319,-,-
The Super Mario Galaxy Movie,2026,98,Family,Comedy,Aaron Horvath,82,3659,"$110,000,000","$1,012,203,331"
Baraka,1992,97,Documentary,,Ron Fricke,82,717,"$4,000,000",-
Gladiator,2000,155,Action,Drama,Ridley Scott,82,21470,"$103,000,000","$465,516,248"
Il Sorpasso,1962,105,Drama,Comedy,Dino Risi,82,866,-,"$1,892,298"
Demon Slayer -Kimetsu no Yaiba- The Movie: Mugen Train,2020,117,Animation,Action,Haruo Sotozaki,82,4672,"$15,700,000","$523,542,183"
Given,2020,60,Animation,Drama,Hikaru Yamaguchi,82,425,-,"$930,363"
Life in a Year,2020,107,Drama,Romance,Mitja Okorn,82,2005,-,-
Green Book,2018,130,Drama,Comedy,Peter Farrelly,82,13220,"$23,000,000","$321,752,656"
Evangelion: 3.0+1.0 Thrice Upon a Time,2021,155,Animation,Action,Hideaki Anno,82,990,"$29,700,000","$93,882,453"
Bound by Honor,1993,190,Crime,Drama,Taylor Hackford,82,1626,"$35,000,000","$4,500,000"
Klaus,2019,97,Animation,Family,Sergio Pablos,82,4816,-,-
Inglourious Basterds,2009,153,Drama,Thriller,Quentin Tarantino,82,24735,"$70,000,000","$321,457,747"
Puss in Boots: The Last Wish,2022,103,Animation,Adventure,Joel Crawford,82,9209,"$90,000,000","$484,700,000"
Woman in the Dunes,1964,147,Drama,Thriller,Hiroshi Teshigahara,82,539,-,-
Wolf Children,2012,117,Animation,Family,Mamoru Hosoda,82,2534,-,"$55,262,158"
Five Feet Apart,2019,116,Romance,Drama,Justin Baldoni,82,5981,"$7,000,000","$92,600,000"
"The Boy, the Mole, the Fox and the Horse",2022,35,Animation,Family,Charlie Mackesy,82,769,-,-
The Prestige,2006,130,Drama,Mystery,Christopher Nolan,82,18099,"$40,000,000","$109,676,311"
One Direction: This Is Us,2013,92,Documentary,Music,Morgan Spurlock,82,1080,"$10,000,000","$68,500,000"
Witness for the Prosecution,1957,116,Drama,Mystery,Billy Wilder,82,1762,"$3,000,000","$9,000,000"
Star Wars,1977,121,Adventure,Action,George Lucas,82,22845,"$11,000,000","$775,398,007"
The Help,2011,146,Drama,,Tate Taylor,82,9265,"$25,000,000","$216,600,000"
The Forge,2024,123,Drama,Family,Alex Kendrick,82,356,"$5,000,000","$40,392,664"
Taylor Swift: Reputation Stadium Tour,2018,125,Music,,Paul Dugdale,82,437,-,-
The Shining,1980,144,Horror,Thriller,Stanley Kubrick,82,19353,"$19,000,000","$50,312,025"
Shutter Island,2010,138,Drama,Thriller,Martin Scorsese,82,26403,"$80,000,000","$294,804,195"
Steven Universe: The Movie,2019,83,Animation,Family,Rebecca Sugar,82,880,-,-
Coco,2017,105,Family,Animation,Lee Unkrich,82,21388,"$175,000,000","$814,641,172"
Look Back,2024,58,Animation,Drama,Kiyotaka Oshiyama,82,662,-,"$25,198,872"
Mommy,2014,138,Drama,,Xavier Dolan,82,2894,"$4,900,000","$3,494,070"
BTS WORLD TOUR [LOVE YOURSELF] in Seoul,2019,160,Music,,Son Sung-deuk,82,461,-,"$10,195,760"
Investigation of a Citizen Above Suspicion,1970,111,Drama,Thriller,Elio Petri,82,894,-,-
Obsession,2026,109,Horror,Thriller,Curry Barker,82,5465,"$750,000","$512,738,088"
Hacksaw Ridge,2016,139,Drama,History,Mel Gibson,82,15277,"$40,000,000","$175,302,354"
Django Unchained,2012,165,Drama,Western,Quentin Tarantino,82,28574,"$100,000,000","$425,368,238"
Come and See,1985,142,Drama,War,Elem Klimov,82,1950,"$5,000,000","$20,929,648"
Justice League Dark: Apokolips War,2020,90,Animation,Action,Christina Sotta,82,1624,-,-
The Furious,2026,113,Action,Crime,Kenji Tanigaki,82,710,"$20,000,000","$39,745,080"
My Mom Is a Character 3,2019,110,Comedy,,Susana Garcia,82,498,"$2,000,000","$39,273,021"
Red Beard,1965,185,Drama,,Akira Kurosawa,82,427,"$650,000","$1,110,000"
Doctor Who: The Day of the Doctor,2013,77,Science Fiction,Adventure,Nick Hurran,82,788,-,"$10,000,000"
The Apartment,1960,126,Comedy,Drama,Billy Wilder,82,2771,"$3,000,000","$25,000,000"
Innocent Voices,2005,120,Drama,War,Luis Mandoki,82,531,-,"$837,000"
20th Century Girl,2022,119,Romance,Drama,Bang Woo-ri,82,861,-,-
The Handmaiden,2016,145,Thriller,Drama,Park Chan-wook,82,4482,"$8,575,000","$38,600,000"
Wolfwalkers,2020,102,Animation,Family,Tomm Moore,82,1447,"$12,000,000","$1,310,720"
Alien,1979,117,Horror,Science Fiction,Ridley Scott,82,16827,"$11,000,000","$104,931,801"
Memento,2000,113,Mystery,Thriller,Christopher Nolan,82,16736,"$9,000,000","$40,060,108"
Billie Eilish: The World's a Little Blurry,2021,140,Documentary,Music,R.J. Cutler,82,348,-,-
A Clockwork Orange,1971,137,Science Fiction,Crime,Stanley Kubrick,82,14109,"$2,200,000","$27,033,812"
TAYLOR SWIFT | THE ERAS TOUR,2023,169,Music,,Sam Wrench,82,536,"$15,000,000","$261,656,269"
Terminator 2: Judgment Day,1991,137,Action,Thriller,James Cameron,82,14822,"$102,000,000","$517,814,175"
Good Will Hunting,1997,127,Drama,,Gus Van Sant,82,14285,"$10,000,000","$225,933,435"
BLACKPINK: Light Up the Sky,2020,79,Documentary,Music,Caroline Suh,82,529,-,-
The Usual Suspects,1995,106,Drama,Crime,Bryan Singer,82,11724,"$6,000,000","$23,300,000"
Bicycle Thieves,1948,89,Drama,,Vittorio De Sica,82,2740,"$133,000","$450,159"
Silenced,2011,125,Drama,,Hwang Dong-hyuk,82,810,"$2,200,000","$31,500,000"
The Departed,2006,151,Drama,Thriller,Martin Scorsese,82,16621,"$90,000,000","$291,465,000"
The Truman Show,1998,103,Comedy,Drama,Peter Weir,82,20819,"$60,000,000","$264,118,712"
Top Gun: Maverick,2022,131,Action,Drama,Joseph Kosinski,82,11528,"$170,000,000","$1,488,732,821"
Ne Zha 2,2025,144,Animation,Action,Jiao Zi,82,816,"$80,000,000","$2,270,700,370"
The Art of Racing in the Rain,2019,109,Drama,Romance,Simon Curtis,82,1724,"$18,000,000","$33,800,000"
Hoppers,2026,104,Adventure,Animation,Daniel Chong,82,2325,"$150,000,000","$389,685,783"
Scarface,1983,170,Action,Crime,Brian De Palma,82,13406,"$25,000,000","$66,023,329"
Capernaum,2018,126,Drama,,Nadine Labaki,81,2031,"$4,000,000","$64,978,931"
Tokyo Story,1953,137,Drama,,Yasujirō Ozu,81,1260,-,-
The Seventh Seal,1957,96,Fantasy,Drama,Ingmar Bergman,81,3445,"$150,000","$311,212"
Togo,2019,113,Adventure,History,Ericson Core,81,2356,-,-
The Kid,1921,68,Comedy,Drama,Charlie Chaplin,81,2439,"$250,000","$5,450,000"
Maquia: When the Promised Flower Blooms,2018,115,Animation,Drama,Mari Okada,81,732,-,"$4,345,395"
Casablanca,1943,102,Drama,Romance,Michael Curtiz,81,6211,"$878,000","$10,462,500"
Dune: Part Two,2024,167,Science Fiction,Adventure,Denis Villeneuve,81,8538,"$190,000,000","$714,844,358"
Vertigo,1958,128,Mystery,Romance,Alfred Hitchcock,81,6491,"$2,479,000","$7,808,900"
Piper,2016,6,Family,Animation,Alan Barillaro,81,1767,-,-
Singin' in the Rain,1952,103,Comedy,Romance,Stanley Donen,81,3613,"$2,540,800","$7,200,000"
My Hero Academia: Heroes Rising,2019,104,Animation,Action,Kenji Nagasaki,81,1309,-,"$30,017,163"
Earthlings,2005,95,Documentary,,Shaun Monson,81,346,-,-
WALL·E,2008,98,Animation,Family,Andrew Stanton,81,20841,"$180,000,000","$521,311,860"
Central Station,1998,111,Drama,,Walter Salles,81,1073,"$2,900,000","$5,596,708"
Palmer,2021,110,Drama,,Fisher Stevens,81,1967,-,-
Kill Bill: The Whole Bloody Affair,2011,254,Action,Crime,Quentin Tarantino,81,1417,"$60,000,000","$12,338,649"
Dr. Strangelove or: How I Learned to Stop Worrying and Love the Bomb,1964,95,Comedy,War,Stanley Kubrick,81,6315,"$1,800,000","$9,500,000"
Persona,1966,85,Drama,,Ingmar Bergman,81,2476,-,"$250,000"
Taxi Driver,1976,114,Crime,Drama,Martin Scorsese,81,13773,"$1,900,000","$28,579,636"
Full Metal Jacket,1987,117,Drama,War,Stanley Kubrick,81,11741,"$30,000,000","$46,357,676"
Better Days,2019,135,Drama,Crime,Derek Tsang Kwok-Cheung,81,581,-,"$225,879,065"
Joker,2019,122,Crime,Thriller,Todd Phillips,81,28291,"$55,000,000","$1,078,958,629"
Love Hurts,2002,104,Drama,Romance,Fernando Sariñana,81,380,"$10,000,000",-
"“The Shorts” by Aldo, Giovanni and Giacomo",1996,130,Comedy,,Arturo Brachetti,81,363,-,-
Reservoir Dogs,1992,99,Crime,Thriller,Quentin Tarantino,81,15805,"$1,200,000","$2,859,750"
My Friends,1975,140,Comedy,,Mario Monicelli,81,762,-,-
How to Make Millions Before Grandma Dies,2024,126,Drama,,Pat Boonnitipat,81,440,"$1,000,000","$73,800,000"
Prisoners,2013,153,Drama,Thriller,Denis Villeneuve,81,13482,"$46,000,000","$122,127,446"
Colony,2026,123,Action,Horror,Yeon Sang-ho,81,773,-,-
The Salt of the Earth,2014,110,Documentary,,Juliano Ribeiro Salgado,81,693,-,"$1,059,804"
Incendies,2010,131,Drama,War,Denis Villeneuve,81,3457,"$6,800,000","$6,788,659"
Jujutsu Kaisen 0,2021,105,Animation,Action,Sunghoo Park,81,1837,-,"$195,870,885"
Senna,2010,106,Documentary,,Asif Kapadia,81,1236,-,"$8,212,430"
Wonder,2017,113,Family,Drama,Stephen Chbosky,81,8390,"$20,000,000","$315,025,930"
Mortal Kombat Legends: Scorpion's Revenge,2020,80,Animation,Action,Ethan Spaulding,81,1521,-,-
The Hunt,2012,116,Drama,,Thomas Vinterberg,81,4968,"$3,800,000","$18,300,000"
"Lock, Stock and Two Smoking Barrels",1998,105,Comedy,Crime,Guy Ritchie,81,7381,"$1,350,000","$28,356,188"
The Father,2020,97,Drama,,Florian Zeller,81,3758,"$6,000,000","$21,029,340"
In the Mood for Love,2000,99,Drama,Romance,Wong Kar-Wai,81,3367,"$3,000,000","$15,867,968"
Eternal Sunshine of the Spotless Mind,2004,108,Science Fiction,Drama,Michel Gondry,81,16716,"$20,000,000","$72,258,126"
Soul,2020,101,Animation,Family,Pete Docter,81,11712,"$150,000,000","$121,977,511"
Portrait of a Lady on Fire,2019,121,Drama,Romance,Céline Sciamma,81,3036,"$5,740,000","$9,923,127"
Double Indemnity,1944,107,Crime,Thriller,Billy Wilder,81,2093,"$927,262","$2,500,000"
The Tale of The Princess Kaguya,2013,137,Animation,Drama,Isao Takahata,81,2040,"$49,300,000","$24,366,656"
Sansho the Bailiff,1954,124,Drama,,Kenji Mizoguchi,81,439,-,-
Metropolis,1927,148,Drama,Science Fiction,Fritz Lang,81,3194,"$5,300,000","$1,350,322"
Stalker,1979,162,Science Fiction,Drama,Andrei Tarkovsky,81,2597,"$120,000",-
20 Days in Mariupol,2023,94,Documentary,War,Mstyslav Chernov,81,313,-,"$21,000"
Big Deal on Madonna Street,1958,106,Comedy,Crime,Mario Monicelli,81,804,-,-
La Haine,1995,98,Drama,,Mathieu Kassovitz,81,4693,"$2,600,000","$15,300,000"
Das Boot,1981,150,Drama,History,Wolfgang Petersen,81,2630,"$14,000,000","$85,000,000"
Violet Evergarden: Eternity and the Auto Memory Doll,2019,90,Drama,Fantasy,Haruka Fujita,81,478,-,"$10,841,702"
Call Me by Your Name,2017,132,Romance,Drama,Luca Guadagnino,81,12946,"$3,500,000","$43,143,046"
Harry Potter and the Deathly Hallows: Part 2,2011,130,Adventure,Fantasy,David Yates,81,22421,"$125,000,000","$1,341,511,219"
Yojimbo,1961,110,Drama,Thriller,Akira Kurosawa,81,1745,-,-
8½,1963,139,Drama,,Federico Fellini,81,2587,-,-
Some Like It Hot,1959,123,Comedy,Romance,Billy Wilder,81,3989,"$2,900,000","$25,000,000"
Zack Snyder's Justice League,2021,242,Action,Adventure,Zack Snyder,81,11112,"$70,000,000",-
"Miraculous World: New York, United HeroeZ",2020,61,Animation,Family,Thomas Astruc,81,1135,-,-
To Live,1994,133,Drama,Romance,Zhang Yimou,81,394,-,-
The Invisible Guest,2017,107,Drama,Mystery,Oriol Paulo,81,5120,"$4,000,000","$30,000,000"
The Avengers,2012,143,Science Fiction,Action,Joss Whedon,81,39689,"$220,000,000","$1,518,815,515"
All About Eve,1950,139,Drama,,Joseph L. Mankiewicz,81,1755,"$1,400,000","$8,402,553"
Wild Strawberries,1957,91,Drama,,Ingmar Bergman,81,1853,-,-
Far from the Tree,2021,7,Animation,Family,Natalie Nourigat,81,395,-,-
"Paris, Texas",1984,145,Drama,,Wim Wenders,81,2314,"$1,750,000","$2,181,987"
The Great War,1959,137,Comedy,War,Mario Monicelli,81,377,-,-
The Thing,1982,109,Horror,Mystery,John Carpenter,81,8242,"$15,000,000","$19,629,760"
There's Still Tomorrow,2023,118,Drama,Comedy,Paola Cortellesi,81,1555,"$9,000,000","$50,121,593"
The Hate U Give,2018,133,Crime,Drama,George Tillman Jr.,81,2251,"$23,000,000","$34,934,009"
Doctor Who: The Time of the Doctor,2013,60,Drama,Science Fiction,Jamie Payne,81,323,-,-
Along with the Gods: The Two Worlds,2017,139,Action,Adventure,Kim Yong-hwa,81,1259,"$18,300,000","$125,983,972"
My Neighbor Totoro,1988,86,Fantasy,Animation,Hayao Miyazaki,81,9063,"$3,700,000","$41,000,000"
New Gods: Nezha Reborn,2021,117,Animation,Fantasy,Zhao Ji,81,530,-,"$70,000,000"
Flow,2024,85,Adventure,Animation,Gints Zilbalodis,81,3041,"$3,700,000","$17,660,107"
There Will Be Blood,2007,158,Drama,,Paul Thomas Anderson,81,7693,"$25,000,000","$77,208,711"
GOAT,2026,100,Animation,Comedy,Tyree Dillihay,81,1075,"$90,000,000","$193,566,330"
Green Snake,2021,132,Animation,Fantasy,Amp Wong,81,390,-,"$87,212,911"
Prayers for Bobby,2009,89,Drama,History,Russell Mulcahy,81,653,-,-
M,1931,110,Drama,Thriller,Fritz Lang,81,2535,-,"$35,274"
Memories of Murder,2003,131,Crime,Drama,Bong Joon Ho,81,4798,"$2,800,000","$26,000,000"
Elite Squad,2007,115,Drama,Action,José Padilha,81,2808,"$4,000,000","$14,759,148"
Memoir of a Snail,2024,94,Animation,Comedy,Adam Elliot,81,825,"$4,350,000",$7
Samsara,2011,102,Documentary,,Ron Fricke,81,704,"$4,000,000","$2,639,616"
A Special Day,1977,106,Drama,Romance,Ettore Scola,81,788,-,-
Dear Zachary: A Letter to a Son About His Father,2008,94,Documentary,Crime,Kurt Kuenne,81,602,-,-
The Young and the Damned,1950,82,Drama,Crime,Luis Buñuel,81,557,-,-
Black Clover: Sword of the Wizard King,2023,113,Animation,Fantasy,Ayataka Tanemura,81,414,-,-
The Shop Around the Corner,1940,99,Comedy,Drama,Ernst Lubitsch,81,865,"$500,000",-
Along with the Gods: The Last 49 Days,2018,141,Action,Adventure,Kim Yong-hwa,81,777,"$18,300,000","$112,790,210"
"Three Billboards Outside Ebbing, Missouri",2017,115,Crime,Drama,Martin McDonagh,81,11166,"$15,000,000","$162,729,321"
Pride & Prejudice,2005,128,Drama,Romance,Joe Wright,81,8943,"$28,000,000","$124,604,345"
The Elephant Man,1980,124,Drama,History,David Lynch,81,4047,"$5,000,000","$26,000,000"
Hidden Figures,2016,127,Drama,History,Theodore Melfi,80,10654,"$25,000,000","$235,957,472"
Scenes from a Marriage,1974,169,Drama,Romance,Ingmar Bergman,80,408,"$150,000",-
Children of Paradise,1945,190,Drama,Romance,Marcel Carné,80,466,-,"$1,457"
2001: A Space Odyssey,1968,149,Science Fiction,Mystery,Stanley Kubrick,80,12923,"$12,000,000","$71,923,560"
Purple Hearts,2022,122,Romance,Drama,Elizabeth Allen Rosenbaum,80,2935,-,-
A Dog's Journey,2019,109,Family,Adventure,Gail Mancuso,80,1652,"$16,000,000","$78,871,079"
The Voice of Hind Rajab,2025,89,Drama,History,Kaouther Ben Hania,81,357,-,"$5,058,441"
HOMECOMING: A film by Beyoncé,2019,137,Documentary,Music,Beyoncé,80,355,-,-
Sherlock Jr.,1924,45,Action,Comedy,Buster Keaton,80,1202,-,-
Me Against You: Mr. S's Vendetta,2020,64,Family,Fantasy,Gianluca Leuzzi,80,473,"$75,000","$9,500,000"
My Name Is Khan,2010,165,Drama,Romance,Karan Johar,80,1499,"$12,000,000","$42,345,360"
The Lives of Others,2006,137,Drama,Thriller,Florian Henckel von Donnersmarck,80,4253,"$2,000,000","$77,672,685"
Lion,2016,118,Drama,,Garth Davis,80,7058,"$12,000,000","$140,312,928"
The Best of Youth,2003,367,Drama,History,Marco Tullio Giordana,80,619,-,"$2,693,053"
A Taxi Driver,2017,138,Action,Drama,Jang Hoon,80,1219,"$12,820,005","$81,927,980"
How to Train Your Dragon: Homecoming,2019,22,Animation,Fantasy,Tim Johnson,80,1138,-,-
Rashomon,1950,88,Crime,Drama,Akira Kurosawa,80,2599,"$250,000","$117,668"
For a Few Dollars More,1965,132,Western,,Sergio Leone,80,4598,"$600,000","$15,000,000"
Paris Is Burning,1991,78,Documentary,History,Jennie Livingston,80,567,"$500,000","$3,906,006"
The Wolf of Wall Street,2013,180,Crime,Drama,Martin Scorsese,80,26494,"$100,000,000","$407,039,432"
La Dolce Vita,1960,174,Comedy,Drama,Federico Fellini,80,2069,-,"$19,647,000"
The Dawn Wall,2017,101,Documentary,Adventure,Josh Lowell,80,367,-,-
The Grand Budapest Hotel,2014,100,Comedy,Drama,Wes Anderson,80,16481,"$30,000,000","$174,600,318"
Late Spring,1949,108,Drama,,Yasujirō Ozu,80,492,-,-
Amadeus,1984,160,Drama,History,Miloš Forman,80,4911,"$18,000,000","$90,007,557"
No Other Land,2024,92,Documentary,,Hamdan Ballal,80,340,-,"$3,608,606"
Oppenheimer,2023,181,Drama,History,Christopher Nolan,80,12457,"$100,000,000","$952,000,000"
KONOSUBA – God's blessing on this wonderful world! Legend of Crimson,2019,90,Animation,Comedy,Takaomi Kanasaki,80,639,-,"$5,078,942"
Front of the Class,2008,95,Drama,,Peter Werner,80,331,-,-
Ultraman: Rising,2024,117,Animation,Science Fiction,Shannon Tindle,80,404,-,-
Believe Me: The Abduction of Lisa McVey,2018,87,Drama,TV Movie,Jim Donovan,80,708,-,-
Flipped,2010,89,Romance,Drama,Rob Reiner,80,3408,"$14,000,000","$4,324,817"
Ran,1985,160,Action,Drama,Akira Kurosawa,80,1903,"$12,000,000","$23,334,156"
The Sting,1973,129,Comedy,Crime,George Roy Hill,80,3093,"$5,500,000","$159,616,327"
Ugetsu,1953,96,Fantasy,Drama,Kenji Mizoguchi,80,658,-,-
On My Skin,2018,100,Drama,,Alessio Cremonini,80,1899,-,-
Rocco and His Brothers,1960,178,Drama,Romance,Luchino Visconti,80,677,-,-
Ayla: The Daughter of War,2017,124,Drama,War,Can Ulkay,80,404,"$4,200,000","$21,107,423"
The Second Mother,2015,112,Drama,,Anna Muylaert,80,795,-,-
Harry Potter and the Prisoner of Azkaban,2004,141,Adventure,Fantasy,Alfonso Cuarón,80,23616,"$130,000,000","$789,804,554"
"Rome, Open City",1945,104,Drama,War,Roberto Rossellini,80,996,"$20,000","$1,000,000"
Bo Burnham: Make Happy,2016,60,Comedy,Music,Bo Burnham,80,453,-,-
Nobody Knows,2004,141,Drama,,Hirokazu Kore-eda,80,673,-,-
3 Idiots,2009,171,Drama,Comedy,Rajkumar Hirani,80,2826,"$9,000,000","$70,000,000"
Requiem for a Dream,2000,102,Crime,Drama,Darren Aronofsky,80,11282,"$4,500,000","$7,390,108"
Ford v Ferrari,2019,153,Drama,History,James Mangold,80,9278,"$97,600,000","$225,508,210"
The Wages of Fear,1953,154,Drama,Thriller,Henri-Georges Clouzot,80,1127,-,-
Hachi: A Dog's Tale,2009,93,Drama,Family,Lasse Hallström,80,7316,"$16,000,000","$46,800,000"
Dial M for Murder,1954,105,Thriller,Crime,Alfred Hitchcock,80,2943,"$1,400,000","$3,000,000"
The Odyssey,2026,173,Adventure,Action,Christopher Nolan,80,3652,"$250,000,000","$1,631,536,965"
KPop Demon Hunters,2025,96,Fantasy,Music,Maggie Kang,80,3196,"$100,000,000","$24,619,953"
"Veinteañera, divorciada y fantástica",2020,93,Comedy,,Noé Santillán-López,80,393,-,-
"Toto, Peppino, and the Hussy",1956,101,Comedy,Romance,Camillo Mastrocinque,80,380,-,-
El mesero,2021,86,Comedy,,Raúl Martínez,80,358,-,-
Lawrence of Arabia,1962,228,Adventure,History,David Lean,80,3572,"$15,000,000","$70,000,000"
Casino,1995,179,Crime,Drama,Martin Scorsese,80,6721,"$50,000,000","$116,112,375"
Barry Lyndon,1975,188,Drama,History,Stanley Kubrick,80,3280,"$11,000,000","$31,500,000"
Guillermo del Toro's Pinocchio,2022,117,Animation,Fantasy,Guillermo del Toro,80,3453,"$35,000,000",-
American Beauty,1999,122,Drama,,Sam Mendes,80,13332,"$15,000,000","$356,296,601"
The 400 Blows,1959,99,Drama,,François Truffaut,80,2381,-,-
The Hidden Fortress,1958,139,Drama,Action,Akira Kurosawa,80,734,-,"$57,673"
Judgment at Nuremberg,1961,191,Drama,History,Stanley Kramer,80,984,"$3,000,000","$10,000,000"
Gifted,2017,101,Drama,Comedy,Marc Webb,80,6061,"$7,000,000","$40,300,000"
Avicii: True Stories,2017,97,Music,Documentary,Levan Tsikurishvili,80,361,-,-
Like Stars on Earth,2007,162,Drama,,Aamir Khan,80,1404,"$2,600,000","$28,430,000"
Gran Torino,2008,116,Drama,,Clint Eastwood,80,11806,"$33,000,000","$270,000,000"
Toy Story,1995,81,Family,Comedy,John Lasseter,80,20500,"$30,000,000","$962,301,978"
Room,2015,118,Drama,Thriller,Lenny Abrahamson,80,9832,"$13,000,000","$35,401,758"
Tae Guk Gi: The Brotherhood of War,2004,148,Action,Adventure,Kang Je-gyu,80,794,"$1,500,000",-
We Are the Nobles,2013,108,Comedy,,Gary Alazraki,80,553,"$2,000,000","$26,433,651"
1917,2019,119,War,Drama,Sam Mendes,80,13877,"$100,000,000","$446,064,352"
Won't You Be My Neighbor?,2018,95,Documentary,,Morgan Neville,80,615,-,"$22,835,787"
Transformers One,2024,104,Animation,Science Fiction,Josh Cooley,80,1761,"$75,000,000","$129,408,392"
Loving Vincent,2017,95,Animation,Drama,DK Welchman,80,2647,"$5,500,000","$42,187,665"
The Red Shoes,1948,133,Drama,Romance,Emeric Pressburger,80,769,"$500,000","$10,000,000"
Song of the Sea,2014,94,Family,Animation,Tomm Moore,80,1620,-,"$857,522"
The Imitation Game,2014,113,History,Drama,Morten Tyldum,80,18398,"$14,000,000","$233,555,708"
To Kill a Mockingbird,1962,129,Drama,,Robert Mulligan,80,2945,"$2,000,000","$13,129,846"
Chungking Express,1994,103,Drama,Comedy,Wong Kar-Wai,80,2273,"$160,000","$1,000,000"
Catch Me If You Can,2002,141,Drama,Crime,Steven Spielberg,80,17533,"$52,000,000","$352,114,312"
Paperman,2012,7,Animation,Family,John Kahrs,80,1834,-,-
Jurassic Park,1993,127,Adventure,Science Fiction,Steven Spielberg,80,18327,"$63,000,000","$1,058,454,230"
Paper Lives,2021,96,Drama,,Can Ulkay,80,422,-,-
Jojo Rabbit,2019,108,Comedy,War,Taika Waititi,80,10672,"$14,000,000","$82,468,705"
Weathering with You,2019,112,Animation,Drama,Makoto Shinkai,80,2706,"$11,100,000","$192,729,404"
Bingo: The King of the Mornings,2017,113,Comedy,Drama,Daniel Rezende,80,419,-,-
The Secret in Their Eyes,2009,130,Mystery,Thriller,Juan José Campanella,80,2948,"$2,000,000","$33,965,843"
Castle in the Sky,1986,125,Adventure,Fantasy,Hayao Miyazaki,80,4795,"$3,000,000","$5,228,752"
Kill Bill: Vol. 1,2003,111,Action,Crime,Quentin Tarantino,80,19392,"$30,000,000","$180,906,076"
Before Sunrise,1995,101,Drama,Romance,Richard Linklater,80,4855,"$2,500,000","$5,987,386"
Society of the Snow,2023,143,Drama,History,J. A. Bayona,80,3619,"$65,500,000","$1,281"
Citizen Kane,1941,119,Mystery,Drama,Orson Welles,80,6220,"$839,727","$23,218,000"
Cruella,2021,134,Comedy,Crime,Craig Gillespie,80,10293,"$200,000,000","$233,503,234"
The Gold Rush,1925,95,Adventure,Comedy,Charlie Chaplin,80,1892,"$923,000","$4,000,000"
Aliens,1986,137,Action,Thriller,James Cameron,80,11168,"$18,500,000","$183,316,455"
Close-Up,1990,98,Crime,Drama,Abbas Kiarostami,80,459,-,-
Nights of Cabiria,1957,110,Drama,Comedy,Federico Fellini,80,877,-,"$752,045"
Bo Burnham: Inside,2021,88,Comedy,,Bo Burnham,80,640,-,-
The Deer Hunter,1978,183,Drama,War,Michael Cimino,80,4379,"$15,000,000","$49,000,000"
Three Men and a Leg,1997,98,Comedy,,Aldo Baglio,80,2174,-,-
Autumn Sonata,1978,93,Drama,Music,Ingmar Bergman,80,727,-,-
"Love, Simon",2018,110,Comedy,Drama,Greg Berlanti,80,6332,"$17,000,000","$66,316,289"
The Iron Giant,1999,86,Animation,Drama,Brad Bird,80,6358,"$50,000,000","$23,300,000"
North by Northwest,1959,137,Thriller,Adventure,Alfred Hitchcock,80,4631,"$4,000,000","$13,275,000"
Black Beauty,2020,110,Drama,,Ashley Avis,80,362,-,-
Up,2009,96,Animation,Comedy,Pete Docter,80,22107,"$175,000,000","$735,103,954"
Trainspotting,1996,94,Drama,Crime,Danny Boyle,80,10649,"$4,000,000","$71,981,823"
In a Heartbeat,2017,4,Animation,Comedy,Esteban Bravo,80,1035,-,-
Dragon Ball Super: Broly,2018,101,Action,Science Fiction,Tatsuya Nagamine,80,3261,"$1,000,000","$125,002,821"
Poverty and Nobility,1954,90,Comedy,,Mario Mattoli,80,301,-,-
The Passion of Joan of Arc,1928,81,Drama,History,Carl Theodor Dreyer,80,1124,-,"$18,121"
The Treasure of the Sierra Madre,1948,126,Adventure,Drama,John Huston,80,1385,"$3,800,000","$4,307,000"
The Sixth Sense,1999,107,Mystery,Thriller,M. Night Shyamalan,80,13278,"$40,000,000","$672,800,000"
El Infierno,2010,148,Action,Crime,Luis Estrada,80,812,-,"$6,703,873"
Million Dollar Baby,2004,132,Drama,,Clint Eastwood,80,10572,"$30,000,000","$216,763,646"
Bohemian Rhapsody,2018,135,Music,Drama,Bryan Singer,80,18033,"$52,000,000","$910,813,521"
Sound of Freedom,2023,131,Action,Drama,Alejandro Monteverde,80,2832,"$14,500,000","$250,600,000"
The Cove,2009,92,Documentary,,Louie Psihoyos,79,696,-,"$1,162,422"
No Country for Old Men,2007,122,Crime,Thriller,Joel Coen,80,13750,"$25,000,000","$171,627,166"
Something the Lord Made,2004,110,TV Movie,Drama,Joseph Sargent,80,324,-,-
A Man Escaped,1956,101,Drama,Thriller,Robert Bresson,79,633,-,-
Under the Same Moon,2007,106,Drama,,Patricia Riggen,79,366,-,"$23,311,391"
Spider-Man: No Way Home,2021,148,Action,Adventure,Jon Watts,79,23090,"$200,000,000","$1,921,426,073"
Flamin' Hot,2023,99,Drama,History,Eva Longoria,79,862,-,-
Pink Floyd: The Wall,1982,95,Music,Drama,Alan Parker,79,1696,"$12,000,000","$22,244,207"
Whisper of the Heart,1995,111,Animation,Drama,Yoshifumi Kondo,79,2349,-,-
Yi Yi,2000,174,Drama,,Edward Yang,79,701,-,"$1,528,767"
Braveheart,1995,178,Action,Drama,Mel Gibson,79,11416,"$72,000,000","$213,216,216"
Heat,1995,170,Crime,Drama,Michael Mann,79,8665,"$60,000,000","$187,400,000"
Robot Dreams,2023,102,Animation,Drama,Pablo Berger,79,842,"$5,300,000","$4,656,348"
Mirror,1975,107,Drama,History,Andrei Tarkovsky,79,1120,"$825,000","$124,367"
Regular Show: The Movie,2015,69,Animation,Comedy,J.G. Quintel,79,449,"$3,000,000",-
Andrei Rublev,1966,183,Drama,History,Andrei Tarkovsky,79,974,"$1,300,000","$24,173"
Scooby-Doo! and KISS: Rock and Roll Mystery,2015,79,Family,Animation,Spike Brandt,79,358,-,-
Akira,1988,124,Animation,Science Fiction,Katsuhiro Otomo,79,4974,"$5,700,000","$56,725,538"
Warriors of the Wind,1984,95,Adventure,Animation,Hayao Miyazaki,79,4194,"$1,000,000","$9,016,411"
Ordet,1955,125,Drama,,Carl Theodor Dreyer,79,426,-,-
The Sheep Detectives,2026,109,Comedy,Family,Kyle Balda,79,1635,"$75,000,000","$131,550,648"
Kitbull,2019,9,Animation,Family,Rosana Sullivan,79,417,-,-
"ariana grande: excuse me, i love you",2020,97,Music,Documentary,Paul Dugdale,79,382,-,-
Coraline,2009,100,Animation,Family,Henry Selick,79,9411,"$60,000,000","$185,860,104"
Blade Runner,1982,118,Science Fiction,Drama,Ridley Scott,79,15388,"$28,000,000","$41,722,424"
Dersu Uzala,1975,141,Adventure,Drama,Akira Kurosawa,79,651,"$4,000,000",-
How to Train Your Dragon,2025,125,Fantasy,Family,Dean DeBlois,79,3107,"$150,000,000","$636,351,148"
Monster,2023,125,Mystery,Thriller,Hirokazu Kore-eda,79,955,-,-
"Red, White & Royal Blue",2023,118,Comedy,Romance,Matthew López,79,1625,"$20,000,000",-
Farewell My Concubine,1993,171,Drama,,Chen Kaige,79,708,"$4,000,000","$6,400,000"
Guardians of the Galaxy Vol. 3,2023,150,Science Fiction,Adventure,James Gunn,79,8796,"$250,000,000","$845,550,000"
The Cabinet of Dr. Caligari,1920,77,Drama,Horror,Robert Wiene,79,1819,"$18,000","$8,811"
Beyond the Universe,2022,126,Romance,Drama,Diego Freitas,79,348,-,-
Me Before You,2016,110,Drama,Romance,Thea Sharrock,79,13560,"$20,000,000","$207,945,075"
Rope,1948,81,Thriller,Crime,Alfred Hitchcock,79,3081,"$1,500,000","$2,200,000"
Mayday,2026,111,Action,Comedy,John Francis Daley,79,510,"$25,000,000",-
Love Exposure,2008,237,Comedy,Drama,Sion Sono,79,535,-,-
Tokyo Godfathers,2003,92,Animation,Drama,Satoshi Kon,79,1561,"$2,400,000","$607,735"
Sanjuro,1962,96,Drama,Action,Akira Kurosawa,79,746,-,-
Ghost in the Shell,1995,83,Action,Animation,Mamoru Oshii,79,4039,"$3,000,000","$10,000,000"
Freedom Writers,2007,123,Crime,Drama,Richard LaGravenese,79,2485,"$21,000,000","$43,095,175"
Raiders of the Lost Ark,1981,115,Adventure,Action,Steven Spielberg,79,13973,"$18,000,000","$389,925,971"
12 Years a Slave,2013,134,Drama,History,Steve McQueen,79,12205,"$20,000,000","$187,000,000"
La Notte,1961,122,Drama,Romance,Michelangelo Antonioni,79,754,-,-
The Great Escape,1963,173,Adventure,Drama,John Sturges,79,2939,"$4,000,000","$11,700,000"
The Cure,1995,97,Drama,Family,Peter Horton,79,366,-,"$2,568,235"
Don't Look Now... We're Being Shot At!,1966,132,Comedy,War,Gérard Oury,79,1490,-,-
"Batman: The Dark Knight Returns, Part 2",2013,78,Science Fiction,Action,Jay Oliva,79,1631,"$3,500,000",-
The Cranes Are Flying,1957,97,Drama,Romance,Mikhail Kalatozov,79,470,-,-
The Circus,1928,72,Comedy,Drama,Charlie Chaplin,79,917,"$9,000,000",-
Throne of Blood,1957,108,Drama,History,Akira Kurosawa,79,1016,-,"$13,422"
In This Corner of the World,2016,130,Animation,Drama,Sunao Katabuchi,79,650,-,"$19,496,308"
Amélie,2001,122,Comedy,Romance,Jean-Pierre Jeunet,79,12644,"$10,000,000","$173,921,954"
"No manches, Frida 2: paraíso destruido",2019,102,Comedy,,Nacho G. Velilla,79,967,"$5,000,000","$26,500,000"
Where Is The Friend's House?,1987,83,Drama,Adventure,Abbas Kiarostami,79,451,-,-
Hearts of Darkness: A Filmmaker's Apocalypse,1991,96,Documentary,,Fax Bahr,79,435,-,"$1,394,661"
When Marnie Was There,2014,103,Animation,Drama,Hiromasa Yonebayashi,79,2018,-,"$34,949,567"
The Witch: Part 1. The Subversion,2018,126,Action,Drama,Park Hoon-jung,79,796,"$5,500,000","$24,340,302"
My Way,2011,137,Drama,Action,Kang Je-kyu,79,463,"$25,500,000","$16,653,488"
The Exterminating Angel,1962,93,Comedy,Drama,Luis Buñuel,79,764,-,-
The General,1926,79,Comedy,War,Buster Keaton,79,1453,"$750,000","$1,000,000"
The Way He Looks,2014,96,Drama,Romance,Daniel Ribeiro,79,1005,-,"$1,207,841"
Raise the Red Lantern,1991,125,Drama,,Zhang Yimou,79,818,"$1,000,000","$16,600,000"
Tel chi el telùn,1999,120,Comedy,,Arturo Brachetti,79,344,-,-
Unforgiven,1992,130,Western,,Clint Eastwood,79,5097,"$14,400,000","$159,157,447"
The Postman,1994,114,Comedy,Drama,Michael Radford,79,1248,"$3,000,000","$33,000,000"
Return of the Jedi,1983,132,Adventure,Action,Richard Marquand,79,17286,"$32,350,000","$572,700,000"
Miraculous World: Shanghai - The Legend of Ladydragon,2021,54,Animation,Family,Thomas Astruc,79,701,-,-
La Strada,1954,115,Drama,,Federico Fellini,79,1197,-,-
The Boy and the Beast,2015,119,Action,Adventure,Mamoru Hosoda,79,1638,-,"$49,714,378"
Castaway on the Moon,2009,119,Drama,Comedy,Lee Hae-jun,79,748,-,-
Guardians of the Galaxy,2014,121,Action,Science Fiction,James Gunn,79,30283,"$170,000,000","$772,776,600"
Inside Out,2015,95,Animation,Family,Pete Docter,79,23873,"$175,000,000","$857,611,174"
Dallas Buyers Club,2013,117,Drama,History,Jean-Marc Vallée,79,9265,"$5,000,000","$55,736,588"
A Separation,2011,123,Drama,,Asghar Farhadi,79,2014,"$5,000,000","$24,426,169"
Chinatown,1974,130,Crime,Mystery,Roman Polanski,79,4393,"$6,000,000","$30,000,000"
Gone with the Wind,1939,238,Drama,War,Victor Fleming,79,4472,"$4,000,000","$402,352,579"
Hannah Gadsby: Nanette,2018,69,Comedy,,Madeleine Parry,79,307,-,-
It's Such a Beautiful Day,2012,62,Animation,Comedy,Don Hertzfeldt,79,379,-,-
About Time,2013,123,Drama,Romance,Richard Curtis,79,9492,"$12,000,000","$87,100,449"
I'm Still Here,2024,138,Drama,History,Walter Salles,79,1152,"$8,000,000","$36,361,572"
Harry Potter and the Philosopher's Stone,2001,152,Adventure,Fantasy,Chris Columbus,79,30198,"$125,000,000","$1,029,374,615"
Mulan,1998,88,Animation,Family,Barry Cook,79,10663,"$90,000,000","$304,320,254"
A Bronx Tale,1993,121,Drama,Crime,Robert De Niro,79,2994,"$22,000,000","$17,287,898"
Faust,1926,116,Fantasy,Drama,F. W. Murnau,79,409,-,-
The Battle of Algiers,1966,122,Drama,War,Gillo Pontecorvo,79,925,"$800,000","$964,028"
The Miracle Worker,1962,106,Drama,History,Arthur Penn,79,354,"$500,000","$2,500,000"
Titanic,1997,194,Drama,Romance,James Cameron,79,27715,"$200,000,000","$2,264,162,353"
Free Solo,2018,100,Documentary,Adventure,Jimmy Chin,79,1570,-,"$21,790,193"
La Maison en Petits Cubes,2008,12,Animation,Drama,Kunio Kato,79,474,-,-
Ne Zha,2019,110,Animation,Fantasy,Jiao Zi,79,954,"$22,000,000","$742,718,496"
The Count of Monte Cristo,2024,178,Adventure,Action,Matthieu Delaporte,79,2133,"$46,000,000","$75,360,860"
V for Vendetta,2006,132,Action,Thriller,James McTeigue,79,15915,"$54,000,000","$134,686,457"
All Your Faces,2023,115,Drama,,Jeanne Herry,79,714,-,-
Miracle in Cell No. 7,2013,128,Drama,Comedy,Lee Hwan-kyung,79,507,-,"$80,300,000"
What Ever Happened to Baby Jane?,1962,135,Drama,Horror,Robert Aldrich,79,1188,"$980,000",-
Raging Bull,1980,129,Drama,History,Martin Scorsese,79,4881,"$18,000,000","$23,380,203"
My Father's Violin,2022,112,Drama,Music,Andaç Haznedaroğlu,79,342,-,-
Simone: Woman of the Century,2022,140,Drama,History,Olivier Dahan,79,385,-,-
La La Land,2016,129,Comedy,Drama,Damien Chazelle,79,18462,"$30,000,000","$509,183,536"
Dragon Ball Super: Super Hero,2022,100,Animation,Science Fiction,Tetsuro Kodama,79,3080,-,"$86,600,000"
Roman Holiday,1953,119,Romance,Comedy,William Wyler,79,2327,"$1,500,000","$12,000,000"
Ben-Hur,1959,212,History,Drama,William Wyler,79,3257,"$15,000,000","$164,000,000"
My Octopus Teacher,2020,85,Documentary,,Pippa Ehrlich,79,1082,-,-
Ivan Vasilyevich Changes His Profession,1973,88,Comedy,Science Fiction,Leonid Gaidai,79,419,-,-
Army of Shadows,1969,145,War,Drama,Jean-Pierre Melville,79,773,-,"$906,133"
Gone Girl,2014,149,Mystery,Thriller,David Fincher,79,20384,"$61,000,000","$370,890,259"
The Legend of La Llorona,2011,75,Animation,Family,Alberto Rodríguez,79,320,-,"$3,900,000"
Limelight,1952,137,Romance,Drama,Charlie Chaplin,79,614,"$900,000","$1,000,000"
The Notebook,2004,123,Romance,Drama,Nick Cassavetes,79,12853,"$29,000,000","$115,600,000"
The Greatest Night in Pop,2024,96,Documentary,Music,Bao Nguyen,79,313,-,-
Suzume,2022,122,Animation,Drama,Makoto Shinkai,79,1839,"$13,000,000","$314,992,206"
Captain Fantastic,2016,119,Drama,Comedy,Matt Ross,79,6954,"$5,000,000","$23,123,592"
In the Name of the Father,1993,133,Drama,,Jim Sheridan,79,2042,"$13,000,000","$65,796,862"
Three Colors: Red,1994,100,Drama,Mystery,Krzysztof Kieślowski,79,1594,-,"$4,127,033"
My Hero Academia: Two Heroes,2018,96,Animation,Action,Kenji Nagasaki,79,1141,"$12,000,000","$27,507,549"
The Boy Who Harnessed the Wind,2019,113,Drama,History,Chiwetel Ejiofor,79,1921,-,-
The Third Man,1949,105,Thriller,Mystery,Carol Reed,79,2170,-,"$1,226,098"
Your Name Engraved Herein,2020,115,Romance,Drama,Liu Kuang-Hui,79,316,-,-
Temple Grandin,2010,108,Drama,History,Mick Jackson,79,583,-,-
Lee Cronin's The Mummy,2026,133,Horror,Mystery,Lee Cronin,79,2643,"$22,000,000","$90,552,113"
A Street Cat Named Bob,2016,103,Family,Drama,Roger Spottiswoode,79,1586,"$8,000,000","$17,900,000"
Children of Heaven,1997,88,Drama,Family,Majid Majidi,79,747,"$180,000","$925,402"
The Pursuit of Happyness,2006,117,Drama,,Gabriele Muccino,79,10844,"$55,000,000","$307,077,295"
Justice League: The Flashpoint Paradox,2013,81,Animation,Action,Jay Oliva,79,2016,"$3,500,000",-
Divorce Italian Style,1961,104,Comedy,Crime,Pietro Germi,79,547,-,-
Diabolique,1955,118,Thriller,Mystery,Henri-Georges Clouzot,79,1130,-,-
Rebecca,1940,130,Mystery,Romance,Alfred Hitchcock,79,2027,-,-
Forgotten,2017,108,Thriller,Mystery,Chang Hang-jun,79,1392,-,"$9,968,972"
Let Go,2024,110,Drama,,Josephine Bornebusch,79,375,-,-
Mary and Max,2009,92,Animation,Comedy,Adam Elliot,79,2323,"$8,240,000","$1,740,429"
Persepolis,2007,95,Animation,Drama,Marjane Satrapi,79,2242,"$7,300,000","$22,783,990"
CODA,2021,112,Drama,Music,Sian Heder,79,2700,"$10,000,000","$1,905,058"
Searching for Sugar Man,2012,85,Music,Documentary,Malik Bendjelloul,79,1064,"$1,000,000","$3,696,196"
Koyaanisqatsi,1983,86,Documentary,Music,Godfrey Reggio,79,795,"$600,000","$3,200,000"
Winter Light,1963,80,Drama,,Ingmar Bergman,79,521,-,-
Estômago: A Gastronomic Story,2008,113,Drama,Comedy,Marcos Jorge,79,309,"$536,279",-
Umberto D.,1952,91,Drama,,Vittorio De Sica,79,761,-,"$71,461"
Where Hands Touch,2018,122,War,Drama,Amma Asante,79,543,-,"$128,269"
A Trip to the Moon,1902,15,Adventure,Science Fiction,Georges Méliès,79,2064,"$5,985",-
An Autumn Afternoon,1962,113,Drama,,Yasujirō Ozu,79,333,-,-
Mamma Roma,1962,110,Drama,,Pier Paolo Pasolini,79,443,-,-
The Internet's Own Boy: The Story of Aaron Swartz,2014,105,Documentary,Crime,Brian Knappenberger,79,475,-,"$48,911"
Teen Titans: Trouble in Tokyo,2006,75,Animation,Action,Heather A. Maxwell,79,477,-,-
"The Gangster, the Cop, the Devil",2019,110,Action,Crime,Lee Won-tae,79,1568,"$6,500,000","$25,775,371"
"Remi, Nobody's Boy",2018,109,Adventure,Family,Antoine Blossier,79,475,-,"$7,434,840"
Amarcord,1973,123,Comedy,Drama,Federico Fellini,79,1240,-,-
Kill Bill: Vol. 2,2004,136,Action,Crime,Quentin Tarantino,79,15428,"$30,000,000","$152,159,461"
Death Note Relight 1: Visions of a God,2007,131,TV Movie,Crime,Tetsuro Araki,79,403,-,-
Dangal,2016,161,Drama,Family,Nitesh Tiwari,79,1217,"$10,400,000","$311,000,000"
Werckmeister Harmonies,2001,139,Drama,,Béla Tarr,79,394,-,"$64,974"
A Whisker Away,2020,104,Animation,Drama,Junichi Sato,79,1509,-,-
Wild Tales,2014,122,Drama,Thriller,Damián Szifron,79,3863,"$4,000,000","$31,478,893"
Honeyland,2019,89,Documentary,,Tamara Kotevska,79,310,-,"$1,133,735"
A Movie of Eggs,2006,90,Animation,Comedy,Rodolfo Riva Palacio Alatriste,79,332,"$800,000","$7,144,638"
How to Train Your Dragon,2010,98,Fantasy,Adventure,Chris Sanders,79,14711,"$165,000,000","$495,141,736"
Winter on Fire: Ukraine's Fight for Freedom,2015,98,Documentary,,Evgeny Afineevsky,79,327,-,-
Paper Moon,1973,102,Comedy,Crime,Peter Bogdanovich,79,866,"$2,500,000","$30,900,000"
Redeeming Love,2022,134,Romance,Drama,D.J. Caruso,79,775,"$30,000,000","$9,464,198"
Nobody,2021,91,Action,Thriller,Ilya Naishuller,79,8686,"$16,000,000","$57,512,470"
An Egg Rescue,2021,89,Animation,Comedy,Rodolfo Riva Palacio Alatriste,79,422,"$6,400,000","$4,093,345"
Downfall,2004,155,Drama,History,Oliver Hirschbiegel,79,4445,"$16,000,000","$92,181,574"
Cries and Whispers,1972,95,Drama,,Ingmar Bergman,79,802,"$400,000",-
La Jetée,1962,29,Drama,Romance,Chris Marker,79,1039,-,-
Spider-Man: Brand New Day,2026,145,Science Fiction,Action,Destin Daniel Cretton,78,2641,"$225,000,000","$2,413,442,530"
Grand Illusion,1937,114,Drama,History,Jean Renoir,79,796,-,"$172,885"
I'm No Longer Here,2019,112,Drama,,Luis Fernando Frías de la Parra,79,535,"$849,080",-
Apollo 11,2019,93,Documentary,History,Todd Douglas Miller,79,728,-,-
Bad Genius,2017,130,Drama,Crime,Nattawut Poonpiriya,79,869,"$1,839,169","$42,350,000"
The Night of the Hunter,1955,93,Crime,Drama,Charles Laughton,79,1897,"$795,000",-
Made in Abyss: Dawn of the Deep Soul,2020,105,Animation,Adventure,Masayuki Kojima,79,319,-,"$4,971,635"
Nimona,2023,99,Animation,Family,Troy Quane,79,1493,-,-
Sing Street,2016,105,Romance,Drama,John Carney,79,2509,"$4,000,000","$13,624,522"
Millennium Actress,2002,87,Animation,Drama,Satoshi Kon,79,1087,-,"$37,641"
Young Frankenstein,1974,106,Comedy,,Mel Brooks,79,3478,"$2,800,000","$86,273,333"
"Monsters, Inc.",2001,92,Animation,Comedy,Pete Docter,79,20227,"$115,000,000","$579,700,000"
Indiana Jones and the Last Crusade,1989,127,Adventure,Action,Steven Spielberg,79,11337,"$48,000,000","$474,171,806"
Wish Dragon,2021,99,Animation,Family,Chris Appelhans,79,1559,-,"$25,860,000"
Dog Day Afternoon,1975,125,Crime,Drama,Sidney Lumet,79,3500,"$1,800,000","$56,665,856"
Perfect Strangers,2016,97,Drama,,Paolo Genovese,79,4680,-,"$32,207,491"
The Greatest Showman,2017,105,Drama,,Michael Gracey,79,10227,"$84,000,000","$459,066,134"
Departures,2008,130,Drama,,Yojiro Takita,79,959,-,"$69,932,387"
The Virgin Spring,1960,90,Drama,History,Ingmar Bergman,78,688,-,"$700,000"
Blackfish,2013,83,Documentary,,Gabriela Cowperthwaite,79,1214,-,"$2,063,312"
A Beautiful Mind,2001,135,Drama,Romance,Ron Howard,79,11371,"$58,000,000","$316,791,257"
Elite Squad: The Enemy Within,2010,115,Drama,Action,José Padilha,79,2107,-,"$63,027,681"
One Week,1920,25,Comedy,,Edward F. Cline,78,340,-,-
On the Waterfront,1954,108,Crime,Drama,Elia Kazan,79,1840,"$910,000","$9,600,631"
Young Woman and the Sea,2024,129,History,Drama,Joachim Rønning,78,460,"$40,000,000","$581,725"
Ron's Gone Wrong,2021,107,Animation,Science Fiction,Sarah Smith,78,2071,"$57,000,000","$60,692,022"
Fargo,1996,98,Crime,Drama,Joel Coen,78,9361,"$7,000,000","$60,611,975"
Isle of Dogs,2018,101,Adventure,Comedy,Wes Anderson,78,5549,"$35,000,000","$72,991,435"
The Wizards Return: Alex vs. Alex,2013,60,Family,Comedy,Victor Gonzalez,78,1092,-,-
Ratatouille,2007,111,Animation,Comedy,Brad Bird,78,18921,"$150,000,000","$623,726,000"
War Room,2015,120,Drama,,Alex Kendrick,78,598,"$3,000,000","$73,267,874"
Ace in the Hole,1951,112,Drama,,Billy Wilder,78,776,"$1,821,052","$1,300,000"
Sword Art Online the Movie - Progressive - Aria of a Starless Night,2021,97,Animation,Action,Ayako Kono,78,343,-,"$14,037,060"
Just Mercy,2019,137,Drama,Crime,Destin Daniel Cretton,78,2546,"$25,000,000","$50,401,502"
Knives Out,2019,131,Comedy,Crime,Rian Johnson,78,14470,"$40,000,000","$312,897,920"
Man with a Movie Camera,1929,68,Documentary,,Dziga Vertov,78,824,-,-
Aparajito,1956,110,Drama,,Satyajit Ray,78,300,-,"$170,215"
Tod@s Caen,2019,120,Comedy,,Ariel Winograd,78,485,-,-
Little Women,2019,135,Drama,Romance,Greta Gerwig,78,6997,"$40,000,000","$332,103,783"
Warrior,2011,140,Drama,Action,Gavin O'Connor,78,5134,"$25,000,000","$23,300,000"
Dances with Wolves,1990,181,Adventure,Drama,Kevin Costner,78,4820,"$22,000,000","$424,208,848"
The Breadwinner,2017,94,Animation,War,Nora Twomey,78,952,-,"$2,790,214"
Vincent,1982,6,Animation,Fantasy,Tim Burton,78,944,"$60,000",-
Kiki's Delivery Service,1989,103,Animation,Family,Hayao Miyazaki,78,4721,"$6,900,000","$4,493,017"
The Wrong Trousers,1993,30,Animation,Comedy,Nick Park,78,1198,"$832,000",-
Dancer in the Dark,2000,140,Drama,Crime,Lars von Trier,78,2064,"$12,500,000","$40,061,153"
Her,2013,126,Romance,Science Fiction,Spike Jonze,78,15617,"$23,000,000","$47,351,251"
The Marquis of Grillo,1981,139,Comedy,,Mario Monicelli,78,502,-,"$7,283,223"
The Nightmare Before Christmas,1993,76,Fantasy,Animation,Henry Selick,78,10563,"$18,000,000","$75,634,409"
Late Shift,2025,92,Drama,,Petra Biondina Volpe,78,321,"$4,600,000","$3,995,267"
Predator: Badlands,2025,107,Action,Science Fiction,Dan Trachtenberg,78,3635,"$105,000,000","$184,500,000"
The Big Lebowski,1998,117,Comedy,Crime,Joel Coen,78,12472,"$15,000,000","$47,010,480"
Pirates of the Caribbean: The Curse of the Black Pearl,2003,143,Adventure,Fantasy,Gore Verbinski,78,22749,"$140,000,000","$655,011,224"
Sherlock: The Abominable Bride,2016,90,Crime,Drama,Douglas Mackinnon,78,2371,-,-
The Plague Dogs,1982,103,Adventure,Animation,Martin Rosen,78,307,"$6,000,000","$423,281"
Joint Security Area,2000,108,Drama,Thriller,Park Chan-wook,78,875,"$12,500,000","$20,300,000"
Fail Safe,1964,112,Thriller,Drama,Sidney Lumet,78,495,-,-
Stand by Me,1986,89,Drama,Adventure,Rob Reiner,78,6734,"$8,000,000","$52,289,686"
The Mitchells vs. the Machines,2021,110,Animation,Adventure,Mike Rianda,78,3487,"$75,000,000",-
Sing 2,2021,110,Animation,Comedy,Garth Jennings,78,4899,"$85,000,000","$408,402,685"
Dogman,2023,115,Action,Drama,Luc Besson,78,1447,-,"$4,082,217"
Charm City Kings,2020,125,Drama,,Ángel Manuel Soto,78,506,-,-
13th,2016,100,Documentary,,Ava DuVernay,78,813,-,-
Shoplifters,2018,120,Drama,Crime,Hirokazu Kore-eda,78,2367,-,-
The Man Who Shot Liberty Valance,1962,123,Western,,John Ford,78,1333,"$3,200,000","$8,000,000"
Snatch,2000,103,Crime,Comedy,Guy Ritchie,78,10258,"$100,000,000","$83,557,872"
Anatomy of a Murder,1959,161,Crime,Drama,Otto Preminger,78,1211,"$2,000,000","$8,000,000"
We Bare Bears: The Movie,2020,69,Animation,Adventure,Daniel Chong,78,867,-,-
No Game No Life: Zero,2017,106,Adventure,Animation,Atsuko Ishizuka,78,456,-,"$6,356,284"
Inner Workings,2016,7,Animation,Family,Leo Matsuda,78,311,-,-
Papillon,1973,151,Crime,Drama,Franklin J. Schaffner,78,2182,"$12,000,000","$53,267,000"
Mortal Kombat II,2026,116,Action,Fantasy,Simon McQuoid,78,2561,"$80,000,000","$129,470,110"
Carlito's Way,1993,144,Crime,Drama,Brian De Palma,78,3578,"$30,000,000","$63,848,322"
Lisbela and the Prisoner,2003,106,Comedy,Romance,Guel Arraes,78,409,-,-
Ivan's Childhood,1962,95,Drama,War,Andrei Tarkovsky,78,857,-,-
Argentina 1985,2022,141,Drama,History,Santiago Mitre,78,770,"$20,000,000","$58,424,000"
The Theory of Everything,2014,123,Drama,Romance,James Marsh,78,11259,"$15,000,000","$123,726,688"
Fantastic Mr. Fox,2009,87,Adventure,Animation,Wes Anderson,78,6310,"$40,000,000","$46,471,023"
Perfect Days,2023,124,Drama,,Wim Wenders,78,2050,"$14,000,000","$24,094,016"
Jodorowsky's Dune,2013,87,Documentary,,Frank Pavich,78,772,-,"$662,736"
A Fistful of Dollars,1964,99,Western,,Sergio Leone,78,4854,"$200,000","$14,500,000"
Feast,2014,6,Animation,Comedy,Patrick Osborne,78,921,-,-
F1,2025,156,Action,Drama,Joseph Kosinski,78,4636,"$300,000,000","$634,142,436"
See You Up There,2017,113,Drama,Crime,Albert Dupontel,78,1382,"$23,000,000","$15,100,000"
The Look of Silence,2014,100,History,Documentary,Joshua Oppenheimer,78,324,-,"$332,710"
3-Iron,2004,88,Drama,Romance,Kim Ki-duk,78,1298,-,"$3,403,957"
Finding Nemo,2003,100,Animation,Family,Andrew Stanton,78,20960,"$94,000,000","$940,335,536"
Logan,2017,137,Action,Drama,James Mangold,78,20819,"$97,000,000","$619,021,436"
The Bridge on the River Kwai,1957,162,Drama,History,David Lean,78,2444,"$2,800,000","$44,908,000"
Thirteen Lives,2022,147,Drama,Thriller,Ron Howard,78,1576,"$55,000,000",-
Friends: The Reunion,2021,104,Documentary,Comedy,Ben Winston,78,1377,-,-
The Cameraman,1928,74,Comedy,Romance,Edward Sedgwick,78,450,-,"$797,000"
Gifted Hands: The Ben Carson Story,2009,86,Drama,,Thomas Carter,78,800,-,-
The Boy in the Striped Pyjamas,2008,94,Drama,War,Mark Herman,78,7823,"$12,500,000","$20,416,563"
Rosemary's Baby,1968,138,Drama,Horror,Roman Polanski,78,4490,"$3,200,000","$33,395,426"
Mr. Smith Goes to Washington,1939,130,Comedy,Drama,Frank Capra,78,1230,"$1,500,000","$9,600,000"
It Happened One Night,1934,105,Comedy,Romance,Frank Capra,78,1450,"$325,000","$4,500,000"
Forgotten Love,2023,140,Drama,Romance,Michał Gazda,78,372,-,-
Finch,2021,116,Science Fiction,Drama,Miguel Sapochnik,78,4187,"$2,500,000",-
Bajrangi Bhaijaan,2015,159,Comedy,Drama,Kabir Khan,78,573,"$13,000,000","$150,000,000"
Evangelion: 2.0 You Can (Not) Advance,2009,112,Animation,Science Fiction,Hideaki Anno,78,1042,"$10,000,000","$44,339,362"
Die Hard,1988,132,Action,Thriller,John McTiernan,78,12623,"$28,000,000","$140,767,956"
Miss Americana,2020,85,Documentary,Music,Lana Wilson,78,654,-,-
Two Women,1960,100,Drama,War,Vittorio De Sica,78,588,-,-
Toy Story 3,2010,103,Animation,Family,Lee Unkrich,78,16200,"$200,000,000","$1,067,316,101"
Kagemusha,1980,180,Action,Drama,Akira Kurosawa,78,765,"$6,000,000","$4,000,000"
Spotlight,2015,129,Drama,History,Tom McCarthy,78,8962,"$20,000,000","$98,690,254"
"Love, Rosie",2014,102,Romance,Drama,Christian Ditter,78,6562,-,"$4,439,431"
Pather Panchali,1955,125,Drama,History,Satyajit Ray,78,505,"$31,500","$536,364"
Paprika,2006,90,Animation,Science Fiction,Satoshi Kon,78,2977,"$2,600,000","$946,590"
Close to the Horizon,2019,117,Romance,Drama,Tim Trachte,78,510,-,-
To Be or Not to Be,1942,99,Comedy,War,Ernst Lubitsch,78,858,"$1,200,000","$1,500,000"
Mishima: A Life in Four Chapters,1985,121,Drama,,Paul Schrader,78,365,"$5,000,000","$502,758"
Sunrise: A Song of Two Humans,1927,94,Drama,Romance,F. W. Murnau,78,926,-,"$1,636,000"
The Working Class Goes to Heaven,1971,113,Drama,,Elio Petri,78,390,-,-
L.A. Confidential,1997,138,Crime,Mystery,Curtis Hanson,78,5721,"$35,000,000","$126,216,940"
Always,2011,108,Romance,Drama,Song Il-gon,78,318,-,"$6,941,450"
Home,2009,95,Documentary,Drama,Yann Arthus-Bertrand,78,572,-,-
Infernal Affairs,2002,101,Drama,Action,Alan Mak Siu-Fai,78,1921,"$6,400,000","$8,836,958"
1900,1976,317,Drama,History,Bernardo Bertolucci,78,693,"$9,000,000",-
I Saw the Devil,2010,144,Thriller,Horror,Kim Jee-woon,78,3146,"$6,000,000","$12,966,357"
The Best Offer,2013,131,Drama,Romance,Giuseppe Tornatore,78,3144,"$13,500,000","$19,255,873"
The Perks of Being a Wallflower,2012,103,Drama,,Stephen Chbosky,78,11431,"$13,000,000","$33,384,127"
Reminders of Him,2026,114,Romance,Drama,Vanessa Caswill,78,416,"$30,000,000","$89,039,780"
The Fool,2014,116,Drama,,Yury Bykov,78,332,"$1,300,005",-
Saint Seiya Heaven Chapter: Overture,2004,83,Animation,Fantasy,Shigeyasu Yamauchi,78,308,-,-
Z,1969,122,Thriller,Crime,Costa-Gavras,78,650,-,"$83,305"
Us Again,2021,7,Animation,Drama,Zach Parrish,78,356,-,-
Midnight Sun,2018,92,Romance,Drama,Scott Speer,78,3575,"$2,800,000","$27,365,467"
World of Tomorrow,2015,17,Animation,Drama,Don Hertzfeldt,78,372,-,-
Interstella 5555: The 5tory of the 5ecret 5tar 5ystem,2003,68,Animation,Science Fiction,Kazuhisa Takenouchi,78,542,"$4,000,000","$6,664,789"
The Grapes of Wrath,1940,129,Drama,,John Ford,78,1143,"$800,000","$1,591,000"
Before Sunset,2004,80,Drama,Romance,Richard Linklater,78,3918,"$2,700,000","$15,992,615"
Monty Python and the Holy Grail,1975,91,Adventure,Comedy,Terry Jones,78,6604,"$400,000","$5,763,644"
Harry Potter and the Goblet of Fire,2005,157,Adventure,Fantasy,Mike Newell,78,22610,"$150,000,000","$895,921,036"
Rio Bravo,1959,141,Western,Drama,Howard Hawks,78,1292,"$1,200,000","$5,750,000"
La luna,2012,7,Animation,Family,Enrico Casarosa,78,867,-,-
Let the Bullets Fly,2010,132,Action,Comedy,Jiang Wen,78,361,-,"$104,731,450"
Rocky,1976,120,Drama,,John G. Avildsen,78,8883,"$1,000,000","$117,253,345"
"Spring, Summer, Fall, Winter... and Spring",2003,103,Drama,,Kim Ki-duk,78,1236,-,"$8,945,072"
Mulholland Drive,2001,147,Thriller,Drama,David Lynch,78,7272,"$15,000,000","$20,289,986"
The Dark Knight Rises,2012,165,Action,Crime,Christopher Nolan,78,24913,"$250,000,000","$1,081,041,287"
Presto,2008,5,Animation,Family,Doug Sweetland,78,1103,-,-
The Shadow in My Eye,2021,107,War,Drama,Ole Bornedal,78,569,-,-
Land of Mine,2015,100,War,Drama,Martin Zandvliet,78,1509,"$5,070,773",-
Louis C.K.: Hilarious,2010,84,Comedy,TV Movie,Louis C.K.,78,312,-,-
Into the Wild,2007,148,Adventure,Drama,Sean Penn,78,10329,"$15,000,000","$56,255,142"
A Bag of Marbles,2017,113,War,Drama,Christian Duguay,78,910,"$21,400,000","$10,898,998"
Still Walking,2008,114,Drama,Family,Hirokazu Kore-eda,78,463,-,"$3,511,120"
Scent of a Woman,1992,156,Drama,,Martin Brest,78,4077,"$31,000,000","$134,100,000"
The Ten Commandments,1956,220,Drama,History,Cecil B. DeMille,78,1930,"$13,000,000","$122,700,000"
Raya and the Last Dragon,2021,107,Animation,Action,Carlos López Estrada,78,7431,"$100,000,000","$130,423,032"
Network,1976,122,Drama,,Sidney Lumet,78,2106,"$3,800,000","$23,700,000"
Porco Rosso,1992,93,Animation,Adventure,Hayao Miyazaki,78,3807,"$9,200,000","$44,600,000"
My Life as a Zucchini,2016,66,Animation,Comedy,Claude Barras,78,1551,"$8,000,000","$5,873,256"
Fantozzi: White Collar Blues,1975,108,Comedy,,Luciano Salce,78,894,-,-
Seaspiracy,2021,89,Documentary,Crime,Ali Tabrizi,78,471,-,-
Nine Queens,2000,114,Crime,Thriller,Fabián Bielinsky,78,850,"$1,300,000","$12,413,888"
Ninja Scroll,1993,94,Fantasy,Animation,Yoshiaki Kawajiri,78,775,-,-
Mr. Nobody,2009,141,Science Fiction,Drama,Jaco Van Dormael,78,6357,"$47,000,000","$2,331,721"
The Twilight Samurai,2002,129,Drama,Romance,Yoji Yamada,78,374,"$5,000,000","$7,372,769"
Awakenings,1990,120,Drama,,Penny Marshall,78,2951,"$31,000,000","$52,096,475"
The Wind Rises,2013,126,Animation,Drama,Hayao Miyazaki,78,3471,"$30,000,000","$117,932,401"
Tampopo,1985,115,Comedy,,Jūzō Itami,78,452,"$1,500,000",-
Dune,2021,155,Science Fiction,Adventure,Denis Villeneuve,78,15512,"$165,000,000","$410,668,500"
Le Samouraï,1967,105,Crime,Thriller,Jean-Pierre Melville,78,1301,-,"$215,245"
Back to the Future Part II,1989,108,Adventure,Comedy,Robert Zemeckis,78,14266,"$40,000,000","$332,000,000"
Rififi,1955,118,Crime,Thriller,Jules Dassin,78,656,"$200,000","$460,000"
Brokeback Mountain,2005,134,Drama,Romance,Ang Lee,78,7716,"$14,000,000","$178,043,761"
Through a Glass Darkly,1961,91,Drama,,Ingmar Bergman,78,553,-,"$8,939"
Predator: Killer of Killers,2025,85,Animation,Action,Dan Trachtenberg,78,1320,-,-
A Moment to Remember,2004,117,Drama,Romance,John H. Lee,78,380,"$4,200,000",-
The Chaser,2008,125,Crime,Thriller,Na Hong-jin,78,1618,"$2,600,000","$35,800,000"
Godzilla vs. Destoroyah,1995,103,Action,Science Fiction,Takao Okawara,78,312,"$10,000,000","$18,000,000"
Letter from an Unknown Woman,1948,87,Drama,Romance,Max Ophüls,78,348,-,-
Io Capitano,2023,121,Adventure,Drama,Matteo Garrone,78,850,"$13,272,819",-
Whiplash,2013,18,Drama,Music,Damien Chazelle,78,430,-,-
Shrek,2001,90,Animation,Comedy,Vicky Jenson,78,19291,"$60,000,000","$489,676,241"
Close,2022,104,Drama,,Lukas Dhont,78,1066,-,"$3,129,968"
A Short Film About Love,1988,87,Drama,Romance,Krzysztof Kieślowski,78,428,-,-
Day for Night,1973,116,Comedy,Drama,François Truffaut,78,675,"$700,000","$850,000"
Luck,2022,105,Animation,Adventure,Peggy Holmes,78,2106,-,-
One Life,2023,109,History,Drama,James Hawes,78,989,-,"$51,437,352"
One Piece: Stampede,2019,101,Animation,Action,Takashi Otsuka,78,664,-,"$81,562,741"
Nostalgia,1983,124,Drama,Romance,Andrei Tarkovsky,78,621,"$875,000","$311,708"
The King of Comedy,1982,109,Drama,Comedy,Martin Scorsese,78,2656,"$19,000,000","$2,536,000"
Shelter,2026,107,Action,Crime,Ric Roman Waugh,78,1853,"$50,000,000","$53,933,639"
Luca,2021,95,Animation,Family,Enrico Casarosa,78,9122,"$200,000,000","$51,074,773"
One Hundred Steps,2000,114,Drama,History,Marco Tullio Giordana,78,746,-,"$3,000,000"
Do the Right Thing,1989,120,Drama,,Spike Lee,78,2073,"$6,500,000","$37,300,000"
The Girl Who Leapt Through Time,2006,98,Fantasy,Animation,Mamoru Hosoda,78,2302,-,"$3,478,290"
Straight Outta Compton,2015,147,Drama,Music,F. Gary Gray,78,4293,"$28,000,000","$201,634,991"
Forbidden Games,1952,87,Drama,War,René Clément,78,363,-,"$10,188"
Freaks,1932,64,Drama,Horror,Tod Browning,78,1334,"$310,607",-
Pan's Labyrinth,2006,118,Fantasy,Drama,Guillermo del Toro,78,11723,"$19,000,000","$83,258,226"
The Specials,2019,114,Comedy,Drama,Éric Toledano,78,1003,-,-
Zootopia,2016,109,Animation,Adventure,Rich Moore,78,18512,"$150,000,000","$1,025,521,689"
A Woman Under the Influence,1974,155,Drama,Romance,John Cassavetes,78,575,"$1,000,000","$12,200,000"
They Shall Not Grow Old,2018,99,Documentary,History,Peter Jackson,78,697,-,"$20,904,188"
The Dinner Game,1998,80,Comedy,,Francis Veber,78,2105,"$12,500,000","$78,599,508"
The Last Laugh,1924,90,Drama,,F. W. Murnau,78,364,-,-
Fanny and Alexander,1982,188,Fantasy,Drama,Ingmar Bergman,78,909,"$6,000,000","$6,800,000"
Wings of Desire,1987,128,Drama,Fantasy,Wim Wenders,78,1531,"$2,500,000","$3,548,590"
Ip Man,2008,106,Drama,Action,Wilson Yip,78,4238,"$11,700,000","$22,100,000"
Life of Brian,1979,94,Comedy,,Terry Jones,78,5091,"$4,000,000","$20,833,252"
Batman: Under the Red Hood,2010,75,Mystery,Crime,Brandon Vietti,78,1780,-,"$6,629,178"
Ponyo,2008,100,Animation,Fantasy,Hayao Miyazaki,78,4967,"$34,000,000","$202,404,009"
In the Arms of an Assassin,2019,101,Romance,Thriller,Matías Moltrasio,78,434,-,"$425,332"
Invisible Life,2019,140,Drama,,Karim Aïnouz,78,351,-,-
The King and the Mockingbird,1980,83,Animation,Family,Paul Grimault,78,423,-,-
Maudie,2016,115,Drama,Romance,Aisling Walsh,78,606,-,"$6,170,998"
All Quiet on the Western Front,1930,133,Drama,War,Lewis Milestone,78,966,"$1,448,864","$3,270,000"
Donnie Darko,2001,114,Fantasy,Drama,Richard Kelly,78,13734,"$4,500,000","$7,500,000"
The First Slam Dunk,2022,125,Animation,Comedy,Takehiko Inoue,78,564,-,"$258,000,000"
Solaris,1972,167,Drama,Science Fiction,Andrei Tarkovsky,78,1893,-,-
The Hateful Eight,2015,188,Drama,Mystery,Quentin Tarantino,78,15593,"$44,000,000","$155,760,117"
Polisse,2011,123,Drama,Crime,Maïwenn,78,1328,-,"$20,374,201"
All My Life,2020,93,Romance,Drama,Marc Meyers,77,521,"$25,000,000","$2,000,000"
Misery,1990,107,Drama,Thriller,Rob Reiner,78,5403,"$20,000,000","$61,300,000"
The Untouchables,1987,119,Crime,History,Brian De Palma,78,6318,"$25,000,000","$76,270,454"
Pressure,2026,101,Thriller,History,Anthony Maras,77,378,"$30,000,000","$20,245,995"
Ernest & Celestine,2012,80,Animation,Family,Vincent Patar,78,713,"$12,500,000","$8,170,333"
The Whale,2022,117,Drama,,Darren Aronofsky,78,4888,"$3,000,000","$57,615,635"
Shelter,2007,89,Drama,Romance,Jonah Markowitz,78,512,"$500,000","$142,666"
Tetris,2023,118,Thriller,History,Jon S. Baird,78,2020,-,-
Words on Bathroom Walls,2020,111,Drama,Romance,Thor Freudenthal,78,669,"$8,000,000","$3,151,849"
How to Train Your Dragon: The Hidden World,2019,104,Animation,Family,Dean DeBlois,78,7282,"$129,000,000","$539,987,993"
Amour,2012,127,Drama,Romance,Michael Haneke,78,1817,"$8,900,000","$29,800,000"
Stand and Deliver,1988,103,Drama,,Ramón Menéndez,78,480,"$1,600,000","$13,994,920"
A Matter of Life and Death,1946,104,Romance,Fantasy,Michael Powell,77,480,"$450,000","$1,750,000"
Emancipation,2022,132,Drama,War,Antoine Fuqua,78,1302,-,-
The Phantom Carriage,1921,108,Drama,Fantasy,Victor Sjöström,78,372,-,-
Rain Man,1988,134,Drama,,Barry Levinson,78,7314,"$25,000,000","$354,825,435"
Don't Be Bad,2015,102,Crime,Drama,Claudio Caligari,78,1057,-,-
Dreams,1990,119,Fantasy,Drama,Akira Kurosawa,78,592,"$12,000,000","$2,970,161"
A Walk to Remember,2002,102,Drama,Romance,Adam Shankman,77,4328,"$11,800,000","$47,494,916"
Train to Busan,2016,118,Action,Horror,Yeon Sang-ho,77,8720,"$8,500,000","$87,547,518"
A Man Called Otto,2022,126,Comedy,Drama,Marc Forster,77,3754,"$50,000,000","$113,360,085"
Don't Blame the Kid,2016,113,Comedy,Romance,Gustavo Loza,77,674,-,-
Platoon,1986,120,Drama,War,Oliver Stone,77,5271,"$6,000,000","$138,530,565"
The Chorus,2004,97,Drama,Comedy,Christophe Barratier,77,2663,"$5,300,000","$83,600,000"
The Best Years of Our Lives,1946,171,Drama,Romance,William Wyler,77,764,"$2,100,000","$23,650,000"
Scooby-Doo! Camp Scare,2010,72,Animation,Comedy,Ethan Spaulding,77,349,-,-
The Exorcist,1973,122,Horror,,William Friedkin,77,8863,"$11,000,000","$430,872,776"
Big Fish,2003,125,Adventure,Fantasy,Tim Burton,77,7934,"$70,000,000","$123,200,000"
Short Term 12,2013,96,Drama,,Destin Daniel Cretton,77,1451,"$1,000,000","$1,645,164"
Rush,2013,123,Drama,Action,Ron Howard,77,8030,"$38,000,000","$90,200,000"
The Diamond Arm,1969,94,Adventure,Comedy,Leonid Gaidai,77,346,-,"$2,258"
Dogville,2003,178,Crime,Drama,Lars von Trier,77,2769,"$10,000,000","$16,690,617"
Mystic River,2003,138,Thriller,Drama,Clint Eastwood,77,7671,"$25,000,000","$156,800,000"
Ali: Fear Eats the Soul,1974,93,Romance,Drama,Rainer Werner Fassbinder,77,464,"$130,000","$186,757"
All Quiet on the Western Front,2022,147,War,Drama,Edward Berger,77,4906,"$20,000,000",-
Touch of Evil,1958,111,Crime,Thriller,Orson Welles,77,1641,"$829,000","$2,247,500"
"Batman: The Dark Knight Returns, Part 1",2012,76,Science Fiction,Action,Jay Oliva,77,1741,"$3,500,000",-
Never Look Away,2018,188,Drama,Romance,Florian Henckel von Donnersmarck,77,772,"$18,000,000","$4,831,836"
Instructions Not Included,2013,122,Comedy,Drama,Eugenio Derbez,77,975,"$5,500,000","$99,067,206"
Partly Cloudy,2009,6,Animation,Family,Peter Sohn,77,1133,-,-
My Mom Is a Character,2013,84,Comedy,,André Pellenz,77,685,"$2,000,000","$20,552,094"
The Straight Story,1999,112,Drama,Adventure,David Lynch,77,1868,"$10,000,000","$6,418,028"
I Am Not Your Negro,2017,93,Documentary,,Raoul Peck,77,532,"$1,000,000","$7,123,919"
Fiddler on the Roof,1971,181,Drama,Romance,Norman Jewison,77,671,"$9,000,000","$83,304,330"
Citizenfour,2014,113,Documentary,,Laura Poitras,77,1443,-,"$3,003,169"
The Normal Heart,2014,133,Drama,,Ryan Murphy,77,929,-,-
Three Steps Above Heaven,2010,122,Romance,Drama,Fernando González Molina,77,3270,-,-
The Heist of the Century,2020,114,Comedy,Thriller,Ariel Winograd,77,863,-,"$7,627,100"
The King's Speech,2010,118,Drama,History,Tom Hooper,77,9506,"$15,000,000","$414,211,549"
Cool Hand Luke,1967,127,Drama,Crime,Stuart Rosenberg,77,1672,"$3,200,000","$16,217,773"
Nothing Left to Do But Cry,1984,112,Comedy,Fantasy,Massimo Troisi,77,1196,-,-
Harry Potter and the Deathly Hallows: Part 1,2010,146,Adventure,Fantasy,David Yates,77,20777,"$250,000,000","$954,305,868"
Marriage Story,2019,137,Drama,,Noah Baumbach,77,7548,"$18,000,000","$333,686"
"No manches, Frida",2016,100,Comedy,,Nacho G. Velilla,77,968,"$5,000,000","$23,500,000"
The Sound of Music,1965,174,Drama,Family,Robert Wise,77,3733,"$8,200,000","$286,214,286"
Batman Begins,2005,140,Drama,Crime,Christopher Nolan,77,23152,"$150,000,000","$374,218,673"
My Fault,2023,116,Drama,Romance,Domingo González,77,4188,-,-
Safety Last!,1923,73,Comedy,Romance,Sam Taylor,77,602,"$121,000","$1,500,000"
The Incredibles,2004,115,Action,Adventure,Brad Bird,77,19285,"$92,000,000","$631,442,092"
Slumdog Millionaire,2008,121,Drama,Romance,Danny Boyle,77,11575,"$15,000,000","$378,400,000"
The Summit of the Gods,2021,95,Animation,Adventure,Patrick Imbert,77,434,"$9,850,000","$1,756,552"
Jiro Dreams of Sushi,2011,82,Documentary,,David Gelb,77,797,-,"$2,550,508"
The King of Kong: A Fistful of Quarters,2007,83,Documentary,,Seth Gordon,77,513,-,"$790,128"
Hamnet,2025,125,Drama,Romance,Chloé Zhao,77,1604,"$30,000,000","$107,756,183"
Beauty and the Beast,1991,84,Romance,Family,Gary Trousdale,77,10881,"$25,000,000","$424,967,620"
Magnolia,1999,189,Drama,,Paul Thomas Anderson,77,4150,"$37,000,000","$48,451,803"
Big Hero 6,2014,102,Adventure,Family,Chris Williams,77,16907,"$165,000,000","$657,870,525"
Tune in for Love,2019,122,Romance,Drama,Jung Ji-woo,77,329,-,"$8,631,781"
Kwaidan,1965,183,Horror,Fantasy,Masaki Kobayashi,77,470,-,-
Mysterious Skin,2005,105,Drama,,Gregg Araki,77,1356,"$3,000,000","$2,148,548"
God's Own Country,2017,104,Romance,Drama,Francis Lee,77,1010,-,"$2,559,939"
Two Is a Family,2016,118,Drama,Comedy,Hugo Gélin,77,3074,-,"$1,447,740"
The Color Purple,1985,154,Drama,History,Steven Spielberg,77,2032,"$15,000,000","$146,300,000"
For Love and Gold,1966,120,Comedy,Adventure,Mario Monicelli,77,410,-,"$1,314,230"
Good Morning,1959,94,Comedy,Family,Yasujirō Ozu,77,329,-,-
Crooks in Clover,1963,111,Comedy,Crime,Georges Lautner,77,573,-,-
Edward Scissorhands,1990,105,Fantasy,Drama,Tim Burton,77,14028,"$20,000,000","$86,024,005"
Guy Ritchie's The Covenant,2023,123,War,Action,Guy Ritchie,77,3343,"$55,000,000","$21,948,551"
Cousins,2019,83,Comedy,Romance,Thiago Cazado,77,365,-,-
Kizumonogatari Part 1: Tekketsu,2016,63,Animation,Fantasy,Akiyuki Shinbo,77,322,-,"$6,319,100"
Deep Red,1975,127,Horror,Mystery,Dario Argento,77,1630,-,"$2,900,000"
The Fog of War,2003,107,Documentary,TV Movie,Errol Morris,77,307,-,-
Hotel Rwanda,2004,122,Drama,History,Terry George,77,3268,"$17,500,000","$38,000,000"
The Big Bad Fox and Other Tales,2017,83,Family,Animation,Benjamin Renner,77,323,"$3,000,000","$19,030,780"
Vampire Hunter D: Bloodlust,2001,103,Animation,Fantasy,Yoshiaki Kawajiri,77,844,-,"$151,086"
Cowboy Bebop: The Movie,2001,115,Action,Animation,Shinichiro Watanabe,77,1078,-,-
The Breakfast Club,1985,98,Comedy,Drama,John Hughes,77,8719,"$1,000,000","$51,530,442"
The Leopard,1963,186,Drama,,Luchino Visconti,77,974,-,-
Annie Hall,1977,93,Comedy,Drama,Woody Allen,77,4339,"$4,000,000","$43,989,445"
The Blues Brothers,1980,133,Music,Comedy,John Landis,77,4666,"$27,000,000","$115,229,890"
Accattone,1961,117,Drama,,Pier Paolo Pasolini,77,528,-,-
The Bridges of Madison County,1995,135,Drama,Romance,Clint Eastwood,77,2435,"$24,000,000","$182,000,000"
"I, Daniel Blake",2016,100,Drama,,Ken Loach,77,1570,-,"$15,697,699"
Selena,1997,127,Drama,Music,Gregory Nava,77,1340,"$20,000,000","$60,000,000"
RRR,2022,187,Action,History,S. S. Rajamouli,77,1691,"$69,000,000","$160,000,000"
The Ultimate Gift,2007,114,Romance,Drama,Michael O. Sajbel,77,551,"$9,000,000","$3,438,735"
Notorious,1946,103,Romance,Mystery,Alfred Hitchcock,77,1796,"$2,000,000","$24,500,000"
John Wick: Chapter 4,2023,170,Action,Thriller,Chad Stahelski,77,8278,"$100,000,000","$447,316,405"
Inside Job,2010,109,Documentary,Crime,Charles Ferguson,77,1071,"$2,000,000","$7,871,522"
Evil Dead Burn,2026,110,Horror,,Sébastien Vaniček,77,1500,"$20,000,000","$71,491,178"
Entergalactic,2022,93,Animation,Romance,Fletcher Moules,77,519,-,-
Sniper: The White Raven,2022,120,War,Action,Marian Bushan,77,945,"$1,000,000",$881
Alice in the Cities,1974,110,Drama,,Wim Wenders,77,361,-,-
Nightcrawler,2014,118,Crime,Drama,Dan Gilroy,77,12038,"$8,500,000","$47,425,835"
The Red Balloon,1956,34,Comedy,Drama,Albert Lamorisse,77,450,-,"$48,980"
Everything Everywhere All at Once,2022,140,Action,Adventure,Daniel Scheinert,77,8388,"$25,000,000","$139,200,000"
Mother,2009,129,Crime,Drama,Bong Joon Ho,77,1741,"$5,000,000","$17,112,713"
Rental Family,2025,110,Comedy,Drama,Hikari,77,1012,-,"$26,585,129"
The Martian,2015,141,Science Fiction,Drama,Ridley Scott,77,21790,"$108,000,000","$631,058,917"
Spirit: Stallion of the Cimarron,2002,83,Animation,Adventure,Lorna Cook,77,5014,"$80,000,000","$122,563,539"
The Princess Bride,1987,99,Adventure,Fantasy,Rob Reiner,77,5281,"$16,000,000","$30,900,000"
Harry Potter and the Chamber of Secrets,2002,161,Adventure,Fantasy,Chris Columbus,77,24047,"$100,000,000","$876,688,482"
Sound of Metal,2020,121,Drama,Music,Darius Marder,77,2936,-,"$516,520"
Sword Art Online the Movie: Ordinal Scale,2017,119,Animation,Action,Tomohiko Ito,77,780,-,"$29,322,339"
PK,2014,153,Comedy,Drama,Rajkumar Hirani,77,1206,"$13,000,000","$118,920,000"
The Ox-Bow Incident,1943,76,Western,,William A. Wellman,77,439,"$565,000",-
Underground,1995,170,Comedy,Drama,Emir Kusturica,77,800,"$14,000,000","$182,134"
Philadelphia,1993,126,Drama,,Jonathan Demme,77,4754,"$26,000,000","$206,678,440"
The Maltese Falcon,1941,100,Mystery,Crime,John Huston,77,1932,"$375,000","$1,772,000"
The Man from Nowhere,2010,119,Action,Thriller,Lee Jeong-beom,77,1553,"$1,255,000","$43,059,790"
The Sacrifice,1986,149,Drama,,Andrei Tarkovsky,77,631,-,"$1,095,380"
Manhattan,1979,96,Comedy,Drama,Woody Allen,77,2671,"$9,000,000","$40,194,067"
Flee,2021,89,Documentary,Animation,Jonas Poher Rasmussen,77,410,"$3,400,000","$712,229"
"Like Father, Like Son",2013,120,Drama,,Hirokazu Kore-eda,77,819,-,"$19,978,961"
Taste of Cherry,1997,99,Drama,,Abbas Kiarostami,77,732,"$120,000","$10,923"
Vivre Sa Vie,1962,84,Drama,,Jean-Luc Godard,77,718,"$64,000","$24,517"
Sleuth,1972,138,Thriller,Mystery,Joseph L. Mankiewicz,77,749,"$3,500,000","$5,750,000"
If Anything Happens I Love You,2020,12,Drama,Animation,Michael Govier,77,1013,-,-
Azur & Asmar: The Princes' Quest,2006,99,Animation,Family,Michel Ocelot,77,674,-,-
Fireproof,2008,118,Drama,Romance,Alex Kendrick,77,875,"$500,000","$33,473,297"
Brief Encounter,1945,86,Drama,Romance,David Lean,77,727,"$1,200,000",-
Past Lives,2023,106,Drama,Romance,Celine Song,77,2450,"$12,000,000","$28,126,646"
Day & Night,2010,6,Animation,Family,Teddy Newton,77,974,-,-
Who's Afraid of Virginia Woolf?,1966,131,Drama,,Mike Nichols,77,940,"$7,500,000","$33,736,689"
Gran Turismo,2023,135,Adventure,Drama,Neill Blomkamp,77,3562,"$60,000,000","$121,700,000"
The Gorge,2025,128,Romance,Science Fiction,Scott Derrickson,77,4182,"$70,000,000",-
Hustle,2022,117,Drama,Comedy,Jeremiah Zagar,77,2916,"$21,000,000",-
Mustang,2015,97,Drama,,Deniz Gamze Ergüven,77,1488,"$1,300,000","$5,300,000"
Love Don't Co$t a Thing,2003,100,Comedy,Drama,Troy Byer,77,733,-,"$21,964,072"
12 Angry Men,1997,117,Drama,TV Movie,William Friedkin,77,470,"$1,750,000","$2,000,000"
Kin-dza-dza!,1986,135,Comedy,Science Fiction,Georgiy Daneliya,77,301,-,-
BPM (Beats per Minute),2017,143,Drama,,Robin Campillo,77,1405,"$6,600,000","$7,632,420"
Fallen Angels,1995,98,Action,Romance,Wong Kar-Wai,77,1364,-,-
A Charlie Brown Christmas,1965,25,Animation,Family,Bill Melendez,77,810,"$96,000",-
Little Miss Sunshine,2006,102,Comedy,Drama,Valerie Faris,77,8052,"$8,000,000","$100,523,351"
White Snake,2019,99,Romance,Animation,Zhao Ji,77,571,"$11,936,735","$62,098,770"
Pride,2014,120,Drama,Comedy,Matthew Warchus,77,1445,-,"$16,700,000"
Monsieur Verdoux,1947,124,Comedy,Crime,Charlie Chaplin,77,489,"$2,000,000",-
The Terminator,1984,108,Action,Thriller,James Cameron,77,15094,"$6,400,000","$78,371,200"
The Count of Monte Cristo,2002,131,Adventure,Drama,Kevin Reynolds,77,2108,"$35,000,000","$75,395,048"
The Celebration,1998,101,Drama,,Thomas Vinterberg,77,1314,"$1,300,000",-
Overcomer,2019,119,Drama,,Alex Kendrick,77,309,"$5,000,000","$38,026,103"
Shottas,2002,95,Action,Adventure,Cess Silvera,77,383,"$200,000",-
The Seven Deadly Sins: Cursed by Light,2021,79,Animation,Fantasy,Takayuki Hamana,77,521,-,"$1,094,673"
Rurouni Kenshin Part III: The Legend Ends,2014,135,Action,Adventure,Keishi Otomo,77,578,-,-
Ordinary Angels,2024,118,Drama,,Jon Gunn,77,428,"$13,000,000","$20,571,534"
Rurouni Kenshin: The Final,2021,138,Action,Adventure,Keishi Otomo,77,561,-,"$33,457,923"
How to Train Your Dragon 2,2014,102,Fantasy,Action,Dean DeBlois,77,10664,"$145,000,000","$621,537,519"
Angel's Egg,1985,71,Animation,Fantasy,Mamoru Oshii,77,612,-,-
Harvey,1950,104,Comedy,Fantasy,Henry Koster,77,701,-,-
The World's Fastest Indian,2005,127,Drama,Adventure,Roger Donaldson,77,924,"$25,000,000","$18,300,000"
Jaws,1975,124,Horror,Thriller,Steven Spielberg,77,11847,"$7,000,000","$470,653,000"
STRAW,2025,105,Thriller,Drama,Tyler Perry,77,1004,-,-
Jean de Florette,1986,122,Drama,,Claude Berri,77,625,"$4,940,939",-
Officer Black Belt,2024,108,Action,Comedy,Jason Kim,77,382,-,-
Black Swan,2010,108,Drama,Thriller,Darren Aronofsky,77,15860,"$13,000,000","$329,398,046"
Knockin' on Heaven's Door,1997,89,Comedy,Crime,Thomas Jahn,77,612,"$3,500,000",-
Harry Potter and the Half-Blood Prince,2009,153,Adventure,Fantasy,David Yates,77,21175,"$250,000,000","$933,959,197"
Tangerines,2013,87,Drama,War,Zaza Urushadze,77,620,-,-
Marriage Italian Style,1964,102,Drama,Romance,Vittorio De Sica,77,557,-,"$12,800,000"
In the Heat of the Night,1967,109,Crime,Drama,Norman Jewison,77,1290,"$2,000,000","$27,379,978"
Onibaba,1964,105,Horror,,Kaneto Shindō,77,499,-,-
Kabhi Khushi Kabhie Gham,2001,209,Comedy,Drama,Karan Johar,77,627,"$7,500,000","$11,336,308"
Descendants 3,2019,106,Family,TV Movie,Kenny Ortega,77,1659,"$15,000,000",-
Arrietty,2010,95,Fantasy,Animation,Hiromasa Yonebayashi,77,3272,"$23,000,000","$149,660,003"
October Sky,1999,107,Drama,History,Joe Johnston,77,1494,"$25,000,000","$34,698,685"
The Searchers,1956,119,Western,,John Ford,77,1623,"$3,750,000",-
Stalag 17,1953,120,Comedy,Drama,Billy Wilder,77,684,"$1,661,530","$10,000,000"
Red Shoes and the Seven Dwarfs,2019,92,Animation,Fantasy,Hong Sung-ho,77,1150,"$20,000,000","$10,054,356"
The Broken Circle Breakdown,2012,112,Drama,,Felix van Groeningen,77,1150,-,"$5,500,000"
Moonrise Kingdom,2012,94,Comedy,Drama,Wes Anderson,77,6467,"$16,000,000","$68,263,166"
Scooby-Doo on Zombie Island,1998,77,Animation,Mystery,Jim Stenstrum,77,883,-,-
The Warriors,1979,94,Action,Thriller,Walter Hill,77,2460,"$4,000,000","$22,490,039"
Zootopia 2,2025,108,Animation,Adventure,Jared Bush,77,3417,"$150,000,000","$1,868,208,796"
Before the Flood,2016,93,Documentary,,Fisher Stevens,77,829,-,-
Mississippi Burning,1988,128,Drama,Crime,Alan Parker,77,2019,"$15,000,000","$34,604,000"
Waltz with Bashir,2008,90,Animation,Documentary,Ari Folman,77,1084,"$1,500,000","$11,179,372"
Holding the Man,2015,128,Drama,,Neil Armfield,77,468,-,-
Embrace of the Serpent,2015,125,Drama,Adventure,Ciro Guerra,77,526,"$1,400,000","$1,320,005"
Mickey's Christmas Carol,1983,25,Family,Animation,Burny Mattinson,77,1003,"$3,000,000","$21,000,000"
Fireworks,1997,103,Crime,Drama,Takeshi Kitano,77,803,-,-
Harry Potter and the Order of the Phoenix,2007,138,Adventure,Fantasy,David Yates,77,21204,"$150,000,000","$938,212,738"
Rich in Love,2020,104,Romance,Comedy,Bruno Garotti,77,633,-,-
Father There Is Only One,2019,96,Comedy,Family,Santiago Segura,77,775,"$3,400,000","$15,894,372"
Boys,2014,77,Drama,Romance,Mischa Kamp,77,752,-,-
The Children's Hour,1961,108,Drama,,William Wyler,77,424,"$3,600,000","$3,000,000"
Hiroshima Mon Amour,1959,92,Drama,History,Alain Resnais,77,950,-,"$3,193"
The Young Girls of Rochefort,1967,126,Romance,Comedy,Jacques Demy,77,669,-,-
Constantine: City of Demons - The Movie,2018,90,Fantasy,Animation,Doug Murphy,77,680,-,-
PlayTime,1967,115,Comedy,,Jacques Tati,77,695,-,-
Cast Away,2000,143,Adventure,Drama,Robert Zemeckis,77,12538,"$90,000,000","$429,632,142"
Rurouni Kenshin: The Beginning,2021,138,Action,Adventure,Keishi Otomo,77,560,-,-
The Batman,2022,177,Crime,Mystery,Matt Reeves,77,12487,"$185,000,000","$772,775,278"
The Hustler,1961,134,Drama,Romance,Robert Rossen,77,1123,"$2,000,000","$7,600,000"
"Duck, You Sucker",1971,157,Western,,Sergio Leone,77,1219,-,-
Viridiana,1962,90,Drama,,Luis Buñuel,77,565,-,"$679,244"
Iron Man,2008,126,Action,Science Fiction,Jon Favreau,77,28795,"$140,000,000","$585,174,222"
Ricky Gervais: Humanity,2018,79,Comedy,,John L. Spencer,77,538,-,-
The Blind Side,2009,129,Drama,,John Lee Hancock,77,6984,"$29,000,000","$309,231,694"
Remember the Titans,2000,113,Drama,,Boaz Yakin,77,3063,"$30,000,000","$136,700,000"
Apocalypto,2006,138,Action,Drama,Mel Gibson,77,6662,"$40,000,000","$120,654,337"
The Promised Land,2023,127,Action,Drama,Nikolaj Arcel,77,634,"$8,500,000","$2,246,680"
Fried Green Tomatoes,1991,130,Drama,Comedy,Jon Avnet,77,1523,"$11,000,000","$119,418,501"
Cléo from 5 to 7,1962,90,Drama,,Agnès Varda,77,802,-,-
Primal Fear,1996,130,Crime,Drama,Gregory Hoblit,77,4141,"$30,000,000","$102,616,183"
Strangers on a Train,1951,101,Crime,Thriller,Alfred Hitchcock,77,1934,"$1,200,000","$7,000,000"
Inherit the Wind,1960,128,Drama,,Stanley Kramer,77,488,"$2,000,000","$2,000,000"
Berserk: The Golden Age Arc III - The Advent,2013,110,Animation,Action,Toshiyuki Kubooka,77,419,-,"$399,445"
The Act of Killing,2012,159,Documentary,History,Joshua Oppenheimer,77,780,"$1,000,000","$722,714"
The Big Heat,1953,89,Crime,Thriller,Fritz Lang,77,573,-,-
The Last Waltz,1978,117,Documentary,Music,Martin Scorsese,77,320,-,"$321,952"
All the President's Men,1976,138,Drama,Mystery,Alan J. Pakula,77,2154,"$8,500,000","$70,600,000"
Out of the Past,1947,97,Crime,Thriller,Jacques Tourneur,77,663,-,-
Brazil,1985,143,Comedy,Science Fiction,Terry Gilliam,77,3819,"$15,000,000","$9,953,708"
The Edge of Democracy,2019,121,Documentary,,Petra Costa,77,386,-,-
Free Fall,2013,97,Drama,Romance,Stephan Lacant,77,851,-,"$599,721"
The Spirit of the Beehive,1973,98,Drama,Fantasy,Víctor Erice,77,408,-,-
What's Eating Gilbert Grape,1993,118,Romance,Drama,Lasse Hallström,77,4381,"$11,000,000","$10,000,000"
The Gentlemen,2020,113,Action,Comedy,Guy Ritchie,77,6862,"$22,000,000","$115,171,795"
Divines,2016,105,Drama,,Houda Benyamina,77,696,"$2,791,874",-
Planet of the Apes,1968,112,Science Fiction,Adventure,Franklin J. Schaffner,77,4106,"$5,800,000","$32,589,624"
Aladdin,1992,91,Animation,Family,Ron Clements,77,12248,"$28,000,000","$504,050,219"
High Noon,1952,85,Western,,Fred Zinnemann,77,1628,"$730,000","$8,000,000"
Exhuma,2024,134,Mystery,Horror,Jang Jae-hyun,77,807,-,"$97,974,828"
My Mom Is a Character 2,2016,88,Comedy,,César Rodrigues,77,526,"$2,000,000","$39,195,565"
The Thin Blue Line,1988,103,Crime,Documentary,Errol Morris,77,424,-,"$1,209,846"
Straight Outta Nowhere: Scooby-Doo! Meets Courage the Cowardly Dog,2021,72,Animation,Mystery,Cecilia Aranovich,77,414,-,-
The Trial of the Chicago 7,2020,130,Drama,History,Aaron Sorkin,77,3440,"$35,000,000","$107,423"
The Outlaws,2017,121,Action,Crime,Kang Yun-sung,77,568,"$5,900,000","$52,946,454"
Captain America: The Winter Soldier,2014,136,Action,Adventure,Anthony Russo,77,20444,"$170,000,000","$714,766,572"
L'Eclisse,1962,126,Drama,Romance,Michelangelo Antonioni,77,561,-,-
Charade,1963,113,Comedy,Mystery,Stanley Donen,77,1594,"$4,000,000","$13,475,000"
Nosferatu,1922,94,Horror,Fantasy,F. W. Murnau,77,2525,-,"$27,964"
Baki Hanma VS Kengan Ashura,2024,60,Animation,Action,Toshiki Hirano,77,410,-,-
"Quo Vadis, Aida?",2021,104,War,Drama,Jasmila Žbanić,77,495,"$4,750,000","$813,253"
Monica and Friends: Bonds,2019,97,Family,Adventure,Daniel Rezende,77,303,"$1,803,570","$1,357,142"
Ask Me If I'm Happy,2000,100,Comedy,,Giacomo Poretti,77,1738,-,-
Prey,2022,100,Thriller,Action,Dan Trachtenberg,76,7971,"$65,000,000",-
Little Eggs: A Frozen Rescue,2022,91,Animation,Adventure,Rodolfo Riva Palacio Alatriste,77,364,-,-
I Vitelloni,1953,103,Comedy,Drama,Federico Fellini,77,754,-,-
Earth,2007,90,Documentary,,Mark Linfield,77,382,"$15,000,000","$109,000,000"
Fabricated City,2017,126,Action,Thriller,Bae Jong,76,367,-,-
Courageous,2011,129,Drama,,Alex Kendrick,76,427,"$1,000,000","$35,690,739"
Breakthrough,2019,116,Drama,,Roxann Dawson,76,1155,"$14,000,000","$49,200,000"
White Heat,1949,114,Crime,Drama,Raoul Walsh,76,556,"$1,300,000","$3,483,000"
Orpheus,1950,95,Romance,Fantasy,Jean Cocteau,76,307,-,-
Aftersun,2022,101,Drama,,Charlotte Wells,76,1964,-,"$7,834,405"
Avatar: Fire and Ash,2025,198,Science Fiction,Adventure,James Cameron,76,4304,"$350,000,000","$1,485,999,890"
A Night to Remember,1958,123,Drama,Action,Roy Ward Baker,76,301,"$1,680,000",-
The Conformist,1971,108,Drama,,Bernardo Bertolucci,76,783,"$750,000","$233,493"
Amores Perros,2000,154,Drama,Thriller,Alejandro G. Iñárritu,76,3003,"$2,000,000","$20,908,467"
Hunt for the Wilderpeople,2016,101,Adventure,Comedy,Taika Waititi,76,2388,"$2,500,000","$23,900,000"
Threads,1984,117,War,Drama,Mick Jackson,76,437,"$420,000",-
The Killing,1956,85,Crime,Thriller,Stanley Kubrick,76,1763,"$320,000",-
The Holdovers,2023,133,Drama,Comedy,Alexander Payne,76,2656,"$13,000,000","$42,513,270"
"Black Cat, White Cat",1998,127,Comedy,Romance,Emir Kusturica,76,845,-,"$353,734"
Boyz n the Hood,1991,112,Drama,Crime,John Singleton,76,2346,"$6,500,000","$57,504,069"
Edge of Tomorrow,2014,114,Action,Science Fiction,Doug Liman,76,15485,"$178,000,000","$370,541,256"
Lucky and Zorba,1998,76,Family,Animation,Enzo D'Alò,76,644,-,-
Icarus,2017,121,Documentary,,Bryan Fogel,76,851,-,-
The Traitor,2019,151,Drama,Crime,Marco Bellocchio,76,1444,-,-
Kubo and the Two Strings,2016,102,Animation,Adventure,Travis Knight,76,3920,"$60,000,000","$76,249,438"
A Dog's Purpose,2017,100,Adventure,Fantasy,Lasse Hallström,76,3591,"$22,000,000","$205,000,000"
All the Bright Places,2020,108,Romance,Drama,Brett Haley,76,3066,-,-
Memoirs of a Geisha,2005,146,Drama,Romance,Rob Marshall,76,3453,"$85,000,000","$162,242,962"
Godzilla,1954,96,Thriller,Horror,Ishirō Honda,76,1160,"$60,000","$2,250,000"
Batman and Superman: Battle of the Super Sons,2022,80,Animation,Action,Matt Peters,76,365,-,-
Mad Max: Fury Road,2015,121,Action,Adventure,George Miller,76,24579,"$150,000,000","$378,858,340"
Fantastic Planet,1973,72,Animation,Science Fiction,René Laloux,76,1141,-,-
Boogie Nights,1997,156,Drama,Comedy,Paul Thomas Anderson,76,3693,"$15,000,000","$43,101,594"
The Longest Ride,2015,128,Drama,Romance,George Tillman Jr.,76,3373,"$34,000,000","$63,013,281"
Zindagi Na Milegi Dobara,2011,154,Drama,Comedy,Zoya Akhtar,76,435,"$7,700,000","$160,000,000"
A Little Princess,1995,97,Drama,Family,Alfonso Cuarón,76,1072,"$17,000,000","$10,000,000"
Gladiator,1992,101,Drama,,Rowdy Herrington,76,421,"$20,000,000","$9,223,441"
A Million Miles Away,2023,122,Drama,History,Alejandra Márquez Abella,76,553,-,-
My Night at Maud's,1969,110,Romance,Comedy,Éric Rohmer,76,367,-,-
Dragon Ball Z: The History of Trunks,1993,48,Animation,Action,Yoshihiro Ueda,76,627,-,-
Groundhog Day,1993,101,Romance,Fantasy,Harold Ramis,76,9154,"$14,600,000","$71,108,778"
Sin Nombre,2009,96,Drama,Action,Cary Joji Fukunaga,76,803,-,"$5,102,705"
Onward,2020,102,Adventure,Animation,Dan Scanlon,76,6692,"$200,000,000","$141,888,276"
Bacurau,2019,131,Mystery,Western,Juliano Dornelles,76,1172,"$1,430,000","$3,554,178"
Arrival,2016,116,Drama,Science Fiction,Denis Villeneuve,76,19848,"$47,000,000","$203,388,186"
Barfi!,2012,151,Drama,Romance,Anurag Basu,76,388,"$4,437,508","$2,804,874"
The Bad Guys 2,2025,104,Family,Comedy,Pierre Perifel,76,900,"$80,000,000","$239,676,236"
The Graduate,1967,107,Drama,Romance,Mike Nichols,76,3802,"$3,000,000","$104,945,305"
Atonement,2007,123,Drama,Romance,Joe Wright,76,4828,"$30,000,000","$131,016,624"
The Hill,2023,121,History,Drama,Jeff Celentano,76,321,-,"$7,600,000"
The Eight Mountains,2022,147,Drama,,Charlotte Vandermeersch,76,869,-,"$9,494,985"
Forever My Girl,2018,108,Romance,Drama,Bethany Ashton Wolf,76,1422,"$3,500,000","$16,367,326"
Laura,1944,88,Drama,Mystery,Otto Preminger,76,940,"$1,020,000","$2,000,000"
Poor Things,2023,141,Science Fiction,Romance,Yorgos Lanthimos,76,5731,"$35,000,000","$117,607,117"
Tumbbad,2018,113,Fantasy,Horror,Rahi Anil Barve,76,349,-,-
My Friends Act II,1982,130,Comedy,,Mario Monicelli,76,373,-,-
Time of the Gypsies,1988,142,Drama,Crime,Emir Kusturica,76,451,-,-
The Fall,2006,117,Adventure,Fantasy,Tarsem Singh,76,1606,"$30,000,000","$3,984,390"
Another Round,2020,117,Comedy,Drama,Thomas Vinterberg,76,3910,"$5,150,000","$21,700,000"
In a Lonely Place,1950,93,Thriller,Drama,Nicholas Ray,76,681,-,"$1,400,000"
Eddie Murphy: Delirious,1983,69,Comedy,,Bruce Gowers,76,366,-,-
Geri's Game,1997,4,Animation,Comedy,Jan Pinkava,76,1251,-,-
The Killer,2022,95,Action,Crime,Choi Jae-hoon,76,436,-,"$595,112"
My Little Pony: A New Generation,2021,90,Animation,Family,Robert Cullen,76,354,-,"$4,100,000"
Deadpool,2016,108,Action,Adventure,Tim Miller,76,33273,"$58,000,000","$782,837,347"
Cat on a Hot Tin Roof,1958,108,Drama,,Richard Brooks,76,865,"$3,000,000","$17,570,324"
Big George Foreman,2023,129,History,Drama,George Tillman Jr.,76,385,"$32,000,000","$3,800,000"
The Banker,2020,120,Drama,,George Nolfi,76,1151,-,-
One Cut of the Dead,2017,96,Comedy,Horror,Shinichiro Ueda,76,1028,"$52,406","$27,590,180"
Get Out,2017,104,Mystery,Thriller,Jordan Peele,76,19322,"$4,500,000","$255,407,969"
The Man from Earth,2007,87,Science Fiction,Drama,Richard Schenkman,76,3031,"$200,000",-
Mortal Kombat Legends: Battle of the Realms,2021,80,Animation,Action,Ethan Spaulding,76,516,-,-
Lilya 4-ever,2002,109,Drama,Crime,Lukas Moodysson,76,692,"$2,700,000","$1,007,747"
Corpus Christi,2019,116,Drama,,Jan Komasa,76,627,"$1,300,000","$9,943,901"
I'm Starting from Three,1981,107,Comedy,,Massimo Troisi,76,713,-,-
Detachment,2011,98,Drama,,Tony Kaye,76,2080,"$3,000,000","$3,742,697"
Faces Places,2017,94,Documentary,,JR,76,425,-,"$1,108,983"
Häxan,1922,105,Documentary,Horror,Benjamin Christensen,76,449,"$220,000",-
Marcel the Shell with Shoes On,2022,90,Animation,Comedy,Dean Fleischer Camp,76,735,"$6,000,000","$6,909,209"
EXIT,2019,103,Action,Comedy,Lee Sang-geun,76,316,"$10,892,000","$69,501,772"
The Little Prince,2015,106,Adventure,Animation,Mark Osborne,76,3028,"$64,000,000","$101,281,211"
Toy Story 2,1999,92,Animation,Comedy,John Lasseter,76,15341,"$90,000,000","$497,375,404"
"Miraculous: Ladybug & Cat Noir, The Movie",2023,105,Animation,Fantasy,Jeremy Zag,76,982,"$86,000,000","$40,208,268"
Cobain: Montage of Heck,2015,132,Documentary,Music,Brett Morgen,76,761,-,-
Cowspiracy: The Sustainability Secret,2014,90,Documentary,,Keegan Kuhn,76,528,$117,-
Arsenic and Old Lace,1944,118,Comedy,Crime,Frank Capra,76,1072,"$1,120,175",-
The Others,2001,101,Horror,Mystery,Alejandro Amenábar,76,7398,"$17,000,000","$210,002,906"
Better Man,2024,135,Music,Drama,Michael Gracey,76,919,"$110,000,000","$22,549,151"
Kingsman: The Secret Service,2015,129,Crime,Comedy,Matthew Vaughn,76,18131,"$81,000,000","$414,351,546"
The Raid 2,2014,150,Action,Crime,Gareth Evans,76,2687,"$4,500,000","$6,566,916"
Frankenstein,2025,150,Drama,Fantasy,Guillermo del Toro,76,3835,"$120,000,000","$480,678"
Belle,2021,121,Animation,Science Fiction,Mamoru Hosoda,76,912,-,"$63,501,160"
Tangled,2010,100,Animation,Family,Nathan Greno,76,12691,"$260,000,000","$592,461,732"
Kind Hearts and Coronets,1949,104,Comedy,Crime,Robert Hamer,76,627,-,-
Eat Drink Man Woman,1994,123,Comedy,Drama,Ang Lee,76,418,-,"$24,194,403"
System Crasher,2019,118,Drama,,Nora Fingscheidt,76,397,-,-
A Short Film About Killing,1988,85,Crime,Drama,Krzysztof Kieślowski,76,413,-,-
Mildred Pierce,1945,111,Crime,Drama,Michael Curtiz,76,464,"$1,453,000","$5,638,000"
Three Colors: Blue,1993,98,Drama,,Krzysztof Kieślowski,76,1946,-,"$1,527,572"
Barbie in the 12 Dancing Princesses,2006,83,Animation,Family,Greg Richardson,76,1269,-,-
A Streetcar Named Desire,1951,122,Drama,Thriller,Elia Kazan,76,1520,"$1,800,000","$8,000,000"
Breakfast at Tiffany's,1961,115,Comedy,Romance,Blake Edwards,76,4565,"$2,500,000","$9,500,000"
"Paul, Apostle of Christ",2018,108,Drama,History,Andrew Hyatt,76,420,"$5,000,000","$26,078,500"
Roma,2018,135,Drama,,Alfonso Cuarón,76,4183,"$15,000,000","$1,140,769"
Children of Men,2006,109,Science Fiction,Thriller,Alfonso Cuarón,76,8101,"$76,000,000","$70,595,464"
"Germany, Year Zero",1948,74,Drama,,Roberto Rossellini,76,433,"$115,000",-
Sweet Smell of Success,1957,97,Drama,,Alexander Mackendrick,76,605,"$3,400,000","$2,500,000"
Twelve Monkeys,1995,129,Science Fiction,Thriller,Terry Gilliam,76,9378,"$29,000,000","$168,841,459"
The Lost Weekend,1945,101,Drama,,Billy Wilder,76,684,"$1,250,000","$11,000,000"
The Last Picture Show,1971,119,Drama,Romance,Peter Bogdanovich,76,800,"$1,300,000","$29,133,000"
Il Divo,2008,113,Drama,,Paolo Sorrentino,76,1205,"$7,275,000","$11,260,366"
The Last Samurai,2003,154,Drama,Action,Edward Zwick,76,7761,"$140,000,000","$456,800,000"
Laurence Anyways,2012,168,Drama,Romance,Xavier Dolan,76,918,"$9,500,000",-
Maurice,1987,140,Drama,Romance,James Ivory,76,633,"$2,600,000","$2,438,304"
All About My Mother,1999,101,Comedy,Drama,Pedro Almodóvar,76,2105,"$5,000,000","$67,958,231"
Guardians of the Galaxy Vol. 2,2017,137,Science Fiction,Adventure,James Gunn,76,23421,"$200,000,000","$863,756,051"
Avatar,2009,162,Science Fiction,Action,James Cameron,76,34642,"$237,000,000","$2,923,706,026"
Blue Velvet,1986,120,Mystery,Thriller,David Lynch,76,3944,"$6,000,000","$8,636,706"
Persian Lessons,2020,127,War,Drama,Vadim Perelman,76,513,-,"$3,825,668"
Bad Seeds,2018,100,Comedy,Drama,Kheiron,76,638,-,-
Le Cercle Rouge,1970,140,Crime,Drama,Jean-Pierre Melville,76,748,-,-
Mediterraneo,1991,96,Comedy,Romance,Gabriele Salvatores,76,1087,-,"$4,532,791"
Elevator to the Gallows,1958,92,Crime,Drama,Louis Malle,76,730,-,"$263,404"
Butch Cassidy and the Sundance Kid,1969,111,Western,Crime,George Roy Hill,76,2546,"$6,000,000","$102,308,889"
Nuremberg,2025,149,History,Drama,James Vanderbilt,76,1404,"$11,800,000","$37,009,109"
A Man Called Ove,2015,116,Comedy,Drama,Hannes Holm,76,1360,-,"$30,692,889"
The Servant,1963,116,Drama,,Joseph Losey,76,383,-,-
Dragon Ball Z: Bardock - The Father of Goku,1990,48,Animation,Action,Mitsuo Hashimoto,76,790,-,-
Andhadhun,2018,139,Crime,Mystery,Sriram Raghavan,76,651,"$4,500,000","$40,000,000"
Blade Runner 2049,2017,164,Science Fiction,Drama,Denis Villeneuve,76,15652,"$150,000,000","$259,239,658"
The Dirty Dozen,1967,149,Action,Adventure,Robert Aldrich,76,1369,"$5,400,000","$45,300,000"
Anastasia,1997,94,Animation,Family,Gary Goldman,76,5692,"$53,000,000","$139,804,348"
The Longest Day,1962,178,War,Action,Ken Annakin,76,1052,"$10,000,000","$50,100,000"
Drunken Angel,1948,98,Drama,,Akira Kurosawa,76,320,-,-
Night of the Living Dead,1968,96,Horror,Thriller,George A. Romero,76,2819,"$114,000","$30,236,452"
The Curious Case of Benjamin Button,2008,166,Drama,Fantasy,David Fincher,76,14016,"$150,000,000","$335,802,786"
The Anthem of the Heart,2015,119,Animation,Drama,Tatsuyuki Nagai,76,439,-,"$8,852,989"
Eyes Without a Face,1960,84,Drama,Horror,Georges Franju,76,818,-,"$58,656"
"Steamboat Bill, Jr.",1928,70,Comedy,Romance,Buster Keaton,76,405,-,-
Evangelion: 1.0 You Are (Not) Alone,2007,101,Animation,Science Fiction,Hideaki Anno,76,1128,"$7,000,000","$20,121,073"
Sonic the Hedgehog 3,2024,110,Action,Science Fiction,Jeff Fowler,76,3454,"$122,000,000","$492,162,604"
Seven Pounds,2008,123,Drama,,Gabriele Muccino,76,7381,"$55,000,000","$168,167,691"
Undisputed III: Redemption,2010,96,Action,Thriller,Isaac Florentine,76,1068,"$3,000,000","$76,500,000"
The Kissing Booth 2,2020,132,Comedy,Romance,Vince Marcello,76,5170,-,-
Scarlet Street,1945,103,Drama,Crime,Fritz Lang,76,455,"$1,202,000","$2,948,500"
King Richard,2021,144,Drama,History,Reinaldo Marcus Green,76,2937,"$50,000,000","$39,400,000"
Happy Together,1997,96,Drama,Romance,Wong Kar-Wai,76,824,"$125,000","$5,000,000"
10 Things I Hate About You,1999,97,Comedy,Romance,Gil Junger,76,9132,"$16,000,000","$53,478,166"
Giant,1956,201,Drama,Western,George Stevens,76,777,"$5,400,000","$32,855,818"
Billy Elliot,2000,111,Drama,Comedy,Stephen Daldry,76,4167,"$5,000,000","$109,280,263"
My Hero Academia: World Heroes' Mission,2021,105,Animation,Action,Kenji Nagasaki,76,650,-,"$46,940,541"
The Killer,1989,110,Action,Crime,John Woo,76,936,-,"$2,350,174"
American Gangster,2007,157,Drama,Crime,Ridley Scott,76,6223,"$100,000,000","$269,755,430"
The Big Sleep,1946,114,Mystery,Crime,Howard Hawks,76,1196,"$250,000","$10,682,000"
Sleepers,1996,147,Crime,Drama,Barry Levinson,76,4030,"$44,000,000","$165,600,000"
Godzilla Minus One,2023,125,Science Fiction,Horror,Takashi Yamazaki,76,3399,"$15,000,000","$113,676,322"
Desert Flower,2009,120,Drama,,Sherry Hormann,76,500,-,"$14,682,943"
Stagecoach,1939,96,Western,,John Ford,76,1266,"$531,374","$1,103,757"
A Close Shave,1996,30,Family,Animation,Nick Park,76,969,-,"$4,638"
"They Shoot Horses, Don't They?",1969,120,Drama,,Sydney Pollack,76,382,-,-
Hoop Dreams,1994,174,Documentary,,Steve James,76,343,"$700,000","$7,830,611"
Thelma & Louise,1991,130,Drama,Crime,Ridley Scott,76,3995,"$16,000,000","$45,361,000"
Elemental,2023,102,Animation,Comedy,Peter Sohn,76,5539,"$200,000,000","$496,444,308"
The Super Mario Bros. Movie,2023,93,Family,Comedy,Aaron Horvath,76,11118,"$100,000,000","$1,360,879,735"
Being There,1979,130,Comedy,Drama,Hal Ashby,76,1158,-,"$30,177,511"
The Wild Bunch,1969,145,Western,,Sam Peckinpah,76,1376,"$6,244,087","$638,641"
JFK,1991,189,Drama,Thriller,Oliver Stone,76,2490,"$40,000,000","$205,405,498"
The Fault in Our Stars,2014,126,Romance,Drama,Josh Boone,76,11686,"$14,000,000","$307,166,834"
My Man Godfrey,1936,95,Comedy,,Gregory La Cava,76,405,"$575,375","$684,200"
The Tenant,1976,126,Thriller,Mystery,Roman Polanski,76,1260,-,"$5,100,000"
Corpse Bride,2005,77,Romance,Fantasy,Tim Burton,76,10412,"$40,000,000","$118,133,252"
The Last Emperor,1987,163,Drama,History,Bernardo Bertolucci,76,1978,"$23,800,000","$44,000,000"
The Fifth Element,1997,126,Science Fiction,Action,Luc Besson,76,12130,"$90,000,000","$263,920,180"
To All the Boys I've Loved Before,2018,100,Comedy,Romance,Susan Johnson,76,8769,-,-
Fitzcarraldo,1982,157,Drama,Adventure,Werner Herzog,76,919,"$7,362,000",-
King Kong,1933,100,Adventure,Fantasy,Merian C. Cooper,76,1664,"$672,000","$10,001,781"
Ready Player One,2018,140,Adventure,Action,Steven Spielberg,76,17345,"$175,000,000","$607,274,134"
Stray Dog,1949,122,Crime,Drama,Akira Kurosawa,76,375,-,"$47,005"
The Train,1964,133,War,Thriller,John Frankenheimer,76,393,"$5,800,000","$6,800,000"
Harold and Maude,1971,92,Comedy,Drama,Hal Ashby,76,1242,"$1,200,000",-
Tuner,2026,108,Crime,Drama,Daniel Roher,76,419,"$7,000,000","$13,505,364"
"tick, tick... BOOM!",2021,120,Drama,Music,Lin-Manuel Miranda,76,2367,-,-
Deadpool & Wolverine,2024,128,Action,Comedy,Shawn Levy,76,9423,"$200,000,000","$1,338,073,645"
Sword of the Stranger,2007,103,Action,Animation,Masahiro Ando,76,483,-,-
The Big Country,1958,167,Drama,Western,William Wyler,76,428,-,"$3,500,000"
Confessions,2010,107,Drama,Thriller,Tetsuya Nakashima,76,1022,-,"$45,203,103"
The Sicilian Clan,1969,121,Crime,Drama,Henri Verneuil,76,382,"$19,000,000",-
The Garden of Words,2013,46,Animation,Drama,Makoto Shinkai,76,2286,-,"$820,165"
Avatar: The Way of Water,2022,192,Action,Adventure,James Cameron,76,14607,"$460,000,000","$2,334,484,620"
Guess Who's Coming to Dinner,1967,108,Drama,Romance,Stanley Kramer,76,937,"$4,000,000","$56,666,667"
Beasts of No Nation,2015,137,Drama,War,Cary Joji Fukunaga,76,1925,"$6,000,000","$9,077,700"
Drive,2011,100,Drama,Thriller,Nicolas Winding Refn,76,13983,"$15,000,000","$79,713,640"
Tombstone,1993,130,Western,Action,George P. Cosmatos,76,2541,"$25,000,000","$73,205,065"
Cinderella Man,2005,144,Romance,Drama,Ron Howard,76,2482,"$88,000,000","$108,539,911"
Coach Carter,2005,136,Drama,History,Thomas Carter,76,3394,"$30,000,000","$76,669,554"
The Wizard of Oz,1939,102,Adventure,Fantasy,Victor Fleming,76,6280,"$2,777,000","$33,754,967"
Finding Vivian Maier,2014,83,Documentary,,John Maloof,76,336,-,"$1,503,616"
Thor: Ragnarok,2017,131,Action,Science Fiction,Taika Waititi,76,22462,"$180,000,000","$855,301,806"
The Hobbit: The Desolation of Smaug,2013,161,Fantasy,Adventure,Peter Jackson,76,14557,"$250,000,000","$958,400,000"
Secrets & Lies,1996,142,Drama,,Mike Leigh,76,751,"$4,500,000","$13,417,292"
Imagine Me & You,2006,93,Drama,Comedy,Ol Parker,76,1135,"$1,000,000","$2,500,000"
The Six Triple Eight,2024,130,Drama,War,Tyler Perry,76,725,-,-
Predator,1987,107,Science Fiction,Action,John McTiernan,76,9490,"$15,000,000","$98,267,558"
Ready or Not: Here I Come,2026,108,Horror,Comedy,Matt Bettinelli-Olpin,76,1608,"$14,000,000","$42,940,054"
Victoria,2015,138,Crime,Thriller,Sebastian Schipper,76,1395,-,"$3,191,971"
Cure,1997,111,Crime,Horror,Kiyoshi Kurosawa,76,861,"$20,000","$234,821"
Treasure Planet,2002,96,Science Fiction,Adventure,Ron Clements,76,4724,"$140,000,000","$109,578,115"
The Game,1997,129,Drama,Thriller,David Fincher,76,7560,"$50,000,000","$109,423,648"
The Diving Bell and the Butterfly,2007,112,Drama,History,Julian Schnabel,76,1313,"$14,000,020","$19,777,647"
The Butterfly Effect,2004,113,Science Fiction,Thriller,Eric Bress,76,8500,"$13,000,000","$96,800,000"
Back to the Outback,2021,92,Family,Animation,Harry Cripps,76,804,-,-
Girl in the Basement,2021,88,Thriller,Crime,Elisabeth Röhm,76,891,-,-
Going Clear: Scientology and the Prison of Belief,2015,120,Documentary,,Alex Gibney,76,885,-,-
Casino Royale,2006,144,Adventure,Action,Martin Campbell,76,11989,"$150,000,000","$599,045,960"
The Snowman,1982,25,Adventure,Animation,Dianne Jackson,76,366,-,-
Manon of the Spring,1986,115,Drama,,Claude Berri,76,577,-,-
Battleship Potemkin,1925,75,Drama,History,Sergei Eisenstein,76,1332,-,"$45,100"
Hair Love,2019,7,Animation,Family,Matthew A. Cherry,76,499,"$284,058",-
Amy,2015,128,Documentary,Music,Asif Kapadia,76,1331,-,"$23,706,386"
Wrath of Man,2021,119,Thriller,Crime,Guy Ritchie,76,6291,"$40,000,000","$103,966,489"
I Still Believe,2020,115,Music,Drama,Jon Erwin,76,1249,"$12,000,000","$16,069,730"
The Irishman,2019,209,Crime,Drama,Martin Scorsese,76,7704,"$159,000,000","$968,853"
Ex Machina,2015,108,Drama,Science Fiction,Alex Garland,76,14571,"$15,000,000","$36,869,414"
Touching the Void,2003,106,Documentary,Action,Kevin Macdonald,76,478,-,"$13,885,802"
Changeling,2008,142,Crime,Drama,Clint Eastwood,76,4594,"$55,000,000","$113,400,000"
Facing the Giants,2006,111,Drama,,Alex Kendrick,76,505,"$100,000","$10,307,987"
Hot Fuzz,2007,121,Crime,Action,Edgar Wright,76,8592,"$12,000,000","$80,600,000"
In the Grey,2026,97,Action,Thriller,Guy Ritchie,76,948,"$70,000,000","$27,117,528"
Meshes of the Afternoon,1943,14,Mystery,Fantasy,Maya Deren,76,453,$275,-
Carandiru,2003,145,Drama,,Héctor Babenco,76,629,"$4,100,000","$10,781,635"
Gattaca,1997,107,Science Fiction,Drama,Andrew Niccol,76,7136,"$36,000,000","$12,532,777"
Talk to Her,2002,112,Drama,Romance,Pedro Almodóvar,76,1480,"$6,500,000","$64,826,117"
The Turin Horse,2011,155,Drama,,Béla Tarr,76,430,"$1,000,000","$162,088"
Bullet in the Head,1990,136,Action,Crime,John Woo,76,330,"$3,500,000","$1,092,869"
Encanto,2021,102,Animation,Comedy,Jared Bush,76,10393,"$150,000,000","$261,292,688"
Kramer vs. Kramer,1979,105,Drama,,Robert Benton,76,2535,"$8,000,000","$106,260,000"
The Emperor's New Groove,2000,78,Adventure,Animation,Mark Dindal,76,7461,"$100,000,000","$169,327,687"
Searching,2018,102,Drama,Mystery,Aneesh Chaganty,76,4360,"$880,000","$75,636,047"
Moana,2016,107,Adventure,Comedy,Ron Clements,76,14010,"$150,000,000","$690,860,472"
I Origins,2014,106,Science Fiction,Drama,Mike Cahill,76,3550,"$1,000,000","$481,234"
Steins;Gate: The Movie - Load Region of Déjà Vu,2013,90,Science Fiction,Animation,Hiroshi Hamasaki,76,410,-,"$4,843,719"
Minions & Monsters,2026,90,Adventure,Animation,Pierre Coffin,76,1091,"$85,000,000","$505,515,960"
Bāhubali: The Beginning,2015,159,Action,Drama,S. S. Rajamouli,76,960,"$25,130,430","$90,747,520"
Dragon Ball Z: Fusion Reborn,1995,55,Animation,Action,Shigeyasu Yamauchi,76,956,-,"$23,500,000"
The Girl with the Needle,2024,123,Drama,History,Magnus von Horn,76,390,-,"$470,300"
Les Misérables,2019,104,Crime,Drama,Ladj Ly,76,1628,"$2,500,000","$54,606,372"
Our Little Sister,2015,127,Drama,,Hirokazu Kore-eda,76,586,-,"$346,485"
Moon,2009,97,Science Fiction,Drama,Duncan Jones,76,6498,"$5,000,000","$9,760,104"
Malena,2000,108,Drama,,Giuseppe Tornatore,76,2819,-,"$14,493,284"
Yu-Gi-Oh!: The Dark Side of Dimensions,2016,130,Adventure,Animation,Satoshi Kuwabara,76,470,-,"$7,445,186"
Mira,2022,110,Science Fiction,Drama,Dmitry Kiselyov,76,473,"$6,042,800",-
The Sandlot,1993,101,Family,Comedy,David Mickey Evans,76,1380,"$7,000,000","$34,348,444"
I Am Sam,2001,132,Drama,,Jessie Nelson,76,2577,"$22,000,000","$92,542,418"
Police Story,1985,99,Action,Crime,Jackie Chan,76,1097,-,"$18,724,000"
The Sea Inside,2004,126,Drama,,Alejandro Amenábar,76,1046,"$12,806,000","$43,731,621"
The Woman King,2022,135,Action,Drama,Gina Prince-Bythewood,76,2425,"$50,000,000","$97,562,514"
Rurouni Kenshin Part II: Kyoto Inferno,2014,138,Action,Adventure,Keishi Otomo,76,670,-,-
Poetry,2010,139,Drama,,Lee Chang-dong,76,350,-,"$349,899"
A Prophet,2009,155,Crime,Drama,Jacques Audiard,76,1780,"$13,000,000","$17,874,044"
Purple Noon,1960,118,Crime,Drama,René Clément,76,621,-,-
Ferris Bueller's Day Off,1986,103,Comedy,,John Hughes,76,5561,"$6,000,000","$70,100,000"
Lilo & Stitch,2002,85,Animation,Family,Chris Sanders,76,7235,"$80,000,000","$273,144,151"
Blood Diamond,2006,143,Drama,Thriller,Edward Zwick,76,8531,"$100,000,000","$171,720,398"
A Few Good Men,1992,138,Drama,,Rob Reiner,76,4314,"$40,000,000","$243,240,178"
The Fabelmans,2022,151,Drama,,Steven Spielberg,76,2870,"$40,000,000","$45,629,909"
Rise,2022,113,Drama,,Akin Omotoso,76,313,-,-
Trollhunters: Rise of the Titans,2021,106,Animation,Fantasy,Francisco Ruiz Velasco,76,371,-,-
Heroic Losers,2019,116,Comedy,Thriller,Sebastián Borensztein,76,625,-,"$7,364,054"
"Girl, Interrupted",1999,127,Drama,,James Mangold,76,4274,"$40,000,000","$48,350,205"
Gandhi,1982,192,Drama,History,Richard Attenborough,76,2566,"$22,000,000","$77,737,889"
The Little World of Don Camillo,1952,107,Comedy,,Julien Duvivier,76,317,-,-
Malcolm X,1992,202,Drama,History,Spike Lee,76,1983,"$34,000,000","$48,169,908"
Halloween,1978,91,Horror,Thriller,John Carpenter,76,6340,"$325,000","$70,260,597"
Dave Chappelle: Sticks & Stones,2019,65,Comedy,,Stan Lathan,76,392,-,-
Who Am I,2014,105,Thriller,,Baran bo Odar,76,1765,-,"$7,700,259"
Beautiful Boy,2018,121,Drama,,Felix van Groeningen,76,2952,"$25,000,000","$31,749,905"
Woodstock,1970,224,Documentary,Music,Michael Wadleigh,76,301,"$600,000","$50,000,000"
Doctor Zhivago,1965,200,Drama,Romance,David Lean,76,1307,"$11,000,000","$111,858,363"
They Call Me Trinity,1970,115,Action,Comedy,Enzo Barboni,76,1499,-,-
Ride Your Wave,2019,95,Animation,Romance,Masaaki Yuasa,76,383,-,-
Manchester by the Sea,2016,138,Drama,,Kenneth Lonergan,75,6559,"$9,000,000","$79,000,000"
Mary Poppins,1964,139,Comedy,Family,Robert Stevenson,76,5103,"$4,650,000","$103,100,000"
Au Hasard Balthazar,1966,96,Drama,,Robert Bresson,75,525,-,"$39,388"
My Sassy Girl,2001,137,Drama,Comedy,Kwak Jae-yong,75,679,-,"$32,000,000"
Lost Highway,1997,134,Drama,Thriller,David Lynch,75,3043,"$15,000,000","$3,897,982"
Bao,2018,8,Animation,Family,Domee Shi,75,1343,-,-
Redline,2009,102,Animation,Action,Takeshi Koike,75,594,-,-
A Chinese Odyssey Part One: Pandora's Box,1995,88,Action,Adventure,Jeffrey Lau Chun-Wai,75,318,-,"$3,237,520"
Let the Right One In,2008,115,Horror,Drama,Tomas Alfredson,75,3353,"$4,000,000","$10,785,801"
Feel the Beat,2020,107,Comedy,Music,Elissa Down,75,1180,-,-
Spielberg,2017,147,Documentary,,Susan Lacy,75,314,-,-
Lou,2017,6,Family,Fantasy,Dave Mullins,75,437,-,-
Barbie: Princess Charm School,2011,79,Family,Animation,Ezekiel Norton,75,889,-,-
Fury,2014,135,War,Drama,David Ayer,75,13220,"$68,000,000","$211,817,906"
The Wrestler,2008,109,Drama,Romance,Darren Aronofsky,75,4131,"$6,000,000","$44,734,660"
Shaun of the Dead,2004,99,Horror,Comedy,Edgar Wright,75,9614,"$6,000,000","$39,396,175"
Le Corbeau,1943,92,Mystery,Drama,Henri-Georges Clouzot,75,326,-,-
"4 Months, 3 Weeks and 2 Days",2007,114,Drama,,Cristian Mungiu,75,846,"$852,510","$1,185,783"
Spies in Disguise,2019,102,Animation,Action,Nick Bruno,75,3045,"$100,000,000","$171,616,764"
What We Do in the Shadows,2014,86,Comedy,Horror,Jemaine Clement,75,4061,"$1,600,000","$6,300,000"
The Conjuring,2013,112,Horror,Thriller,James Wan,75,13049,"$13,000,000","$321,293,998"
The Revenant,2015,157,Western,Drama,Alejandro G. Iñárritu,75,19686,"$135,000,000","$532,950,503"
Sling Blade,1996,135,Drama,,Billy Bob Thornton,75,891,"$1,200,000","$34,100,000"
Drishyam,2015,163,Mystery,Thriller,Nishikant Kamat,75,508,"$4,600,000","$18,000,000"
Exit Through the Gift Shop,2010,86,Documentary,,Banksy,75,993,-,"$4,790,751"
Who Framed Roger Rabbit,1988,104,Fantasy,Animation,Robert Zemeckis,75,6335,"$50,600,000","$351,500,000"
True Romance,1993,119,Action,Crime,Tony Scott,75,3167,"$12,500,000","$12,600,000"
The Danish Girl,2015,119,Drama,,Tom Hooper,75,6011,"$15,000,000","$64,200,000"
Mr. Deeds Goes to Town,1936,115,Comedy,Drama,Frank Capra,75,416,-,-
Spartacus,1960,197,History,Drama,Stanley Kubrick,75,2449,"$12,000,000","$60,000,000"
The Passion of the Christ,2004,127,Drama,,Mel Gibson,75,5334,"$30,000,000","$610,063,468"
Inside Out 2,2024,97,Animation,Adventure,Kelsey Mann,75,6968,"$200,000,000","$1,698,863,816"
Captain Phillips,2013,134,Action,Drama,Paul Greengrass,75,7672,"$55,000,000","$218,791,811"
The Ghost and Mrs. Muir,1947,105,Romance,Fantasy,Joseph L. Mankiewicz,75,367,-,-
The Girl with the Dragon Tattoo,2009,152,Drama,Thriller,Niels Arden Oplev,75,3314,"$13,000,000","$109,421,911"
Jules and Jim,1962,106,Drama,Romance,François Truffaut,75,1069,-,-
Pandora,2016,136,Thriller,Drama,Park Jung-woo,75,519,"$13,938,145","$30,169,000"
The Philadelphia Story,1940,113,Comedy,Romance,George Cukor,75,1022,"$914,000","$3,300,000"
Arthur the King,2024,107,Adventure,Drama,Simon Cellan Jones,75,988,"$19,000,000","$40,829,138"
"Ugly, Dirty and Bad",1976,115,Comedy,Drama,Ettore Scola,75,353,-,-
My Left Foot: The Story of Christy Brown,1989,103,Drama,,Jim Sheridan,75,1061,"$645,180","$14,743,391"
L'Avventura,1960,144,Drama,Mystery,Michelangelo Antonioni,75,769,-,-
Midnight Cowboy,1969,113,Drama,,John Schlesinger,75,1675,"$3,600,000","$44,785,053"
Cold Eyes,2013,119,Crime,Action,Cho Ui-seok,75,386,-,"$37,795,598"
X-Men: Days of Future Past,2014,132,Action,Adventure,Bryan Singer,75,16638,"$250,000,000","$748,045,700"
We Need to Talk About Kevin,2011,113,Drama,Thriller,Lynne Ramsay,75,3193,"$7,000,000","$10,800,000"
The Book of Life,2014,95,Animation,Family,Jorge R. Gutierrez,75,3008,"$50,000,000","$97,437,106"
Rurouni Kenshin Part I: Origins,2012,134,Adventure,Action,Keishi Otomo,75,942,-,"$61,700,000"
Donnie Brasco,1997,127,Crime,Drama,Mike Newell,75,4975,"$35,000,000","$124,909,762"
Grizzly Man,2005,103,Documentary,,Werner Herzog,75,987,-,-
Angels with Dirty Faces,1938,97,Crime,Drama,Michael Curtiz,75,364,"$633,000","$1,700,000"
"Good Bye, Lenin!",2003,121,Comedy,Drama,Wolfgang Becker,75,2697,"$4,800,000","$79,384,880"
The Seven Deadly Sins: Prisoners of the Sky,2018,99,Action,Adventure,Yasuto Nishikata,75,1094,-,"$3,914,227"
Zodiac,2007,157,Crime,Mystery,David Fincher,75,11873,"$65,000,000","$84,785,914"
The Crow,1994,102,Fantasy,Action,Alex Proyas,75,4665,"$23,000,000","$93,722,164"
Silver Skates,2020,136,Adventure,Drama,Michael Lockshin,75,316,-,"$7,099,734"
PAW Patrol: Mighty Pups,2018,44,Adventure,Animation,,75,591,-,-
Italian Race,2016,119,Drama,,Matteo Rovere,75,972,-,"$2,412,312"
Training Day,2001,122,Action,Crime,Antoine Fuqua,75,6820,"$45,000,000","$104,900,000"
Hotel Mumbai,2019,123,Thriller,History,Anthony Maras,75,1790,"$25,000,000","$16,900,000"
Me and Earl and the Dying Girl,2015,105,Drama,Comedy,Alfonso Gomez-Rejon,75,2821,-,-
"Synecdoche, New York",2008,124,Drama,,Charlie Kaufman,75,1668,"$20,000,000","$4,383,538"
Au Revoir les Enfants,1987,105,Drama,War,Louis Malle,75,749,"$3,000,000","$4,542,825"
Evil Dead II,1987,84,Horror,Comedy,Sam Raimi,75,3648,"$3,500,000","$5,932,279"
The Day of the Jackal,1973,143,Action,Thriller,Fred Zinnemann,75,709,-,"$16,056,255"
The Round Up,2010,115,Drama,History,Roselyne Bosch,75,1052,"$20,000,000","$25,346,148"
Serpico,1973,129,Crime,Drama,Sidney Lumet,75,2260,"$3,500,000","$30,800,000"
East of Eden,1955,115,Drama,,Elia Kazan,75,833,$2,"$5,000,000"
Dark Waters,2019,127,Drama,Thriller,Todd Haynes,75,2611,"$20,000,000","$13,601,384"
The Adventures of Pinocchio,1972,135,Fantasy,Drama,Luigi Comencini,75,327,-,-
The Consequences of Love,2004,100,Drama,Thriller,Paolo Sorrentino,75,923,-,-
Kikujiro,1999,121,Comedy,Drama,Takeshi Kitano,75,614,-,-
Ninotchka,1939,110,Comedy,Romance,Ernst Lubitsch,75,447,"$1,365,000","$2,279,000"
The Tomorrow War,2021,138,Action,Science Fiction,Chris McKay,75,4450,"$200,000,000","$14,400,000"
Godzilla vs. Kong,2021,114,Action,Science Fiction,Adam Wingard,75,10812,"$200,000,000","$470,116,094"
The Beatles: Eight Days a Week - The Touring Years,2016,106,Documentary,Music,Ron Howard,75,390,$5,"$12,283,800"
Where Eagles Dare,1968,155,Adventure,War,Brian G. Hutton,75,1029,"$7,700,000","$21,000,000"
Dolls,2002,114,Drama,Romance,Takeshi Kitano,75,378,-,-
The Hand of God,2021,130,Drama,,Paolo Sorrentino,75,1810,"$13,050,000","$167,909"
The Man Who Copied,2003,123,Comedy,Drama,Jorge Furtado,75,384,"$514,059","$24,391"
Seven Chances,1925,56,Comedy,Romance,Buster Keaton,75,340,-,-
In Cold Blood,1967,134,Crime,Drama,Richard Brooks,75,449,"$3,500,000","$13,007,551"
Hard Boiled,1992,126,Action,Thriller,John Woo,75,980,"$4,500,000","$2,592,782"
The Seed of the Sacred Fig,2024,167,Drama,Thriller,Mohammad Rasoulof,75,513,"$3,000,000","$6,501,810"
"Miraculous World: London, at the Edge of Time",2024,50,Animation,Family,Thomas Astruc,75,325,-,-
The Wolf's Call,2019,116,Thriller,Action,Antonin Baudry,75,2198,"$22,400,000","$12,652,790"
The Body,2012,107,Thriller,Mystery,Oriol Paulo,75,1456,-,-
How the Grinch Stole Christmas!,1966,25,Animation,Family,Chuck Jones,75,1161,"$315,000",-
Menace II Society,1993,97,Drama,Crime,Allen Hughes,75,948,"$3,500,000","$27,900,000"
The Machinist,2004,102,Thriller,Drama,Brad Anderson,75,6340,"$5,000,000","$8,203,235"
Moulin Rouge!,2001,128,Drama,Romance,Baz Luhrmann,75,4943,"$52,500,000","$179,213,434"
Anonymously Yours,2021,101,Drama,Romance,María Torres,75,378,-,-
No Other Choice,2025,139,Comedy,Crime,Park Chan-wook,75,1276,"$12,200,000","$40,223,568"
Bianca,1984,96,Drama,Comedy,Nanni Moretti,75,413,-,-
The Shack,2017,132,Drama,Family,Stuart Hazeldine,75,2295,"$20,000,000","$96,942,115"
Winter Sleep,2014,196,Drama,,Nuri Bilge Ceylan,75,638,-,"$4,018,705"
The Flu,2013,122,Action,Science Fiction,Kim Sung-soo,75,1299,-,"$19,775,853"
Kung Fu Hustle,2004,99,Action,Comedy,Stephen Chow,75,3320,"$20,000,000","$102,034,104"
The Holy Mountain,1973,115,Drama,,Alejandro Jodorowsky,75,1059,"$750,000","$96,262"
First Blood,1982,93,Action,Thriller,Ted Kotcheff,75,7080,"$15,000,000","$125,212,904"
The Iron Claw,2023,133,Drama,History,Sean Durkin,75,1340,"$15,900,000","$40,130,232"
The Blue Umbrella,2013,7,Animation,Romance,Saschka Unseld,75,597,-,-
The Second Tragic Fantozzi,1976,110,Comedy,,Luciano Salce,75,635,-,-
All That Jazz,1979,123,Drama,,Bob Fosse,75,628,"$12,000,000","$37,823,676"
Lady Vengeance,2005,115,Drama,Thriller,Park Chan-wook,75,2020,-,"$23,803,308"
Bowling for Columbine,2002,120,Documentary,Drama,Michael Moore,75,1737,"$4,000,000","$35,564,473"
E.T. the Extra-Terrestrial,1982,115,Adventure,Science Fiction,Steven Spielberg,75,12249,"$10,500,000","$797,307,407"
Vengeance,2026,103,Action,Thriller,Rodrigo Valdes,75,309,-,-
My Little Pony: Equestria Girls,2013,72,Animation,Comedy,Jayson Thiessen,75,313,-,"$485,232"
From Up on Poppy Hill,2011,91,Animation,Drama,Goro Miyazaki,75,1991,"$22,000,000","$61,037,844"
Champions,2018,124,Comedy,Family,Javier Fesser,75,788,"$4,920,975","$20,121,318"
Lady Snowblood,1973,97,Action,Crime,Toshiya Fujita,75,433,-,-
The Bad Guys,2022,100,Action,Adventure,Pierre Perifel,75,2674,"$80,000,000","$250,162,278"
Teen Titans Go! vs. Teen Titans,2019,77,Action,Animation,Jeff Mednikow,75,533,-,-
Paisan,1946,125,Drama,War,Roberto Rossellini,75,364,-,-
Fearless,2006,103,Drama,Action,Ronny Yu,75,1454,-,"$68,072,848"
Rescued by Ruby,2022,93,Family,Drama,Katt Shea,75,377,-,-
Anatomy of a Fall,2023,151,Thriller,Mystery,Justine Triet,75,3466,"$6,600,000","$36,000,000"
Father There Is Only One 2,2020,96,Comedy,Family,Santiago Segura,75,576,"$4,000,000","$14,871,307"
Mind Game,2004,103,Animation,Romance,Masaaki Yuasa,75,345,-,"$36,613"
Sonatine,1993,94,Action,Crime,Takeshi Kitano,75,705,-,"$58,834"
Sinners,2025,138,Horror,Action,Ryan Coogler,75,5156,"$100,000,000","$371,368,759"
The Black Phone,2022,103,Horror,Thriller,Scott Derrickson,75,6064,"$16,000,000","$161,441,914"
Upgrade,2018,100,Action,Thriller,Leigh Whannell,75,5231,"$3,000,000","$16,976,561"
BURN·E,2008,8,Animation,Family,Angus MacLane,75,831,-,-
The Invisible Man,1933,71,Horror,Science Fiction,James Whale,75,984,"$328,000","$27,105"
The Goonies,1985,114,Adventure,Comedy,Richard Donner,75,6399,"$19,000,000","$69,649,283"
Bringing Up Baby,1938,102,Comedy,Romance,Howard Hawks,75,1115,"$1,073,000",-
I Can Only Imagine,2018,110,Music,Drama,Jon Erwin,75,513,"$7,000,000","$86,086,881"
Somewhere in Time,1980,103,Drama,Fantasy,Jeannot Szwarc,75,686,"$5,100,000",-
The Manchurian Candidate,1962,126,Thriller,Drama,John Frankenheimer,75,840,"$2,200,000","$7,700,000"
Where the Crawdads Sing,2022,126,Drama,Mystery,Olivia Newman,75,2382,"$24,000,000","$144,353,965"
Rogue One: A Star Wars Story,2016,133,Action,Adventure,Gareth Edwards,75,16739,"$200,000,000","$1,056,057,273"
"It's the Great Pumpkin, Charlie Brown",1966,25,Family,Animation,Bill Melendez,75,468,-,-
The Birds,1963,119,Horror,Thriller,Alfred Hitchcock,75,4574,"$2,500,000","$11,500,000"
Night on Earth,1991,129,Comedy,Drama,Jim Jarmusch,75,1088,"$3,500,000","$2,015,810"
Dogman,2018,103,Crime,Drama,Matteo Garrone,75,2318,-,"$5,080,147"
Midnight in Paris,2011,94,Fantasy,Comedy,Woody Allen,75,7877,"$17,000,000","$151,119,219"
The Silence,1963,95,Drama,Romance,Ingmar Bergman,75,410,-,-
Empire of the Sun,1987,153,Drama,History,Steven Spielberg,75,2198,"$35,000,000","$66,700,000"
Souleymane's Story,2024,94,Drama,,Boris Lojkine,75,400,-,"$4,399,858"
Life Itself,2014,121,Documentary,,Steve James,75,375,-,-
The Castle of Cagliostro,1979,102,Animation,Adventure,Hayao Miyazaki,75,1167,"$7,202,188","$8,194,857"
Balloon,2018,125,Thriller,Drama,Michael Herbig,75,495,-,"$11,859,396"
The Call of the Wild,2020,100,Adventure,Family,Chris Sanders,75,4011,"$109,000,000","$111,200,000"
The Great Beauty,2013,142,Drama,,Paolo Sorrentino,75,3358,"$9,200,000","$24,930,592"
The Man Who Wasn't There,2001,116,Crime,Drama,Ethan Coen,75,1807,"$20,000,000","$18,918,721"
The Wild Pear Tree,2018,188,Drama,,Nuri Bilge Ceylan,75,324,-,-
Peppermint Candy,2000,131,Drama,,Lee Chang-dong,75,309,-,-
I Can't Think Straight,2008,82,Drama,Romance,Shamim Sarif,75,334,-,"$40,945"
Gaslight,1944,114,Thriller,Drama,George Cukor,75,592,"$2,068,000",-
How to Steal a Million,1966,123,Comedy,Crime,William Wyler,75,682,"$6,400,000","$4,400,000"
About Fate,2022,99,Romance,Comedy,Maryus  Vaysberg,75,546,-,"$504,843"
Kedi,2017,79,Documentary,,Ceyda Torun,75,374,-,"$5,037,923"
Indie Game: The Movie,2012,103,Documentary,Drama,Lisanne Pajot,75,499,-,-
Black Narcissus,1947,100,Drama,,Emeric Pressburger,75,572,"$1,200,000",-
No Man's Land,2001,98,Action,History,Danis Tanović,75,519,"$1,012,153","$4,858,869"
Sabrina,1954,114,Comedy,Romance,Billy Wilder,75,1392,"$2,239,000","$10,000,000"
Control,2007,122,Drama,,Anton Corbijn,75,964,"$5,000,000","$8,200,000"
A Perfect World,1993,138,Drama,Crime,Clint Eastwood,75,1920,"$30,000,000","$135,100,000"
Almost Famous,2000,124,Drama,Music,Cameron Crowe,75,3221,"$60,000,000","$47,386,287"
My Policeman,2022,113,Drama,Romance,Michael Grandage,75,789,-,-
The Good Lie,2014,110,Drama,,Philippe Falardeau,75,620,"$20,000,000","$3,396,345"
Batman: Mask of the Phantasm,1993,76,Animation,Crime,Bruce Timm,75,1291,"$6,000,000","$5,617,391"
My Cousin Vinny,1992,119,Comedy,Drama,Jonathan Lynn,75,1975,"$11,000,000","$64,088,552"
Letters from Iwo Jima,2006,141,Action,Drama,Clint Eastwood,75,2390,"$19,000,000","$68,673,228"
Bride of Frankenstein,1935,75,Horror,Science Fiction,James Whale,75,1138,"$393,750","$2,000,000"
Hero,2002,99,Drama,Adventure,Zhang Yimou,75,2586,"$31,000,000","$177,394,432"
Mission: Impossible - Dead Reckoning Part One,2023,164,Action,Adventure,Christopher McQuarrie,75,5357,"$220,000,000","$571,125,435"
Sorry If I Call You Love,2014,105,Romance,Drama,Joaquín Llamas,75,544,-,-
Escape from Alcatraz,1979,113,Drama,Thriller,Don Siegel,75,3274,"$8,000,000","$43,004,381"
The Thin Man,1934,91,Comedy,Mystery,W.S. Van Dyke,75,554,"$226,408","$1,423,000"
The Magnificent Seven,1960,128,Western,Action,John Sturges,75,2049,"$2,000,000","$19,500,000"
Hercules,1997,93,Animation,Family,John Musker,75,8096,"$85,000,000","$252,712,101"
Beauty and the Beast,1946,96,Drama,Fantasy,Jean Cocteau,75,688,-,-
"One, Two, Three",1961,109,Comedy,,Billy Wilder,75,435,"$3,000,000","$4,000,000"
Walk the Line,2005,136,Drama,Music,James Mangold,75,3215,"$28,000,000","$186,800,000"
My Dinner with Andre,1981,112,Drama,Comedy,Louis Malle,75,478,"$475,000","$5,250,000"
A Grand Day Out,1990,24,Family,Animation,Nick Park,75,1034,"$17,300","$40,118"
The Name of the Rose,1986,130,Drama,Thriller,Jean-Jacques Annaud,75,3396,"$18,000,000","$77,200,000"
The Asphalt Jungle,1950,113,Crime,Drama,John Huston,75,548,"$1,232,000",-
In Bruges,2008,108,Comedy,Drama,Martin McDonagh,75,5962,"$15,000,000","$34,533,783"
Ghostbusters,1984,105,Comedy,Fantasy,Ivan Reitman,75,9981,"$30,000,000","$296,640,120"
The Conversation,1974,115,Crime,Drama,Francis Ford Coppola,75,2106,"$1,600,000","$4,794,457"
Johnny Got His Gun,1971,112,War,Drama,Dalton Trumbo,75,427,"$1,000,000",-
Men of Honor,2000,129,Drama,,George Tillman Jr.,75,2578,"$32,000,000","$82,300,000"
Back to the Future Part III,1990,119,Adventure,Comedy,Robert Zemeckis,75,11804,"$40,000,000","$244,527,583"
Before Midnight,2013,109,Romance,Drama,Richard Linklater,75,2786,"$3,000,000","$11,176,469"
Bāhubali 2: The Conclusion,2017,167,Action,Adventure,S. S. Rajamouli,75,882,"$31,000,000","$280,700,000"
Thesis,1996,125,Horror,Thriller,Alejandro Amenábar,75,981,-,"$2,647,055"
Head-On,2004,122,Drama,Romance,Fatih Akin,75,646,-,"$11,030,861"
The Fallout,2021,96,Drama,,Megan Park,75,1332,-,-
Tell It to the Bees,2019,106,Romance,Drama,Annabel Jankel,75,478,-,-
One Piece Film: Z,2012,108,Animation,Fantasy,Tatsuya Nagamine,75,574,-,"$74,223,861"
The French Connection,1971,104,Action,Crime,William Friedkin,75,2203,"$1,800,000","$41,200,000"
South Park: Joining the Panderverse,2023,49,Animation,Comedy,Trey Parker,75,300,-,-
Boyhood,2014,165,Drama,,Richard Linklater,75,5634,"$4,000,000","$48,137,666"
Shadow of a Doubt,1943,107,Thriller,Mystery,Alfred Hitchcock,75,1188,-,-
Devdas,2002,185,Drama,Romance,Sanjay Leela Bhansali,75,390,"$6,663,555","$13,311,117"
Buena Vista Social Club,1999,105,Documentary,Music,Wim Wenders,75,384,-,-
Our Hospitality,1923,73,Comedy,Romance,John G. Blystone,75,327,-,-
To All the Boys: Always and Forever,2021,114,Romance,Comedy,Michael Fimognari,75,2091,-,-
Instant Family,2018,118,Comedy,Drama,Sean Anders,75,3300,"$48,000,000","$121,000,000"
All Three of Us,2015,102,Drama,Comedy,Kheiron,75,505,-,-
The Book Thief,2013,131,Drama,,Brian Percival,75,4580,"$19,000,000","$76,586,316"
Prison Break: The Final Break,2009,89,Action,Drama,Brad Turner,75,749,-,-
Bonnie and Clyde,1967,111,Crime,Drama,Arthur Penn,75,1847,"$2,500,000","$70,000,000"
Mulan: Rise of a Warrior,2009,115,Adventure,Drama,Jingle Ma Choh-Sing,75,459,"$12,000,000","$13,380,561"
The Man Who Would Be King,1975,129,Adventure,Drama,John Huston,75,735,"$8,000,000","$12,678"
A Star Is Born,2018,136,Music,Drama,Bradley Cooper,75,12382,"$36,000,000","$436,388,866"
Glory,1989,122,Drama,History,Edward Zwick,75,1867,"$18,000,000","$26,800,000"
Work It,2020,93,Comedy,Music,Laura Terruso,75,1229,-,-
The Greatest Beer Run Ever,2022,127,Drama,Comedy,Peter Farrelly,75,941,"$2,800,000",-
Deadpool 2,2018,120,Action,Comedy,David Leitch,75,19636,"$110,000,000","$785,896,632"
"McFarland, USA",2015,128,Drama,Family,Niki Caro,75,971,"$17,200,000","$45,710,059"
For the Birds,2000,4,Animation,Family,Ralph Eggleston,75,1341,-,-
The Wave,2008,107,Drama,Thriller,Dennis Gansel,75,3689,"$7,500,000","$32,350,637"
The Fugitive,1993,131,Action,Thriller,Andrew Davis,75,4945,"$44,000,000","$368,875,760"
The Rules of the Game,1939,110,Drama,Comedy,Jean Renoir,75,678,"$8,850,000","$273,520"
Rebel Without a Cause,1955,111,Drama,,Nicholas Ray,75,1816,"$1,500,000","$4,500,000"
BlacKkKlansman,2018,136,Crime,Comedy,Spike Lee,75,8259,"$15,000,000","$93,411,426"
Paddington 2,2017,104,Adventure,Comedy,Paul King,75,2890,"$40,000,000","$290,132,513"
The 36th Chamber of Shaolin,1978,116,Action,Adventure,Lau Kar-leung,75,518,-,-
After Hours,1985,97,Comedy,Thriller,Martin Scorsese,75,1828,"$4,500,000","$10,609,321"
I Lost My Body,2019,81,Animation,Drama,Jérémy Clapin,75,1364,-,-
Carol,2015,118,Romance,Drama,Todd Haynes,75,4033,"$11,800,000","$40,272,135"
All About Lily Chou-Chou,2001,146,Drama,Crime,Shunji Iwai,75,318,"$1,250,000","$6,776,921"
The Innocents,1961,100,Horror,Mystery,Jack Clayton,75,687,"$430,000","$1,200,000"
The Bourne Identity,2002,119,Action,Mystery,Doug Liman,75,10375,"$60,000,000","$214,034,224"
Fatherhood,2021,109,Drama,Comedy,Paul Weitz,75,1568,-,-
About Elly,2009,119,Drama,,Asghar Farhadi,75,564,-,-
Peaceful Warrior,2006,120,Drama,,Victor Salva,75,502,-,-
The Great Silence,1968,107,Western,Drama,Sergio Corbucci,75,472,-,"$500,000"
Shang-Chi and the Legend of the Ten Rings,2021,132,Action,Adventure,Destin Daniel Cretton,75,10718,"$150,000,000","$432,243,292"
"Oslo, August 31st",2011,95,Drama,,Joachim Trier,75,530,-,"$1,481,665"
Scott Pilgrim vs. the World,2010,113,Action,Comedy,Edgar Wright,75,8857,"$73,000,000","$51,825,248"
Operation Y and Other Shurik's Adventures,1965,95,Comedy,,Leonid Gaidai,75,524,-,-
The Double Life of Véronique,1991,98,Drama,Fantasy,Krzysztof Kieślowski,75,914,-,"$1,999,955"
Dawn of the Dead,1978,127,Horror,Science Fiction,George A. Romero,75,2372,"$640,000","$55,000,000"
Eyes Wide Shut,1999,159,Drama,Thriller,Stanley Kubrick,75,7287,"$65,000,000","$162,517,900"
Sidewalls,2011,94,Drama,Romance,Gustavo Taretto,75,321,"$11,000,000","$2,140"
You Can't Take It with You,1938,126,Comedy,Romance,Frank Capra,75,464,"$1,640,000","$7,433,101"
Barbie as The Princess & the Pauper,2004,86,Animation,Family,William Lau,75,1555,-,-
Band of Outsiders,1964,97,Crime,Drama,Jean-Luc Godard,75,621,"$120,000","$182,857"
Veer-Zaara,2004,192,Drama,Romance,Yash Chopra,75,317,"$7,000,000","$29,385,320"
Custody,2018,93,Drama,Thriller,Xavier Legrand,75,742,-,"$81,455"
Kung Fury,2015,32,Action,Comedy,David Sandberg,75,2004,"$630,019",-
The Secret Life of Bees,2008,114,Family,Adventure,Gina Prince-Bythewood,75,596,"$11,000,000","$39,952,437"
District 9,2009,112,Science Fiction,,Neill Blomkamp,75,10632,"$30,000,000","$210,888,950"
Waking Life,2001,101,Animation,Drama,Richard Linklater,75,980,"$2,000,000","$3,176,880"
The Devil's Advocate,1997,144,Horror,Drama,Taylor Hackford,75,7026,"$57,000,000","$153,000,000"
Ed Wood,1994,127,Comedy,Drama,Tim Burton,75,2583,"$18,000,000","$5,900,000"
L'Atalante,1934,88,Comedy,Drama,Jean Vigo,75,477,-,-
The Incredible Shrinking Man,1957,81,Science Fiction,Adventure,Jack Arnold,75,585,"$750,000",-
Brother,1997,96,Crime,Drama,Aleksei Balabanov,75,492,"$10,000","$1,360,000"
Days of Heaven,1978,94,Drama,Romance,Terrence Malick,75,1205,"$3,000,000","$3,700,000"
My Fair Lady,1964,173,Comedy,Romance,George Cukor,75,1466,"$17,000,000","$72,661,442"
Breathless,1960,90,Drama,Crime,Jean-Luc Godard,75,2084,"$80,000",-
Willy Wonka & the Chocolate Factory,1971,100,Family,Fantasy,Mel Stuart,75,4069,"$3,000,000","$2,361,799"
Breaking the Waves,1996,159,Drama,Romance,Lars von Trier,75,1143,"$7,500,000","$23,000,000"
Only the Brave,2017,133,Drama,History,Joseph Kosinski,75,1943,"$38,000,000","$25,754,775"
The Favourite,2018,120,History,Comedy,Yorgos Lanthimos,75,6035,"$15,000,000","$95,918,706"
This Is England,2007,102,Drama,Crime,Shane Meadows,75,1458,"$2,380,000","$8,176,544"
Spread Your Wings,2019,113,Adventure,Family,Nicolas Vanier,75,334,-,"$12,703,596"
RBG,2018,98,Documentary,,Julie Cohen,75,314,-,"$2,002,767"
The Skin I Live In,2011,120,Drama,Horror,Pedro Almodóvar,75,4736,"$13,000,000","$33,750,478"
C.R.A.Z.Y.,2005,126,Comedy,Drama,Jean-Marc Vallée,75,525,-,"$3,692,417"
The Mandalorian and Grogu,2026,132,Action,Adventure,Jon Favreau,75,1593,"$165,000,000","$345,166,617"
The Insult,2017,112,Drama,Crime,Ziad Doueiri,75,489,"$3,000,000","$1,001,305"
The Last: Naruto the Movie,2014,114,Action,Romance,Tsuneo Kobayashi,75,2421,"$750,000","$19,840,000"
Adam's Apples,2005,95,Drama,Comedy,Anders Thomas Jensen,75,818,"$3,700,000",-
Birdman of Alcatraz,1962,147,Drama,Crime,John Frankenheimer,75,353,"$2,650,000","$3,100,000"
Lucky Number Slevin,2006,110,Drama,Thriller,Paul McGuigan,75,4615,"$27,000,000","$56,300,000"
The Beasts,2022,138,Thriller,Drama,Rodrigo Sorogoyen,75,976,"$3,900,000","$10,238,603"
Gilda,1946,110,Romance,Drama,Charles Vidor,75,675,"$2,000,000","$6,000,000"
Sorcerer,1977,122,Thriller,Adventure,William Friedkin,75,691,"$22,000,000","$9,000,000"
The White Ribbon,2009,144,Drama,Mystery,Michael Haneke,75,1177,"$21,555,450","$11,652,157"
The Two Popes,2019,125,Drama,History,Fernando Meirelles,75,3219,-,"$232,638"
The Best of Me,2014,117,Drama,Romance,Michael Hoffman,75,2746,"$26,000,000","$35,926,213"
The Seventh Continent,1989,107,Drama,,Michael Haneke,75,372,-,-
Encounters at the End of the World,2007,99,Documentary,,Werner Herzog,75,304,-,-
The Adventures of Robin Hood,1938,102,Adventure,Romance,William Keighley,75,874,"$2,033,000","$3,981,000"
The Book of Henry,2017,105,Drama,Thriller,Colin Trevorrow,75,1377,"$10,000,000","$4,596,705"
Memories,1995,113,Fantasy,Animation,Katsuhiro Otomo,75,601,-,-
Star Wars: Episode III - Revenge of the Sith,2005,140,Adventure,Action,George Lucas,75,15280,"$113,000,000","$850,000,000"
The Killing Fields,1984,142,Drama,History,Roland Joffé,75,861,"$14,400,000","$34,700,291"
Mars Express,2023,89,Animation,Science Fiction,Jérémie Périn,75,582,"$7,900,000","$1,455,713"
Oceans,2010,104,Documentary,Family,Jacques Perrin,75,346,"$80,000,000","$83,090,556"
Phantom of the Paradise,1974,92,Comedy,Drama,Brian De Palma,75,774,"$1,300,000","$250,000"
Key Largo,1948,100,Crime,Thriller,John Huston,75,600,-,-
My Darling Clementine,1946,97,Western,,John Ford,75,499,"$2,000,000","$2,750,000"
War Machine,2026,110,Action,Science Fiction,Patrick Hughes,75,2446,"$73,000,000",-
Sentimental Value,2025,133,Drama,Comedy,Joachim Trier,75,1081,"$7,800,000","$23,883,986"
Disclosure Day,2026,146,Science Fiction,Thriller,Steven Spielberg,75,3285,"$115,000,000","$241,186,430"
"Live Twice, Love Once",2019,101,Comedy,Drama,María Ripoll,75,368,"$1,450,000","$368,430"
That's Life,1998,108,Comedy,,Giovanni Storti,75,1400,-,-
Kuch Kuch Hota Hai,1998,185,Romance,Drama,Karan Johar,75,447,"$2,420,000","$25,690,000"
The Wolf and the Lion,2021,99,Family,Adventure,Gilles de Maistre,75,509,"$11,900,000","$15,300,000"
The Call,2020,112,Thriller,Mystery,Lee Chung-hyun,75,1024,-,-
Still Alice,2014,101,Drama,,Wash Westmoreland,75,3342,"$5,000,000","$44,779,195"
Once Upon a Time in Anatolia,2011,163,Drama,Crime,Nuri Bilge Ceylan,75,561,-,"$138,730"
The Age of Adaline,2015,112,Romance,Fantasy,Lee Toland Krieger,75,7190,"$25,000,000","$65,663,276"
The Verdict,1982,129,Drama,,Sidney Lumet,75,764,"$16,000,000","$53,977,250"
Three Wishes for Cinderella,1973,82,Fantasy,Family,Václav Vorlíček,75,390,"$580,000",-
Kal Ho Naa Ho,2003,187,Comedy,Drama,Nikkhil Advani,75,456,-,"$13,214,520"
Frankenstein,1931,70,Drama,Horror,James Whale,75,1848,"$291,000","$12,000,000"
Home Alone,1990,103,Comedy,Family,Chris Columbus,75,12827,"$18,000,000","$476,684,675"
The Quiet Girl,2022,95,Drama,,Colm Bairéad,75,595,$1,$6
"Cyrano, My Love",2018,113,Comedy,History,Alexis Michalik,75,533,"$9,208,475",-
"I, Tonya",2017,120,Drama,Comedy,Craig Gillespie,75,6297,"$11,000,000","$53,900,000"
Ocean's Eleven,2001,116,Thriller,Crime,Steven Soderbergh,75,12876,"$85,000,000","$450,717,150"
Mirage,2018,129,Thriller,Drama,Oriol Paulo,75,2051,-,"$17,325,485"
The Devils,1971,112,Drama,History,Ken Russell,75,455,"$2,000,000","$11,000,000"
Fist of Legend,1994,103,Action,,Gordon Chan,75,635,"$1,900,000","$1,907,743"
Man on Fire,2004,146,Action,Drama,Tony Scott,75,5883,"$70,000,000","$130,300,000"
"To Wong Foo, Thanks for Everything! Julie Newmar",1995,108,Comedy,Drama,Beeban Kidron,75,844,-,"$47,774,193"
Sympathy for Mr. Vengeance,2002,129,Action,Drama,Park Chan-wook,75,1774,"$4,000,000","$1,954,937"
Sin City,2005,124,Crime,Thriller,Robert Rodriguez,75,9052,"$40,000,000","$158,733,820"
The Banshees of Inisherin,2022,114,Drama,Comedy,Martin McDonagh,75,3533,"$20,000,000","$49,300,000"
The Lighthouse,2019,109,Drama,Fantasy,Robert Eggers,75,5761,"$11,000,000","$18,262,464"
Boruto: Naruto the Movie,2015,95,Adventure,Action,Hiroyuki Yamashita,75,1671,-,"$38,362,448"
Sweet Bean,2015,113,Drama,,Naomi Kawase,75,622,-,"$124,518"
Toy Story 4,2019,100,Family,Comedy,Josh Cooley,75,10966,"$175,000,000","$1,073,841,394"
John Wick,2014,101,Action,Thriller,Chad Stahelski,75,21313,"$20,000,000","$86,085,191"
Suspiria,1977,99,Horror,,Dario Argento,75,3254,-,"$2,900,000"
The Insider,1999,158,Drama,Thriller,Michael Mann,75,2147,"$90,000,000","$60,300,000"
The Phantom of Liberty,1974,104,Comedy,,Luis Buñuel,75,338,-,"$6,749"
Apollo 13,1995,140,Drama,History,Ron Howard,75,6103,"$52,000,000","$355,237,933"
Barton Fink,1991,117,Comedy,Drama,Joel Coen,75,1943,"$9,000,000","$6,153,939"
Splendor in the Grass,1961,124,Drama,Romance,Elia Kazan,75,315,-,-
The Reader,2008,124,Drama,Romance,Stephen Daldry,75,3470,"$32,000,000","$108,902,486"
Hidden Kisses,2016,87,Drama,Romance,Didier Bivel,75,336,-,-
Volver,2006,121,Comedy,Drama,Pedro Almodóvar,75,1965,"$9,400,000","$85,605,851"
Tad the Lost Explorer and the Emerald Tablet,2022,89,Animation,Adventure,Enrique Gato,75,349,"$11,983,950","$32,800,000"
The Social Dilemma,2020,94,Documentary,Drama,Jeff Orlowski,75,1845,-,-
I Want You,2012,123,Drama,Romance,Fernando González Molina,75,1985,-,"$24,016,152"
Lifted,2006,5,Family,Animation,Gary Rydstrom,75,846,-,-
The Legend of Drunken Master,1994,102,Action,Comedy,Lau Kar-leung,75,1128,"$10,000,000","$34,300,528"
The Magdalene Sisters,2002,119,Drama,History,Peter Mullan,75,486,"$5,000,000","$21,107,578"
The Valet,2022,123,Comedy,Romance,Richard Wong,75,682,-,-
Ip Man 2,2010,108,Action,History,Wilson Yip,75,2554,"$12,900,000","$36,000,000"
Marty,1955,90,Drama,Romance,Delbert Mann,75,471,"$343,000","$3,000,000"
The First Day of the Rest of Your Life,2008,114,Drama,,Rémi Bezançon,75,524,"$5,900,000","$13,200,000"
mid90s,2018,86,Drama,Comedy,Jonah Hill,75,1860,"$1,700,000","$9,303,022"
Still Life,2013,92,Drama,,Uberto Pasolini,75,414,-,-
Invasion of the Body Snatchers,1956,80,Science Fiction,Horror,Don Siegel,75,1233,"$416,911","$3,000,000"
Peeping Tom,1960,101,Horror,Thriller,Michael Powell,75,928,"$150,000","$83,957"
When the Wind Blows,1986,84,Animation,War,Jimmy T. Murakami,75,351,-,"$5,274"
EverAfter,1998,121,Drama,Romance,Andy Tennant,75,1621,"$26,000,000","$98,005,666"
Badlands,1974,94,Drama,Romance,Terrence Malick,75,1385,"$300,000",-
Open Your Eyes,1997,117,Drama,Thriller,Alejandro Amenábar,75,1238,"$2,900,000","$370,720"
Fear City: A Family-Style Comedy,1994,100,Comedy,,Alain Berbérian,75,1378,-,-
Zorba the Greek,1964,142,Drama,,Mihalis Kakogiannis,75,396,"$783,000","$9,000,000"
The Taking of Pelham One Two Three,1974,105,Crime,Thriller,Joseph Sargent,75,653,-,-
"Watch Out, We're Mad",1974,102,Action,Comedy,Marcello Fondato,75,905,-,"$36,782,781"
Hannah and Her Sisters,1986,107,Comedy,Drama,Woody Allen,75,1201,"$6,400,000","$40,084,041"
Ray,2004,152,Drama,Music,Taylor Hackford,75,2294,"$40,000,000","$124,700,000"
The Day the Earth Stood Still,1951,92,Science Fiction,Thriller,Robert Wise,75,1288,"$995,000","$1,850,000"
To Have and Have Not,1945,100,Adventure,Romance,Howard Hawks,75,587,-,"$3,650,000"
The Royal Tenenbaums,2001,110,Comedy,Drama,Wes Anderson,75,5185,"$21,000,000","$71,441,250"
The Discreet Charm of the Bourgeoisie,1972,101,Comedy,,Luis Buñuel,75,937,"$800,000","$103,230"
Jim & Andy: The Great Beyond,2017,93,Documentary,Drama,Chris Smith,75,748,-,-
Mr & Mme Adelman,2017,120,Romance,Drama,Nicolas Bedos,75,470,"$5,983,685",-
Captain America: Civil War,2016,147,Adventure,Action,Joe Russo,75,24553,"$250,000,000","$1,155,046,416"
Summer Wars,2009,114,Animation,Science Fiction,Mamoru Hosoda,75,1066,-,"$18,434,328"
A Christmas Carol,1984,101,Drama,Fantasy,Clive Donner,75,438,-,-
Cape Fear,1962,106,Thriller,Drama,J. Lee Thompson,75,655,"$35,000,000","$103,000,000"
The Outlaw Josey Wales,1976,135,Western,,Clint Eastwood,75,1341,"$3,700,000","$31,800,000"
Dirty Harry,1971,102,Action,Crime,Don Siegel,75,2836,"$4,000,000","$35,976,000"
Wallace & Gromit: Vengeance Most Fowl,2024,79,Animation,Adventure,Nick Park,75,722,-,"$191,452"
Incredibles 2,2018,118,Action,Adventure,Brad Bird,75,13928,"$200,000,000","$1,243,225,667"
Fabrizio De André: Principe libero,2018,188,Music,History,Luca Facchini,75,357,-,-
I Am a Hero,2016,126,Action,Horror,Shinsuke Sato,75,525,-,-
Scooby-Doo! Pirates Ahoy!,2006,71,Fantasy,Animation,Chuck Sheetz,75,311,-,-
Abominable,2019,97,Family,Animation,Jill Culton,75,2224,"$75,000,000","$190,304,772"
Mission: Impossible - Fallout,2018,147,Action,Adventure,Christopher McQuarrie,75,9366,"$178,000,000","$824,171,374"
Miracles from Heaven,2016,119,Family,Drama,Patricia Riggen,75,1295,"$16,000,000","$74,000,000"
The Muppet Christmas Carol,1992,86,Music,Comedy,Brian Henson,75,1209,"$12,000,000","$34,524,312"
Dunkirk,2017,107,War,Action,Christopher Nolan,75,17958,"$150,000,000","$549,136,737"
Love and Death,1975,85,Comedy,History,Woody Allen,75,990,"$3,000,000","$20,173,742"
Then Came You,2018,97,Comedy,Drama,Peter Hutchings,74,567,-,-
Contact,1997,150,Drama,Science Fiction,Robert Zemeckis,75,5180,"$90,000,000","$171,120,329"
Star Trek II: The Wrath of Khan,1982,113,Action,Adventure,Nicholas Meyer,74,2211,"$12,000,000","$96,594,943"
Z-O-M-B-I-E-S 2,2020,84,Fantasy,Romance,Paul Hoen,74,519,-,-
Human Capital,2013,111,Drama,,Paolo Virzì,74,959,"$6,000,000","$5,809,330"
Lemonade Mouth,2011,113,Drama,Comedy,Patricia Riggen,74,1114,-,-
"To Sir, with Love",1967,105,Drama,,James Clavell,74,360,"$625,000","$42,432,803"
Black Book,2006,145,Drama,Thriller,Paul Verhoeven,74,1276,"$21,000,000","$26,768,563"
Bram Stoker's Dracula,1992,128,Romance,Horror,Francis Ford Coppola,74,5916,"$40,000,000","$215,862,692"
That Obscure Object of Desire,1977,103,Comedy,Drama,Luis Buñuel,74,461,-,"$2,864"
The Big Blue,1988,168,Romance,Adventure,Luc Besson,74,1615,"$13,500,000","$4,000,000"
The Suicide Squad,2021,132,Action,Comedy,James Gunn,74,9881,"$185,000,000","$168,717,425"
Nebraska,2013,115,Drama,Adventure,Alexander Payne,74,1971,"$12,000,000","$27,700,000"
Running on Empty,1988,116,Drama,Romance,Sidney Lumet,74,368,-,"$2,835,116"
Patton,1970,172,War,Drama,Franklin J. Schaffner,74,1253,"$12,000,000","$89,800,000"
Happiness,1965,80,Drama,Romance,Agnès Varda,74,313,-,-
The Fly,1986,96,Horror,Science Fiction,David Cronenberg,74,5134,"$15,000,000","$60,629,159"
"Batman: The Long Halloween, Part One",2021,85,Animation,Mystery,Chris Palmer,74,723,-,-
Emergency Declaration,2022,140,Action,Drama,Han Jae-rim,74,448,"$18,052,672","$19,200,000"
The Witch: Part 2. The Other One,2022,137,Action,Mystery,Park Hoon-jung,74,477,-,"$23,068,596"
Hedwig and the Angry Inch,2001,95,Comedy,Music,John Cameron Mitchell,74,444,"$6,000,000","$3,660,081"
"Play It Again, Sam",1972,85,Comedy,Romance,Herbert Ross,74,661,-,-
Teen Wolf: The Movie,2023,140,Action,Fantasy,Russell Mulcahy,74,990,"$15,000,000",-
Furiosa: A Mad Max Saga,2024,149,Action,Science Fiction,George Miller,74,5178,"$168,000,000","$174,287,546"
Patients,2017,110,Drama,Comedy,Grand Corps Malade,74,629,-,-
Baby Driver,2017,113,Action,Crime,Edgar Wright,74,17175,"$34,000,000","$226,945,087"
A Bittersweet Life,2005,119,Action,Drama,Kim Jee-woon,74,1032,-,"$7,600,000"
Miller's Crossing,1990,115,Drama,Thriller,Joel Coen,74,1906,"$14,000,000","$5,080,409"
Money Heist: The Phenomenon,2020,57,Documentary,,Pablo Lejarreta,74,1087,-,-
The Death of Superman,2019,81,Science Fiction,Animation,Sam Liu,74,642,-,-
Cell 211,2009,108,Action,Thriller,Daniel Monzón,74,1390,"$5,700,000","$19,300,483"
Ordinary People,1980,124,Drama,,Robert Redford,74,720,"$6,000,000","$54,766,923"
The Bourne Ultimatum,2007,115,Action,Drama,Paul Greengrass,74,8590,"$70,000,000","$442,824,138"
Elvis,2022,159,Music,History,Baz Luhrmann,74,4008,"$85,000,000","$288,670,284"
Wind River,2017,107,Crime,Mystery,Taylor Sheridan,74,5947,"$11,000,000","$44,998,252"
The Rocky Horror Picture Show,1975,100,Comedy,Science Fiction,Jim Sharman,74,3230,"$1,400,000","$171,181,400"
I Killed My Mother,2009,100,Drama,,Xavier Dolan,74,1180,-,-
Barbie and the Diamond Castle,2008,78,Animation,Family,Gino Nichele,74,894,-,-
"Aguirre, the Wrath of God",1972,95,History,Adventure,Werner Herzog,74,1295,"$370,000","$37,041"
Stand by Me Doraemon,2014,94,Animation,Adventure,Takashi Yamazaki,74,616,"$35,000,000","$83,100,000"
The Hurricane,1999,146,Drama,,Norman Jewison,74,1569,"$50,000,000","$73,956,241"
Pretty Woman,1990,120,Romance,Comedy,Garry Marshall,74,9162,"$14,000,000","$463,406,268"
Mixed by Erry,2023,113,Comedy,History,Sydney Sibilia,74,498,"$8,538,750","$1,120,191"
The Croods: A New Age,2020,95,Animation,Family,Joel Crawford,74,4235,"$65,000,000","$215,905,815"
Balkan Line,2019,130,Drama,Action,Andrey Volgin,74,579,"$3,500,000","$4,944,386"
Aquarius,2016,147,Drama,,Kleber Mendonça Filho,74,521,"$762,241","$285,930"
Scrooge,1951,86,Fantasy,Drama,Brian Desmond Hurst,74,382,-,-
Midnight Express,1978,121,Drama,Crime,Alan Parker,74,1943,"$2,300,000","$35,000,000"
The Thin Red Line,1998,171,Drama,History,Terrence Malick,74,3420,"$52,000,000","$98,126,565"
Three Colors: White,1994,92,Comedy,Drama,Krzysztof Kieślowski,74,1366,-,"$1,273,525"
Imitation of Life,1959,125,Drama,Romance,Douglas Sirk,74,328,-,-
John Wick: Chapter 3 - Parabellum,2019,131,Action,Thriller,Chad Stahelski,74,12056,"$55,000,000","$328,349,908"
One Piece Film: Strong World,2010,114,Animation,Fantasy,Munehisa Sakai,74,410,-,"$53,000,000"
Little Big Man,1970,139,Western,Comedy,Arthur Penn,74,740,"$15,000,000","$31,559,552"
The Dirt,2019,108,Drama,Music,Jeff Tremaine,74,1358,-,-
Hour of the Wolf,1968,88,Drama,Horror,Ingmar Bergman,74,571,-,-
American Me,1992,125,Crime,Drama,Edward James Olmos,74,418,"$16,000,000","$13,100,000"
Last Year at Marienbad,1961,95,Drama,Romance,Alain Resnais,74,553,-,-
"Crouching Tiger, Hidden Dragon",2000,120,Adventure,Drama,Ang Lee,74,3694,"$17,000,000","$213,978,518"
Drive My Car,2021,179,Drama,,Ryusuke Hamaguchi,74,1559,"$1,300,000","$15,356,046"
Free Guy,2021,115,Comedy,Adventure,Shawn Levy,74,10150,"$110,000,000","$331,526,598"
Justice League: War,2014,79,Animation,Action,Jay Oliva,74,1203,"$3,500,000","$5,155,325"
Star Trek,2009,127,Science Fiction,Action,J.J. Abrams,74,10714,"$150,000,000","$386,839,614"
The Devil Wears Prada,2006,109,Drama,Comedy,David Frankel,74,14218,"$35,000,000","$326,588,371"
Birdman or (The Unexpected Virtue of Ignorance),2014,120,Drama,Comedy,Alejandro G. Iñárritu,74,13815,"$18,000,000","$103,215,094"
The Artist,2011,100,Drama,Comedy,Michel Hazanavicius,74,3608,"$15,000,000","$133,432,856"
Trinity Is Still My Name,1971,118,Comedy,Western,Enzo Barboni,74,1032,-,"$2,100,000"
The Secret of NIMH,1982,83,Adventure,Animation,Don Bluth,74,984,"$7,000,000","$14,665,733"
The Life of David Gale,2003,130,Drama,Thriller,Alan Parker,74,2253,"$50,000,000","$38,955,598"
Happiness,1998,140,Comedy,Drama,Todd Solondz,74,979,"$3,000,000","$2,800,000"
Y Tu Mamá También,2001,106,Drama,Romance,Alfonso Cuarón,74,1822,"$5,000,000","$33,600,000"
Carl's Date,2023,9,Animation,Family,Bob Peterson,74,462,-,-
Alice,1988,86,Animation,Fantasy,Jan Švankmajer,74,369,-,-
Scream,1996,112,Crime,Horror,Wes Craven,74,8217,"$14,000,000","$173,046,663"
Gaga: Five Foot Two,2017,101,Music,Documentary,Chris Moukarbel,74,605,-,-
Lone Survivor,2013,121,War,Action,Peter Berg,74,4867,"$40,000,000","$149,295,601"
New World,2013,134,Thriller,Crime,Park Hoon-jung,74,564,-,-
The Lego Movie,2014,100,Animation,Family,Phil Lord,74,8707,"$60,000,000","$470,759,687"
Twin Peaks: Fire Walk with Me,1992,135,Drama,Mystery,David Lynch,74,2352,"$10,000,000","$4,237,427"
Humanist Vampire Seeking Consenting Suicidal Person,2023,91,Comedy,Fantasy,Ariane Louis-Seize,74,416,"$3,000,000","$97,578"
Burrow,2020,6,Animation,Family,Madeline Sharafian,74,320,-,-
Blue Bayou,2021,117,Drama,,Justin Chon,74,302,-,"$750,000"
The Legend of Sleepy Hollow,1949,37,Family,Animation,Clyde Geronimi,74,300,-,-
The Lady Vanishes,1938,96,Mystery,Thriller,Alfred Hitchcock,74,1059,-,-
The Worst Person in the World,2021,128,Drama,Romance,Joachim Trier,74,1959,"$5,000,000","$12,687,507"
Gun Crazy,1950,87,Crime,Romance,Joseph H. Lewis,74,315,-,-
The Secret Garden,1993,101,Drama,Family,Agnieszka Holland,74,1009,"$18,000,000","$40,000,000"
The Experiment,2001,120,Drama,Thriller,Oliver Hirschbiegel,74,1261,-,"$13,782,896"
The Man Who Knew Too Much,1956,121,Thriller,Mystery,Alfred Hitchcock,74,1601,"$1,200,000","$11,300,000"
A Quiet Place Part II,2021,97,Science Fiction,Thriller,John Krasinski,74,7623,"$55,000,000","$297,372,261"
Breathe,2017,118,Drama,Romance,Andy Serkis,74,816,-,"$5,026,154"
The Red Turtle,2016,81,Animation,Drama,Michael Dudok de Wit,74,1399,-,"$921,974"
Sicario,2015,122,Action,Crime,Denis Villeneuve,74,9852,"$30,000,000","$84,997,446"
Hamlet,1948,153,Drama,,Laurence Olivier,74,300,"$750,000",-
August Rush,2007,114,Family,Drama,Kirsten Sheridan,74,2892,"$25,000,000","$66,122,026"
Enemy at the Gates,2001,131,War,History,Jean-Jacques Annaud,74,4172,"$68,000,000","$96,976,270"
Erin Brockovich,2000,131,Drama,,Steven Soderbergh,74,3752,"$52,000,000","$256,271,286"
Mon Oncle,1958,118,Comedy,,Jacques Tati,74,632,-,-
Saw,2004,103,Horror,Mystery,James Wan,74,10314,"$1,200,000","$104,045,735"
Hunting Season,2025,100,Action,Drama,Raja Collins,74,441,-,-
The Children's Train,2024,106,Drama,,Cristina Comencini,74,351,-,-
The Florida Project,2017,112,Drama,,Sean Baker,74,3184,"$2,000,000","$11,303,040"
Doctor Strange,2016,115,Fantasy,Adventure,Scott Derrickson,74,23888,"$180,000,000","$676,343,174"
The Flowers of War,2011,146,Drama,History,Zhang Yimou,74,927,"$94,000,000","$95,311,434"
The Man Without a Past,2002,97,Drama,Romance,Aki Kaurismäki,74,459,-,$921
Kalashnikov AK-47,2020,105,War,History,Konstantin Buslov,74,378,"$3,500,000","$1,593,464"
Cold War,2018,88,Romance,Music,Paweł Pawlikowski,74,1616,"$4,954,500","$18,754,051"
The Hunger Games: Catching Fire,2013,146,Adventure,Action,Francis Lawrence,74,18761,"$130,000,000","$865,011,746"
The Gospel According to St. Matthew,1965,137,Drama,,Pier Paolo Pasolini,74,425,-,-
The Man in the Moon,1991,99,Drama,Romance,Robert Mulligan,74,389,"$1,237,669","$2,853,801"
Zelig,1983,79,Comedy,,Woody Allen,74,936,"$13,500,000","$11,798,616"
My Girl,1991,103,Comedy,Drama,Howard Zieff,74,2363,"$17,000,000","$59,490,000"
High School of the Dead: Drifters of the Dead,2011,18,Comedy,Animation,Tetsuro Araki,74,478,-,-
Crimes and Misdemeanors,1989,104,Comedy,Drama,Woody Allen,74,972,"$19,000,000","$18,254,702"
The Witcher: Nightmare of the Wolf,2021,83,Animation,Action,Han Kwang Il,74,1129,-,-
Kes,1970,111,Drama,,Ken Loach,74,459,-,-
Being John Malkovich,1999,113,Comedy,Drama,Spike Jonze,74,4945,"$13,000,000","$22,863,596"
Summer of 85,2020,101,Romance,Drama,François Ozon,74,944,"$6,900,000","$3,600,000"
In Safe Hands,2018,112,Drama,,Jeanne Herry,74,535,-,-
Once Upon a Time... in Hollywood,2019,162,Comedy,Drama,Quentin Tarantino,74,15222,"$95,000,000","$393,869,691"
One Day,2011,107,Drama,Romance,Lone Scherfig,74,4617,"$15,000,000","$59,400,000"
Once,2007,85,Drama,Music,John Carney,74,1502,"$160,000","$20,710,513"
Duel,1971,74,Action,Thriller,Steven Spielberg,74,2136,"$450,000","$2,544"
Ricky Gervais: SuperNature,2022,64,Comedy,,John L. Spencer,74,367,-,-
Sonic the Hedgehog 2,2022,123,Action,Adventure,Jeff Fowler,74,6010,"$110,000,000","$405,421,518"
The Best of Enemies,2019,133,Drama,History,Robin Bissell,74,498,"$10,000,000",-
Tinker Bell and the Legend of the NeverBeast,2014,77,Adventure,Animation,Steve Loter,74,1242,-,-
"Yesterday, Today and Tomorrow",1963,119,Comedy,Romance,Vittorio De Sica,74,482,-,-
Rudolph the Red-Nosed Reindeer,1964,52,Animation,Family,Larry Roemer,74,670,-,-
Iron Monkey,1993,90,Action,Crime,Yuen Woo-ping,74,338,"$11,000,000","$14,694,904"
Cabaret,1972,124,Music,Romance,Bob Fosse,74,1007,"$4,600,000","$42,800,000"
The Godfather Part III,1990,162,Crime,Drama,Francis Ford Coppola,74,7044,"$54,000,000","$136,766,062"
Unbroken,2014,137,Drama,War,Angelina Jolie,74,4446,"$65,000,000","$163,400,000"
Enter the Dragon,1973,102,Action,,Robert Clouse,74,2159,"$850,000","$21,531,361"
The Swimmers,2022,134,Drama,History,Sally El Hosaini,74,660,-,-
Memoir of a Murderer,2017,128,Crime,Mystery,Won Shin-yun,74,396,"$125,000",-
Sense and Sensibility,1995,136,Drama,Romance,Ang Lee,74,1886,"$16,000,000","$134,582,776"
Trouble in Paradise,1932,83,Comedy,Crime,Ernst Lubitsch,74,322,-,-
Greyhound,2020,92,War,Action,Aaron Schneider,74,3449,"$50,300,000",-
Richard Jewell,2019,131,Drama,History,Clint Eastwood,74,2796,"$45,000,000","$33,900,000"
Neon Genesis Evangelion: Death and Rebirth,1997,101,Animation,Drama,Hideaki Anno,74,516,-,"$15,877"
The Odd Couple,1968,106,Comedy,,Gene Saks,74,670,"$1,200,000","$44,527,234"
Predestination,2014,98,Science Fiction,Thriller,Peter Spierig,74,7311,"$5,500,000","$5,386,852"
Life of Pi,2012,127,Adventure,Drama,Ang Lee,74,14004,"$120,000,000","$609,016,565"
Secretariat,2010,123,Drama,,Randall Wallace,74,651,"$35,000,000","$60,300,000"
Justice League: Doom,2012,77,Action,Animation,Lauren Montgomery,74,956,-,-
Naruto Shippuden the Movie,2007,94,Animation,Action,Hajime Kamegaki,74,1077,-,"$13,219,807"
The Match Factory Girl,1990,69,Drama,,Aki Kaurismäki,74,306,"$83,038",-
The Farewell,2019,100,Comedy,Drama,Lulu Wang,74,1583,"$3,000,000","$23,076,657"
The Raid,2012,101,Action,Thriller,Gareth Evans,74,4026,"$1,100,000","$9,148,519"
Chaplin,1992,145,Drama,,Richard Attenborough,74,1252,"$31,000,000","$9,493,259"
Taken,2008,94,Action,Thriller,Pierre Morel,74,12381,"$25,000,000","$226,830,568"
The Lovers on the Bridge,1991,126,Drama,Romance,Leos Carax,74,393,"$28,000,000",-
Soulm8te,2026,99,Horror,Science Fiction,Kate Dolan,74,321,-,-
I Can Quit Whenever I Want,2014,100,Comedy,,Sydney Sibilia,74,1861,"$2,000,000","$54,606"
Glory Road,2006,118,Drama,History,James Gartner,74,822,-,"$42,647,449"
Inside Man,2006,129,Crime,Drama,Spike Lee,74,6551,"$45,000,000","$186,003,591"
Bullet Train,2022,126,Action,Comedy,David Leitch,74,7899,"$90,000,000","$239,268,602"
The Unforgivable,2021,112,Drama,Crime,Nora Fingscheidt,74,2121,-,-
The Last King of Scotland,2006,123,Drama,,Kevin Macdonald,74,2446,"$6,000,000","$48,600,000"
Boys Don't Cry,1999,118,Crime,Drama,Kimberly Peirce,74,1505,"$2,000,000","$11,540,607"
American Sniper,2014,133,War,Action,Clint Eastwood,74,13875,"$58,800,000","$542,300,000"
Delusions of Grandeur,1971,108,Comedy,History,Gérard Oury,74,750,-,-
Scarface,1932,93,Crime,Action,Howard Hawks,74,715,"$800,000","$600,000"
Crush,2022,93,Comedy,Romance,Sammi Cohen,74,502,-,-
Creed,2015,133,Drama,,Ryan Coogler,74,8117,"$37,000,000","$173,600,000"
Tarzan,1999,88,Animation,Family,Kevin Lima,74,7488,"$130,000,000","$448,200,000"
Undisputed II: Last Man Standing,2006,93,Action,Crime,Isaac Florentine,74,963,"$8,000,000","$71,000,000"
When Harry Met Sally...,1989,96,Comedy,Romance,Rob Reiner,74,4735,"$16,000,000","$92,823,546"
The Long Goodbye,1973,112,Mystery,Drama,Robert Altman,74,805,"$1,700,000","$959,000"
The Motorcycle Diaries,2004,126,Drama,,Walter Salles,74,1465,-,"$57,663,224"
Enola Holmes 2,2022,131,Adventure,Mystery,Harry Bradbeer,74,3162,-,-
Nocturnal Animals,2016,116,Drama,Thriller,Tom Ford,74,8430,"$22,500,000","$29,300,000"
Tucker and Dale vs. Evil,2010,89,Comedy,Horror,Eli Craig,74,3298,"$5,000,000","$5,224,938"
The Right Stuff,1983,193,Drama,History,Philip Kaufman,74,1004,"$27,000,000","$21,500,000"
The Vanishing,1988,106,Thriller,Mystery,George Sluizer,74,867,-,-
Miss Sloane,2016,133,Thriller,Drama,John Madden,74,2022,"$13,000,000","$9,101,546"
A Pure Formality,1994,111,Mystery,Thriller,Giuseppe Tornatore,74,402,-,-
That Time I Got Reincarnated as a Slime the Movie: Scarlet Bond,2022,108,Animation,Fantasy,Yasuhito Kikuchi,74,458,-,"$11,628,645"
American Psycho,2000,102,Thriller,Drama,Mary Harron,74,12698,"$7,000,000","$34,269,748"
The Omen,1976,111,Horror,Thriller,Richard Donner,74,2498,"$2,800,000","$60,922,980"
18 Presents,2020,110,Drama,Family,Francesco Amato,74,716,"$2,500,000","$3,486,375"
As Good as It Gets,1997,139,Drama,Comedy,James L. Brooks,74,4237,"$50,000,000","$314,178,011"
The Last Duel,2021,153,Drama,History,Ridley Scott,74,3999,"$100,000,000","$30,552,111"
Mr. Church,2016,104,Drama,,Bruce Beresford,74,543,"$8,000,000","$685,780"
The Basketball Diaries,1995,102,Drama,Crime,Scott Kalvert,74,2283,"$2,000,000","$2,381,087"
His Girl Friday,1940,92,Comedy,Romance,Howard Hawks,74,971,-,-
Dragon Ball: The Path to Power,1996,80,Animation,Adventure,Shigeyasu Yamauchi,74,411,-,-
Falling Down,1993,113,Crime,Drama,Joel Schumacher,74,4240,"$25,000,000","$40,903,593"
Johnny Guitar,1954,110,Western,,Nicholas Ray,74,488,-,-
Scooby-Doo! in Where's My Mummy?,2005,75,Mystery,Animation,Joe Sichta,74,436,-,-
Black Hawk Down,2001,145,Action,War,Ridley Scott,74,6579,"$92,000,000","$172,989,651"
My Fault: London,2025,119,Drama,Romance,Dani Girdwood,74,625,-,-
Honor Society,2022,98,Comedy,,Oran Zegman,74,458,"$20,000,000",-
Ghostland,2018,91,Horror,,Pascal Laugier,74,2739,-,-
They Call Me Jeeg,2016,112,Science Fiction,Action,Gabriele Mainetti,74,2604,"$1,900,000","$5,973,344"
3096 Days,2013,111,Drama,,Sherry Hormann,74,1022,-,"$6,677,474"
The Mission,1986,125,Adventure,Drama,Roland Joffé,74,1597,"$24,500,000","$17,200,000"
"Batman: The Long Halloween, Part Two",2021,87,Animation,Mystery,Chris Palmer,74,594,-,-
Diego Maradona,2019,130,Documentary,,Asif Kapadia,74,447,-,-
Kelly's Heroes,1970,144,Adventure,Comedy,Brian G. Hutton,74,855,"$4,000,000","$5,200,000"
This Is Spinal Tap,1984,82,Comedy,Music,Rob Reiner,74,1693,"$2,500,000","$6,051,884"
Jin-Roh: The Wolf Brigade,1999,102,Animation,Thriller,Hiroyuki Okiura,74,584,-,"$94,072"
Law Abiding Citizen,2009,109,Drama,Crime,F. Gary Gray,74,5842,"$53,000,000","$127,900,000"
Leto,2018,126,Music,Drama,Kirill Serebrennikov,74,349,"$150,000",-
A Quiet Place,2018,91,Horror,Drama,John Krasinski,74,15701,"$17,000,000","$340,955,294"
Interstate 60,2002,116,Adventure,Fantasy,Bob Gale,74,825,"$7,000,000",-
The Trial,1962,119,Crime,Drama,Orson Welles,74,583,"$1,300,000","$94,243"
A Time to Kill,1996,149,Crime,Drama,Joel Schumacher,74,3081,"$40,000,000","$152,266,007"
Miss You Already,2015,112,Comedy,Drama,Catherine Hardwicke,74,719,-,"$8,200,000"
My Father and My Son,2005,112,Drama,,Çağan Irmak,74,398,-,"$4,187,299"
Drunken Master,1978,111,Action,Comedy,Yuen Woo-ping,74,1166,-,"$16,483,650"
The Triplets of Belleville,2003,80,Animation,Comedy,Sylvain Chomet,74,1067,"$9,500,000","$14,776,760"
Un Chien Andalou,1929,17,Fantasy,Horror,Luis Buñuel,74,1448,"$124,797",-
Sing Sing,2024,107,Drama,,Greg Kwedar,74,398,"$2,000,000","$3,401,789"
Happy as Lazzaro,2018,128,Drama,Fantasy,Alice Rohrwacher,74,787,-,-
Spider-Man: Far From Home,2019,129,Action,Adventure,Jon Watts,74,17585,"$160,000,000","$1,132,723,226"
A Night at the Opera,1935,91,Comedy,Music,Sam Wood,74,570,-,-
Scooby-Doo and the Ghoul School,1988,93,Animation,Family,Charles August Nichols,74,336,-,-
Legends of the Fall,1994,133,Drama,Western,Edward Zwick,74,2939,"$30,000,000","$160,638,883"
The Guernsey Literary & Potato Peel Pie Society,2018,124,Romance,Drama,Mike Newell,74,1425,-,"$23,148,937"
Port of Shadows,1938,93,Romance,Drama,Marcel Carné,74,315,-,-
Rushmore,1998,93,Comedy,Drama,Wes Anderson,74,2807,"$9,000,000","$17,096,053"
Mad Max 2,1981,96,Action,Thriller,George Miller,74,4306,"$2,000,000","$24,600,832"
All of Us Strangers,2023,105,Romance,Drama,Andrew Haigh,74,1085,"$5,000,000","$14,864,960"
Only Yesterday,1991,119,Animation,Drama,Isao Takahata,74,1289,-,"$473,110"
The Way of the Dragon,1972,100,Action,Crime,Bruce Lee,74,1334,"$130,000","$27,000,000"
Braindead,1992,103,Horror,Comedy,Peter Jackson,74,1913,"$3,000,000","$242,623"
Sisu,2022,91,Action,War,Jalmari Helander,74,2965,"$6,600,000","$14,281,199"
Dog Man,2025,89,Family,Comedy,Peter Hastings,74,394,"$40,000,000","$145,603,415"
Killers of the Flower Moon,2023,206,Crime,History,Martin Scorsese,74,4324,"$200,000,000","$158,722,599"
The Peanut Butter Falcon,2019,97,Adventure,Comedy,Tyler Nilson,74,1661,"$6,200,000","$23,712,097"
The SpongeBob Movie: Sponge on the Run,2020,95,Adventure,Animation,Tim Hill,74,3031,"$60,000,000","$4,810,790"
The Lunchbox,2013,104,Drama,Romance,Ritesh Batra,74,844,"$3,400,000","$17,240,000"
Sullivan's Travels,1941,91,Comedy,Romance,Preston Sturges,74,525,"$700,000","$1,200,000"
Women on the Verge of a Nervous Breakdown,1988,88,Comedy,Drama,Pedro Almodóvar,74,1031,"$700,000","$14,979,298"
I Stand Alone,1999,89,Drama,Thriller,Gaspar Noé,74,599,-,"$6,955"
Pirates of the Caribbean: Dead Man's Chest,2006,151,Adventure,Fantasy,Gore Verbinski,74,17565,"$200,000,000","$1,066,179,747"
A Dog's Way Home,2019,96,Drama,Adventure,Charles Martin Smith,74,1200,"$18,000,000","$17,643,857"
"What Happened, Miss Simone?",2015,101,Music,Documentary,Liz Garbus,74,396,-,-
Spellbound,1945,111,Drama,Crime,Alfred Hitchcock,74,1009,"$1,500,000","$7,000,000"
South Park: Post COVID: The Return of COVID,2021,62,Animation,Comedy,Trey Parker,74,484,-,-
Rise,2022,117,Comedy,Drama,Cédric Klapisch,74,465,"$7,780,000","$11,196,824"
The Skeleton Dance,1929,5,Animation,Family,Walt Disney,74,338,-,-
Black Sunday,1960,86,Horror,,Mario Bava,74,603,-,-
Romeo and Juliet,1968,138,Drama,Romance,Franco Zeffirelli,74,751,-,"$38,901,218"
Irma la Douce,1963,147,Romance,Comedy,Billy Wilder,74,490,"$5,000,000","$25,200,000"
An American Werewolf in London,1981,97,Comedy,Horror,John Landis,74,2791,"$10,000,000","$31,973,249"
Extraction 2,2023,122,Action,Thriller,Sam Hargrave,74,3047,"$65,000,000",-
The Girl with the Dragon Tattoo,2011,158,Thriller,Crime,David Fincher,74,7791,"$90,000,000","$232,617,430"
F for Fake,1973,89,Documentary,,François Reichenbach,74,376,-,-
Pay It Forward,2000,122,Drama,,Mimi Leder,74,2083,"$40,000,000","$55,707,411"
Interview with the Vampire,1994,123,Horror,Drama,Neil Jordan,74,6602,"$60,000,000","$223,664,608"
Missing,2023,111,Drama,Mystery,Nicholas D. Johnson,74,1337,"$7,000,000","$48,767,848"
Stargirl,2020,107,Comedy,Drama,Julia Hart,74,576,-,-
The Hunt for Red October,1990,135,Action,Thriller,John McTiernan,74,3755,"$30,000,000","$200,512,643"
The Collini Case,2019,118,Drama,Thriller,Marco Kreuzpaintner,74,444,-,-
The Umbrellas of Cherbourg,1964,93,Drama,Romance,Jacques Demy,74,909,"$200,000","$7,600,000"
Ice Age,2002,81,Animation,Comedy,Chris Wedge,74,14611,"$59,000,000","$383,257,136"
100 Meters,2016,108,Comedy,Drama,Marcel Barrena,74,309,-,-
Office Space,1999,90,Comedy,,Mike Judge,74,3520,"$10,000,000","$12,800,000"
Monster Pets: A Hotel Transylvania Short,2021,6,Animation,Comedy,Jennifer Kluska,74,414,-,-
A Walk in the Clouds,1995,103,Drama,Romance,Alfonso Arau,74,1153,"$20,000,000","$50,012,507"
The Last of the Mohicans,1992,112,History,War,Michael Mann,74,3537,"$40,000,000","$75,505,856"
Frida,2002,123,Drama,Romance,Julie Taymor,74,2216,"$12,000,000","$56,298,474"
Jerry & Marge Go Large,2022,96,Comedy,Drama,David Frankel,74,511,-,-
The Mauritanian,2021,129,Drama,Thriller,Kevin Macdonald,74,1332,-,"$7,527,030"
Once in a Lifetime,2014,105,Drama,,Marie-Castille Mention-Schaar,74,331,-,-
The Wailing,2016,156,Horror,Mystery,Na Hong-jin,74,2152,"$10,951,000","$49,851,770"
The Hobbit: An Unexpected Journey,2012,169,Adventure,Fantasy,Peter Jackson,74,20049,"$250,000,000","$1,021,103,568"
Man on Wire,2008,94,Documentary,,James Marsh,74,993,-,"$2,957,978"
The Purple Rose of Cairo,1985,82,Fantasy,Comedy,Woody Allen,74,1173,"$15,000,000","$10,631,333"
The Counterfeiters,2007,98,Drama,War,Stefan Ruzowitzky,74,714,"$6,250,000","$20,200,000"
The Boy and the Heron,2023,124,Animation,Fantasy,Hayao Miyazaki,74,2797,"$50,000,000","$294,200,000"
"Jeanne Dielman, 23, quai du Commerce, 1080 Bruxelles",1976,202,Drama,,Chantal Akerman,74,410,"$120,000",-
Tekkonkinkreet,2006,103,Animation,Action,Michael Arias,74,443,"$4,200,000",-
Once Were Warriors,1994,99,Drama,,Lee Tamahori,74,511,"$950,000","$6,700,000"
Lost in Translation,2003,102,Drama,Comedy,Sofia Coppola,74,8305,"$4,000,000","$119,723,856"
Burning,2018,148,Mystery,Drama,Lee Chang-dong,74,1890,"$7,280,000","$6,591,038"
Rise of the Guardians,2012,97,Action,Adventure,Peter Ramsey,74,7276,"$145,000,000","$306,941,670"
The Fighter,2010,116,Drama,,David O. Russell,74,4832,"$25,000,000","$129,190,869"
Futurama: Bender's Big Score,2007,89,Animation,Comedy,Dwayne Carey-Hill,74,788,-,-
Our Fault,2025,110,Romance,Drama,Domingo González,74,745,-,-
Justice Society: World War II,2021,84,Animation,War,Jeff Wamester,74,614,-,-
Lost Illusions,2021,149,Drama,Romance,Xavier Giannoli,74,574,"$20,800,000","$8,600,000"
Stuck in Love,2013,97,Drama,Comedy,Josh Boone,74,2041,-,"$977,671"
Le Doulos,1962,108,Drama,Thriller,Jean-Pierre Melville,74,313,-,-
"Maggie Simpson in ""Playdate with Destiny""",2020,4,Animation,Comedy,David Silverman,74,374,-,-
The Impossible,2012,113,Drama,Thriller,J. A. Bayona,74,6845,"$45,000,000","$198,100,000"
Swept Away,1974,110,Comedy,Drama,Lina Wertmüller,74,344,-,"$12,014,430"
The Social Network,2010,121,Drama,,David Fincher,74,13488,"$40,000,000","$224,920,315"
The Secret of Kells,2009,79,Animation,Family,Tomm Moore,74,816,"$8,000,000","$1,803,412"
Scooby-Doo! and the Witch's Ghost,1999,70,Comedy,Mystery,Jim Stenstrum,74,505,-,-
Mutiny on the Bounty,1935,132,Adventure,Drama,Frank Lloyd,74,404,"$1,950,000","$4,460,000"
"What's Up, Doc?",1972,94,Comedy,Crime,Peter Bogdanovich,74,475,"$4,000,000","$66,000,000"
Perfume: The Story of a Murderer,2006,147,Crime,Fantasy,Tom Tykwer,74,5153,"$63,700,000","$135,039,924"
The Marriage of Maria Braun,1979,120,Drama,,Rainer Werner Fassbinder,74,307,-,-
