PC1,PC2,PC3,PC4,PC5,PC6,PC7,PC8,PC9,PC10,PC11,PC12,PC13,PC14,PC15,PC16,PC17,PC18,PC19,PC20,PC21,PC22,SalePrice
1.4014669111346452,0.05879740943366545,0.3128863522579626,2.178706571554092,0.21244362663435412,0.9632636321192324,0.7065575788012566,-0.5806058230026319,-0.0981077030758302,-0.6546172931975439,-0.4788359883957162,-0.2592159933562704,0.913323446137049,-0.0967147384976141,-0.7246912290320253,-0.6531355156877935,1.1778945319886387,0.244313646582994,-0.44483812961696334,-0.49489882441252586,-0.04116978694182355,-0.4142318470092854,208500
0.0778250553180596,-1.295776791842433,-1.0448510513633327,-0.7549969117040453,-1.7239645817585547,-0.31658571215186426,-0.2821196851444582,3.3329611193833637,0.18454447752609335,1.045522164375737,-0.09861828315874702,2.245959052033799,0.32653373134827623,-0.8285445266447734,-1.1355732933463139,0.08276493381501927,0.6588093179933983,0.3717499290905299,0.1892620842108016,0.2561715509389446,-1.4089652334966785,0.6574037229107612,181500
1.8661913966971004,0.3954009992646162,0.13502800365501996,1.437519395551732,-0.056561963192350094,-0.03483930658582201,-0.35096125646218274,-0.21127281551216512,-0.019331014368108138,-0.7306913877791009,-0.2767270686376859,-0.7889157586739649,-0.22087050461134486,0.15223948052564515,-0.08310129579150942,-0.03727034946813852,-0.007355657586860772,-0.5872771646949552,0.3660409983848346,-1.0903641107691195,0.22607548521073065,0.42255187576288905,223500
-0.7674041408207858,0.9482986021852783,-1.4038724400967673,-0.3398374843118894,0.10177939450437412,0.8207791799937155,-0.371386947773407,-1.4320140654921043,-2.682195182261661,-1.4680532272117408,2.3983217874763825,1.1941728540258132,-0.6287835232027885,0.6490650562274024,0.727131518855878,-1.3103763818159229,1.0466433273292615,1.0144385247185626,-0.07214636610242756,-0.19742279169245405,-0.9913950601878558,-0.6877196661560689,140000
4.020030681057507,0.6793539427223312,-0.6566509710238757,1.0437540468937514,0.12177918386448024,-0.2069688749753211,-0.7546251598678947,0.47770557319266205,-0.19523673895636676,-0.8083147445435678,-0.5227133642826561,-0.8321408168185267,-0.8873890962494916,-0.05884119195762198,-0.2142779029879646,0.38545426167324565,-0.2975959501158046,-1.358504308260531,0.27349614776364073,-0.053825683884559036,0.5555800024146744,-0.2993162939859604,250000
-0.3142064838241847,-1.8721969721888037,0.2782427802763199,1.0633473988919473,-1.000148294850094,0.9283735538150656,0.04385009281901911,3.643967892789444,2.656500150369423,-4.713702274283947,0.3182549570212655,-3.1564965371536813,4.555504607867247,5.072781374596423,4.667295332440723,-0.7202188164329955,-1.6924373570452036,-0.48093134074251065,0.24168280523839256,0.8389938855060962,-0.05374993842812025,-1.5238028044061254,143000
2.6464736705715977,-2.595013556967408,-0.11415567411931385,0.047594852487108825,0.9595971937023722,-0.9407067932147782,0.028883906537197815,0.6823251321226613,-0.3564623933744894,-0.446021798188906,0.08497714324414658,0.029661505846214253,-0.4531660635308124,-0.5062711162097084,-0.3439608202572949,0.30348913138306716,-0.03106333681128445,-0.4890743627941576,-0.3611206283370469,0.03919348276874072,-0.923038005737189,0.1356314219627006,307000
2.4928898129942243,0.6743498981767001,-2.680160323698814,0.8669962745033949,-0.2641084190981674,-0.4059499683248969,0.27822625564090525,-0.4165366954294948,-0.9393248872022927,-1.5365050367619149,1.3588110314700514,-0.36397150330219125,-2.180370334126589,0.18625966494855528,0.6406724340502927,-1.6378308284837038,-0.6708405047099307,-1.1047086921623333,1.8838104427435935,1.0614697814784828,-0.10520420101981567,-0.20478254785882022,200000
-0.6931488629266428,2.3890565856500237,-0.5562056258765012,-1.0192134812015705,2.310146759923385,1.410869844355311,-0.8984574274429874,-0.5159893750312117,-0.8312873849634843,0.4010521466239632,2.7589629107067966,1.5220697488597934,-1.0944850998395863,0.934489721836698,0.9169468724780246,-0.5101044472965413,-0.7725404560063314,0.9211785569685979,0.717736108007843,0.4703617257452072,-0.7024777130396144,1.2659976206467558,129900
-2.588149017278059,-0.44232885722556714,-1.2854626961247448,2.2732759353958243,3.101745296080558,0.8651800538118574,-0.9094590816792997,-0.3381615217489206,1.1195293071959893,0.9260613833512719,2.0319680082123313,1.4998964858936794,-0.043329367780930696,0.6714804859149364,0.47581144592469127,0.46504790578029764,-0.2792261655767715,2.559168462587948,0.010069173438654554,0.9212123345327777,0.2590743871369676,2.659228239197085,118000
-2.1506828128760045,-1.9327438405271726,-0.5952245849713009,0.06295666282104251,0.7989532730726273,1.0502422535786253,0.10365767484362254,-0.5276586706158547,-0.036990517517624825,-0.6185497154641213,-0.5478013461163388,-0.058225636778624724,0.9021630332367363,-0.4486519125194649,-0.7112259540287172,0.046182718454636874,0.7600222308897991,0.40333991157393706,-0.3236678111019772,0.04843993651247926,-0.7193028586863851,0.019606365897648345,129500
4.758195274291803,0.17315641417038957,-0.9438203709738063,0.9293878322802555,0.834056284360067,-0.318648647304432,-0.6685118255086091,0.6615948493638668,-0.6648775441400778,-0.6679671966952505,0.42051328241049374,0.16112919367507222,-0.22793002677713223,-0.18684830048349022,-0.14068168486413793,0.45208473822463036,0.32936555398190853,0.04586880685611747,-0.9154383885458458,-1.457118591226321,-1.0356297328782686,1.192673714204778,345000
-2.2371899643945063,-2.182662833534026,-1.0168392713023253,-0.03861404078561229,-0.5444174821634524,-0.5871762453958643,-0.9044353658871604,-0.9034312872791096,1.312788879447776,0.06631133857766909,0.1407139140746922,-0.47559528944205776,-0.04706245197079347,-0.059626643071040264,-0.6279829703931513,1.4295106204709966,-0.8275667933536612,-0.3932408443060549,-0.13613403006678063,-0.2626763060598407,-0.47768570206371835,-1.7282749860730937,144000
2.4619327923742462,-0.25693703507664,2.1950276967136046,-2.4426333121544124,0.07669609235536326,-0.09814719443321357,-0.45960616500188434,0.3088222879546102,-0.36575894434121436,0.32404249869588814,0.02052160508368876,0.15486858264434206,-0.12456518111592439,-0.43625716711058954,0.1446213401066906,0.4309849776255068,-0.22745626880738762,-0.33009508130791543,-0.4468236804702691,-0.20566182552923737,0.5152019201541778,0.1634321104395548,279500
-0.5508379446935174,-1.1345296616292144,-1.1097976457761751,-0.3319363028314774,0.030893238197548443,-0.2592267493468077,0.1306840102119577,-1.9921417430787074,-0.5138157906314935,-1.858304627435222,0.33127120755429723,0.11586364274532238,-0.6979546195053383,-0.14997006777621333,0.33467068146697504,-2.4201735432293128,0.3573767398336708,0.3451553648422728,1.3538271031323748,1.557256695070143,0.49531288290732034,-0.32242483238045955,157000
-1.7864557745611656,-0.10659396681887091,1.5748453930687059,-0.6353935163950234,-1.8837155014245355,-1.102146604303716,0.8266165655664471,0.41440215268281955,-0.05579003991409694,-0.03132519003106588,1.1546029197416061,-0.327662543273298,-0.897076424300977,0.27848213529496013,-0.6561406864051039,0.4081638630606964,0.23842324694053516,1.097228632978015,-0.46761687202058644,0.8664130021031368,1.0465841975524288,0.007023341253885791,132000
-1.1767828767661574,-2.135144740989979,-0.36814877426058723,-0.22652054661406593,-0.44287801269956784,1.6788579596816025,1.0425935531750732,-0.36357020072703367,0.9407021993903562,-0.217385081141808,1.216733807187178,0.032376788817517016,0.29322300536267265,-0.7641389624383487,0.024851949404669862,0.27016667751406703,0.19232920600281933,-0.034410346593942535,0.231806898150752,0.10893040150410085,0.8063720629942128,1.0676313440490697,149000
-2.6254101028876478,1.3649293081487734,0.6123661261776502,0.8310989800917065,2.3054674080246196,0.17979647091077552,-2.8161590678678268,1.5088964537226757,0.20531068865115976,1.0288536092398797,1.158284623396791,-1.7403715205721544,0.28850653607853244,0.5261780368829815,-0.40669095255198606,1.0120394440053082,0.6677413418987443,0.6717375979307699,0.15777293719198823,-0.29367282765505015,1.1504587584999415,0.2597476468946573,90000
-0.13492889779094586,-1.4558229184104456,0.6335323283962853,0.5419772413150136,-0.13397021960663924,0.14024298046425857,0.15035081803663888,-0.49176073719874497,-0.004473337199851689,-0.5736566071401238,-0.894780026425573,-1.3582350140811474,0.37561436830424777,-0.0769900625831887,-0.8266133026591561,-0.39878297316973815,0.8531185911858848,0.18256498112395214,0.49319643873289665,0.1293660509195058,0.08399921365232936,-0.6107318937720669,159000
-2.2900310638763375,-0.44578175526825214,0.17811693854707375,-0.9823765080594388,-0.1102606831895658,0.9427835466853046,0.2726954992673272,-0.1133511898428962,0.3774531177911907,-0.2809067537626186,-0.2541838747565965,0.024674604315036264,0.31431226669279894,-0.2225570552926302,-0.771985005542726,0.38764680839160515,0.03349500032250923,-0.2641925426357687,0.019208540200663513,0.23753488838824507,-0.14711888277286883,0.2949965716363701,139000
5.13013830118339,2.8095897888439443,0.6999696012063263,-0.547403697944063,-0.2569682086123857,-0.9162632014871759,-0.870688179057813,0.6706619142783004,-0.5928530127041111,-0.229071073499319,-0.8200191715321067,-1.0075534351784587,-0.6761121061748524,-0.36923386565783917,0.049630105366466275,-0.07685934105386652,-0.07767844867391278,-0.3034998875574492,-0.2538068475710977,0.2004436170490319,0.5716075943896477,-0.42376278419438285,325300
-2.880433529386707,0.9322764759297042,-0.6066684002733583,-1.4257790899972826,-0.9094585773438625,0.16358430926629117,-0.20816919266638853,-0.4874876837347682,-1.3453969779940274,-1.0034781992090085,1.796430311496918,1.0114013874084107,-1.0406558184590327,0.12044013702232237,0.5152913837596304,-0.5979238334044962,-0.28424022735540233,0.15887091125801647,-0.19247502443067604,-0.24833326067960926,-0.3061086242933878,0.3210527757682653,139400
2.816090193439967,0.08877709062889877,2.3064756897717915,-2.647069202283559,0.18332278846020497,-1.1115237763713768,0.3762885541220966,-0.1520809840172618,0.2506250635802335,0.39309252712610737,-0.03137649011021354,0.036837168275165436,-0.841946831459852,-0.24441159255270403,0.15100349523617085,-0.35827967284187445,-0.702575769735162,-0.21851613496165995,0.4658850727984214,1.044268087228157,0.3886750663527174,0.166968895946199,230000
-1.1280428253955455,-1.3620733804488379,-0.23185777990966153,1.6100476434360371,-0.10922007316477075,-1.0019065156804536,-0.1032333410272296,0.04358288587350996,-0.051886014683014584,-0.1342285041998891,0.8410188286367913,0.0724906421870086,-0.5413213740416312,0.1976060095008066,-0.31335930032825376,0.3910982966776498,0.22508255257186868,1.132035057390871,-0.17860181145901377,1.1771010753494133,-0.353345775108819,0.8196154182256727,129900
-1.1132624785127883,-2.050648052876141,-1.6267310702687297,-0.06469526518345078,-1.4566405596660055,0.4785968733576191,2.6315098445825407,0.5404551441637374,-0.34039875757369115,2.884036193237463,-1.0112438257166225,-0.9127258135730586,-1.3910852766808361,1.2940475489369545,0.21312830968599678,-0.1497787049624152,-0.72414702191614,-0.6292916274404061,-1.1413714365679735,1.4292900856958497,0.07339382131940778,0.6999143693736289,154000
3.2902804954208302,-0.28635953763620664,2.0806757583510453,-2.8689868480401732,0.31098306982832424,0.881161378458492,-0.0039630912518617,-0.3099268723049359,0.7405464845421356,-0.17440199208421753,0.07821598296015769,0.7393191503366637,0.04670000695574359,-0.30727178314255593,-0.209353633612744,-0.27717165869671795,-0.08774488595427711,-0.7765864422277634,-0.08746860244268354,-0.4238005106308623,2.284242246315314,0.31493258112197103,256300
-1.9496524053127589,-1.1593043097792348,-0.5613517708707999,-0.3700448711254691,-2.4164381922542613,0.7060658700277398,0.7802015580276107,2.4135757054838236,0.2973853541322466,3.1680078779198793,-1.0148757240979083,1.3762488230306074,0.17720840205203467,1.135200910892574,-0.9493800899861389,-0.9769806766596348,0.8792421354829805,-1.0120146954563245,0.64300816442733,0.6499626326035755,-0.06495994390453881,-0.12698269273466892,134800
2.970520087677629,-2.52436861034464,0.17538871998018166,-0.5931397744834424,1.0443203163935102,1.0091856427244004,0.894665278850594,-0.2541270997871897,0.6097178033742594,-0.5945953671866756,0.39315558740951473,0.1368656270977372,0.19285645759117112,0.3427639405382896,-1.195903970006787,-0.10083429732243172,0.5418256800729723,-0.49924667760875985,0.6534084330983563,-0.7717564049277125,0.011723287931752749,0.7067702700898314,306000
0.4362031778406596,-2.571441525274443,-1.413612982689838,0.2703963901423932,-0.36480466224638697,-3.3203752672061366,-0.3156068161561927,0.3819814188089329,-0.08916139084826996,-0.734065451202493,-0.003272990032511836,-1.088177658530008,-2.05352574608125,-0.516855283753154,0.4262112657709145,-0.03055872592161899,-0.8094851128318642,1.2346452104266654,1.1770835807910205,2.082079182317112,-0.5377046668282119,0.7465422241657974,207500
-4.522443378287582,-0.47172675243670104,0.6729703480644325,-0.7197975603457318,-0.7309131966769852,0.7220580474266087,-0.18732348542420252,-0.5383816619366002,-0.7538243102685437,-0.3673455346953936,0.4875699685495293,0.33652724455254185,-0.04532401572701845,-0.1689323507690282,0.4254667042067466,0.060735682219579895,-0.2531231518528553,0.3056066966255844,0.40037748156599434,0.4244137366082172,0.5406560467638151,-0.3323353633226383,68500
-3.3016551107869816,1.815625134861383,-0.25187069863173445,-0.5984886873104053,0.44742636190589147,0.48747908693695263,-0.9162945298110722,-1.0088403324301185,-1.271048262363738,-0.7286901580002585,0.44931869196671026,0.25603218099882447,-0.445121949911596,0.3315415397642157,0.5382730502691122,-0.8683149887052987,-0.13009841632827798,-0.27333179931263174,1.1635365347433275,0.5133833696415578,-0.43430300509283193,-1.1389627388010715,40000
-1.091264319274613,0.49398699602240664,1.4717233341650002,-1.2494785727868316,-0.9518760278415925,0.049299423238697786,0.7248046139556363,-0.3065622145280147,0.30054189196467584,-0.14849541527902588,-0.6321789103936767,-0.7264525407815701,0.07802960485822852,-0.33909735139843017,-0.5190712376486066,-0.30073146358467967,0.0839907343919642,0.06840182635558589,-0.17829948371036583,0.27594535782622187,0.36143100370296,-0.15680232746803402,149350
0.8099859805688833,-0.1505380010479802,2.5558020301987927,-1.8299266541108474,0.15920651620091572,0.9656548085550442,1.2045615343299156,-0.35238847354854147,-0.19943742349848315,0.5132788549139257,-0.15317168057539532,-0.028832812481783644,1.0571265185727667,-0.10475025046218135,-0.6678741998196898,-0.3016846031346292,0.8361111244848212,0.8276405397903563,-0.3619196223890151,-0.9284067704612204,-0.3896541419438878,-0.07957981198281121,179900
-0.34036769795156874,-0.3918472478497919,-1.4991100201979788,-0.5706803578145554,-0.9314787604077164,1.2460173870754836,-0.9121843415005397,0.9742721161970985,1.2671834036906184,0.34735981337365485,-1.2468053790408051,2.093929678126896,1.162393989963765,-0.4299913838529453,-1.0879051870278869,-1.180184204035412,0.9397895582550733,-0.5905317095219985,2.2616355382464706,0.6775753634769021,-1.2499372875731138,0.939675494666962,165500
2.3517072876568488,-2.2472598659818273,0.960678401665705,1.4667334649879327,1.098360515470933,-1.3914874739694663,-0.08909785569554897,0.3428318473994699,-0.320225924604506,-0.013690909804912403,1.0133276618469154,0.8310062625981175,-0.5277978459358931,-0.04908905586126162,0.5389908791882484,0.19482132762941826,-0.2364435659917289,-0.0883941621971711,-0.16830514106455682,-0.2798056760731407,-0.00841010626314616,0.25886181198422104,277500
4.40600466630128,2.971577035340946,0.6147733002095369,-0.6514685429013727,-0.19146292122521125,-0.027080114972365194,-0.8318092663282068,0.5762090403336195,-0.8259870086691922,-0.22685783069765297,-0.540960500601799,-0.9890634453810347,-0.01110739485191071,-0.11768676104824165,-0.08195728353355738,0.3165791408214606,0.24793051185811743,-0.22041167943947773,-0.577763754759995,-1.39142752047381,-0.28424448846283135,0.2178174685506605,309000
0.18122102005235424,-0.24753087056415807,1.1140262776731904,-1.3602862498032682,-0.6294117407475636,1.2335638965164215,0.7243644758076438,0.33503516944670264,-0.5976764080921662,0.5133409263844783,-1.7834185169205734,-1.0216150334460048,0.2686058467908121,-0.8781560774388744,-0.1746096250859121,0.6104766676165506,-0.5539660425269454,-0.5734356059126754,0.5232400949252463,1.1995296909441875,0.031262466236668056,-1.168205836532068,145000
-0.14488048237855378,-1.7356162502958168,-1.0588136757122213,-0.4425240741866192,-1.0683677420164701,-0.020525528360602202,-1.7766060159403256,2.3139716421725196,1.7036077920250479,-0.3191524349640584,-0.1627392285879034,2.9813252118534144,0.22153941706016803,-0.6865999625956799,-1.1692199800658603,-0.8026087899857303,0.5241314380972694,-1.9326795071636493,1.008632720993016,0.08365064946798456,1.569748410583583,0.5724605408555778,153000
-1.86231793620935,-1.699326883043627,-0.20532534595599503,0.12629897269382315,-0.21938427046661912,1.2112424918802802,2.388050744176895,-0.09015187414381917,0.7512710888383283,-0.33862451645066616,0.13910290943194673,-0.06356889637183322,0.23301928926732865,0.05986961567154833,-1.620452403113703,-0.04590735218864675,0.5438333461335422,0.6147139384144295,-0.2740413025714462,0.2085571846428658,-0.14206617282075398,0.11569314926935978,109000
-4.741198781764395,1.966278855590248,0.1167266337847449,1.0555152268259418,3.987093375727036,-0.47154518004154666,-0.08296252196055161,0.9499323305154618,1.671755182441195,0.6702586005067532,-0.8702257931777154,-0.36924254786038957,0.2678950418361738,-0.24314208497525416,-0.3707179206321771,-0.6754408163574311,-0.9827510247562377,0.5768592481567917,-0.20486574214323994,-0.9139473078196383,0.7290613893256779,0.6599225077006593,82000
0.20276859852543092,-0.3186706968945368,0.14668759811192164,-1.316184446921002,0.09673241183160017,-1.64737133497219,-1.9580177624568529,0.08986446015419616,-0.07963203195291119,-0.8975502945768453,-0.18981166193351726,-1.1059040939609133,-0.5295718542656385,0.01503756344444257,-0.5129175837934611,-0.007204707237111563,0.2312351329777689,-0.1015315274340777,0.6291509101350874,0.4187081621795793,0.08082948302868019,0.853109214217541,160000
-0.4485221276666199,-1.2011657594456107,-2.0582194070156805,-1.2980192535993138,-1.8604513874685675,-0.7626568926632685,-1.7386108276694576,1.1938334187478457,0.9848395910411631,-0.3804167438986184,-1.2100945383814123,1.2729308778135848,0.6032860096061016,-0.9490201597102313,-0.2773630010306975,-1.5388870076807362,0.7549584239498981,0.6963855068690679,2.1782762608263244,0.18248288214346894,0.05270845881467109,1.8958020138052127,170000
-1.6102986053752235,-2.2006530587366524,-0.09477358408447195,1.3205851826139796,-0.4011184610920359,-1.0070777178737924,-0.686582130948503,1.4012700437809162,-0.7607443107873306,0.16318270892657466,0.32071888158103845,-0.9273307702824467,-0.9580844825525334,0.3161472359811984,-0.19556125694416673,1.4044107283545584,-0.3005246252459913,-0.6221525073942973,-0.37148759363127154,0.06814945887029249,0.5785532763574628,-0.5644477753939856,144000
-2.1097195564673483,-1.7954623666755396,-0.7125351672754656,-0.14195590671180033,-0.3087589836803049,0.2501483364283114,0.2916320638368247,0.1660359814582906,-0.6520314136196954,1.5861282461079613,-1.0647054425567788,-1.1542926244128127,-0.29945515961847663,0.987650323663985,-0.008786871451107988,-0.09415290802570356,0.20497195353147135,-1.0492574692009642,-1.2226828791218218,0.03972140270817123,0.09936736020965756,0.033100269301147144,130250
-2.377462028002533,-1.2823326011567895,-0.7958423283954577,-0.9586291690516253,-0.1029660907159518,-0.14732872520011334,-0.49479429309358897,-0.5485399477668559,-0.7967930070487923,1.2738345100559358,-0.7926237174898032,-0.83616288180805,0.11064225615061368,0.9040235511437131,0.1999738773507164,-0.6042936820134395,0.9398055294636448,-0.25519345707471847,-2.13477688504545,0.21008470199082058,0.0021424719440951336,0.5420822965665284,141000
2.8236924797194414,-1.4281576121463784,1.9547898214233026,0.30319389010200953,1.241278159459459,0.45845385943766614,1.8756729310104392,-0.7777027720931462,0.49838001326199366,0.7748768198497238,0.9007044683999403,1.9129455876212518,-0.16209706044942576,-0.04768558821191485,0.7417207961725417,-0.4217970247886225,-0.6104032606871163,0.3348801646231805,0.22318363104903655,0.6522620716897224,0.6366181485419271,0.195416884951965,319900
1.7078065203712618,-2.2221542064133377,-0.8710369978047103,2.2256504183987826,-0.8706219253454892,-0.7753736799122297,-0.16704614239401513,-1.8984166746413564,1.5915455475954168,0.04948866749764438,0.6043666263749984,0.10333379667273324,-0.12316411622159355,0.13921963530651363,0.26790409061768505,0.7751011752683749,-0.9874348659938232,-0.36571363352183656,0.8895943802741175,-0.6589374211897907,-0.9035675825902266,-1.3788989888609289,239686
2.2714180230100185,0.06839179517903987,2.816237110901672,-2.6420761628482814,0.13782283721314967,-0.850049233163735,0.2055159755906353,-0.22554312176318583,-0.2347732717259522,0.2756469819735321,0.17025405753363196,-0.8666370260179651,0.004189370554669985,0.40395604182734435,-0.8035734273281652,-0.42861132738391045,0.8390679289081118,0.603755205180308,0.2895739822423883,0.16156142498340176,0.039103460945446554,-0.35484139467542497,249700
-3.915673046357016,4.2816721358155085,0.5363882474475654,1.9330649515129412,6.807312354194699,-0.4689752630504079,0.661263441170065,1.7006558607751079,2.251077370095418,2.024300337239989,1.951784306106026,0.7763835057721461,-1.1214416848578808,1.3040192196204279,-0.4414340528406804,-1.2646583791996524,-1.4488425963067848,1.2890706943351964,-0.1841101061035191,-0.5219142397142329,1.1690058996864074,0.10532473028470689,113000
-2.49744011339957,-1.6670995174016614,-0.5780276662547287,0.09755098012643644,-0.07917380596241469,0.7042477043422428,0.5462371253542986,-0.12756112245858775,-0.0663726098582349,-0.6337277735089794,0.0058742057186396265,0.07089211358815817,0.6911336189798901,-0.5150893859182448,-1.0264569507483188,0.19874413943903743,0.9719814759363654,0.9517755345612653,-1.4375437514718779,0.24209729204380792,-0.5488746419448901,0.3277356514852863,127000
0.03578798626534481,0.8830201118868518,0.8249982257465265,-0.09262598026040145,-1.4057007125405825,-0.8187072410881224,-0.8590042704131079,2.4494864067766238,0.2750319049836058,1.0550441297740607,-0.4518434027072029,1.0319711631452528,0.7316872004576966,0.18126181259989005,-1.2436008852133351,-0.9906206424513339,1.4716229175047197,0.5579453812981345,1.3071891683040748,-0.8258795209317026,-0.31273325621559056,-0.41427960846798795,177000
-2.0943222709361926,1.371374720462892,-0.6704362676529879,-1.735106003229463,0.05798390937073866,-3.0013894353284005,0.6712174679900905,-0.6443838410576241,-0.9086289335783071,-0.18804684579950867,0.2895973828395413,1.1075107533724713,1.241045162717053,0.11408489615308964,2.4809815976004153,4.6818864782015766,3.089069705843323,-1.4588289550566294,0.892861449905318,0.9328531677048985,0.597448536632272,1.0800095753606123,114500
-2.1594076052343443,-2.080820952194945,-1.008514731672405,0.17895869282955873,0.13623747213860132,1.7222362376065448,0.3053059716874169,-0.770746393105665,-0.6871965920111803,2.5484516039483758,-1.2242437085941553,-1.0777790293307816,0.23662554256962917,2.181092899870887,0.49089839376760613,-0.5090854389960917,0.4953541865764486,-1.2253809530357267,-0.2561012250890916,-0.07356661212661718,1.2840590421672622,0.3401754870727791,110000
3.1009918043069793,-5.849975046357725,-2.5686408166835846,1.3730759443507736,-0.08193069651307885,-1.4068084245791903,-0.3959488479861364,1.4000534563302172,-2.2026337167108836,-0.04476956041496345,-0.8398276494845077,-0.6302019004108664,-2.027133072975339,-1.9291783912358933,2.92596095830476,1.9835904008293894,-1.5136624217002914,1.1891070552142111,1.1294014645959392,1.6838010640796424,0.31581666637442474,-2.62835808758388,385000
-2.159777312530052,0.05726896700488625,-0.16295462020407409,0.5917282484865548,-0.15818511948219763,0.750751737140278,-0.9463770306387506,-0.8299374386635897,-0.360692383318674,-0.20588422596574313,-0.14790657027302268,0.31132653447736747,0.8772720253038889,-0.2502670204486807,0.14281456814095378,0.2207680622439481,0.6626525625150842,1.3313057396448107,0.14743674607475432,0.4424392687438406,-0.4614181999297234,1.1320549910731055,130000
0.7674856453189198,-0.8296552863784483,0.676505680828725,-3.0451847831701118,-0.12753275778251916,1.2821543644054527,-0.5681963973968296,4.321253253656455,3.548712372651497,-5.70506801042218,0.16451741493551197,-0.9584434995947383,5.721495735698405,6.603563663593513,5.445212635412287,-0.8474424433117649,-2.7355228043223105,0.20073581836474783,-1.666780249477537,1.7237002495576255,-1.0705293087538406,-0.19268222658451276,180500
1.6230540140765526,0.5085171454371943,1.2127040872828647,3.7316857463688415,0.7138741981507662,0.1194969746263688,0.01379457551924254,-0.00630597099686834,0.1380683263321635,-0.004472239248905913,0.5240364293150811,1.0254300314822868,-0.25826370447492564,0.2324363862896508,0.3908057330541373,0.1262173387835501,-0.34140233444723245,-1.4114850341377456,-0.3416636275850004,-0.1698240176223391,0.8192598745527365,-0.7762106281201799,172500
1.364528335642482,1.8037623855341796,1.4683718285619118,0.021603325019000832,-0.5866547649079866,-0.4770287826182243,-0.6046010717262752,0.07065406470793993,-0.6640308127103697,-0.34625330499865115,-0.7132140609212625,-1.4510631674968604,0.38620451823284035,-0.02320592523502668,-0.33191116065150117,-0.24854140978331912,0.7635440052080598,0.21751463833912432,-0.19216142050940851,-1.0207157181196551,0.2411206458089281,-0.42505929245687163,196500
6.2282186549424505,2.856897625555322,1.3199164146068683,-0.07823743827287898,0.028488873263975544,-0.15122193133201198,-1.2085095278893363,0.30177065951776294,-0.45960934204004417,-0.6232980592577467,0.3994457555152431,1.7672451872806867,-0.7350718767557127,-1.0471637525428068,1.4797176459287573,-0.2886982899555731,-0.5892685615167965,-1.6304613815091018,-1.933070647079472,-0.5016961707756583,2.349278374470072,-0.7638636518430603,438780
-2.7755777687044314,-1.4789526729255722,0.37101252604288076,0.2232454588125341,-0.8495817689791967,1.0369444853337624,1.0413687831637777,0.3097449295028495,-0.25527534952398245,0.12408474502437623,-0.19110702926589576,0.4605057697068037,0.5893269392921098,-0.8742865755114378,-0.37779000569707744,0.6062524170618371,0.15569002086390865,0.8215304870424589,-0.7571926632724911,0.665045901382962,-0.3319813794574409,-0.0613216493210235,124900
0.05184478061518465,-1.8109682952865758,0.3828233922610887,0.9171014951335514,-0.07559490459716896,-0.272213197995511,-0.43716587583031347,-0.29394325938499233,-0.5228667815033378,-0.8547491996000246,-0.6470453490708936,-1.0128093396093785,0.7017435423270582,-0.4462067289939163,-0.6315300867040082,-0.31910156509950527,1.3398499306842147,0.4361875699955807,-0.5988271856992013,-0.3788467562813883,-0.35513418833339355,-0.48152231354768105,158000
-3.1018112829328888,1.4467185544326766,-0.04557497887671006,-0.20647249711860818,-0.9498097806634961,0.5646952749016027,0.8520605108248497,0.07564211924468137,-1.0861029509402393,-0.563041635416387,1.2915531268716531,0.588375689563382,-0.3031472186991878,0.1255929280976978,-0.2809340510057502,-0.42244338430338557,0.4716647027902493,0.8348626428911453,-0.9199749971979237,-0.5091255922127423,-0.004157283686589299,-0.6494627524194058,101000
1.328164242858898,0.023940043046721426,3.1460278799808292,-0.18576850866913588,0.1964266131236884,-1.602562373587169,-0.45974709896182303,0.1286571252662521,-0.2780807747990312,0.8395873765720144,0.9896069774163735,0.6062090620751092,-0.7030858300315718,0.1778812975576562,1.111083585817752,0.2789158666734448,-0.8329710441817086,0.027943511669120968,0.25851038786782743,-0.3907325897209761,0.45333311905881,0.38430315804446613,202500
-1.4017307926989433,2.022651858031474,-0.028091524344703096,-0.07430288892094028,-0.15606481775952177,1.724238190090411,0.6283426609571646,-0.39308395196439644,-0.2754228579992681,0.03409506191791924,0.8509030385690664,0.6205949999381991,-0.26055253504356934,0.679416498720368,-0.1793056467316402,0.3492073423647639,-0.13887050874485174,0.17910991203009818,0.7152408246287395,0.08294615837811306,-0.19300198111627984,-0.22159448847495408,140000
2.9015433244022284,-0.25469401713084805,-0.36234475671523453,2.269233992860158,0.4977341555683073,1.7322114976846976,1.4322449449335726,0.556586325972287,-0.6389623059754121,0.22830276666054983,-1.2279997865757621,1.0970758430740475,0.1955098387374579,-1.4752339291912873,0.4386092095113006,0.419358894566681,-0.559234370702671,-0.8933733117865725,-1.117874425199925,1.6999107295000788,0.11809743182919218,-1.9330832190209866,219500
4.27112217492215,2.7417123777900128,0.838243007452243,0.01793191584696464,-0.659957817350826,-0.5893921597735091,-0.5523461031905526,0.05481996457360795,-0.35581292635861955,-0.28844521775537835,-0.6088857139032074,-0.6096403177887508,-0.6692460451091943,-0.2676087438380889,0.12970491268447357,-0.17136357998234708,-0.18357853040896988,-0.5722136868786907,0.01371023039709306,0.7226059104577016,0.508796143686831,-0.2060907196569737,317000
2.527310799656634,-1.8046810513026696,-0.4422589539537015,-1.3587995577003091,1.4152399646880938,0.7859979038730103,0.8784640780271642,0.4173621092992438,0.28083800486119054,0.25405010706753245,0.011935822716495514,0.9237964913914569,-0.8315921910806405,-0.5107828087850963,0.3734023417826955,0.8352411226598667,-1.1929479275994364,-0.7501865280023581,0.3221680793928452,0.42657876621530477,-0.290014033273249,-0.22240324602288275,180000
1.3671191122563113,-2.083944430742949,0.633367196803117,-0.05446652716158147,1.0174323396712905,-0.2726575133299774,0.14217392931901038,0.5207457798635967,-0.3976543571742521,-0.29681125309631506,-0.07653273699584415,-0.17914176903502438,0.20235025077274368,-0.31612257756909573,-0.7633154203315062,0.17720140678526256,0.6312014068926914,-0.25122429079018055,-0.7539953918411801,-0.28538404625714153,-0.5602756430701328,-0.6421386880196776,226000
-3.8944168407375215,-0.22600243656888944,1.1452034198471894,-0.7098044984628655,-0.4760552439259491,1.0852594641321203,0.17437065137726557,-0.5194513883264313,0.45156210859356755,0.16309259056561595,-0.0566937516932476,0.15452767798173933,0.03251502677743745,0.03889179657706607,-0.13975618793518033,0.5947217105434399,-0.6645045661036383,-0.34924944449043516,0.7768585313208926,0.6978104328760985,0.37763897836055116,0.2763238147168505,80000
0.89929756636368,1.3788503580763012,-0.914337710770781,-1.3104836504026407,0.8867585249272572,-0.060894032523243456,-1.5648394670141457,-0.606556775988063,-1.3540128829603209,-0.9869875945710708,0.5928241817240182,0.30322882810449586,-0.2012922388529839,-0.004204954717363791,0.6954757026281967,-0.4954503681988076,0.32236748241331603,0.28722270875247624,0.3807456420761722,-0.7292828901822516,-1.0611568847703863,0.1669004414001454,225000
4.038898371048925,-3.177884698408087,-2.3064643091328523,-0.6176434294296194,1.6338804812714285,0.8574081323779897,-0.31525311229676306,0.10592683680519357,0.7445330282362671,-1.3146855766190297,0.3024550794358547,3.3501440283866786,-0.04561633136127795,-2.2344378673995178,0.5792016529436296,-0.11280278091242829,-0.21900719128474622,-0.5288344443510938,-2.61869619516083,1.4664842946082604,1.3895335993223514,0.8535460247122643,244000
-1.870093610323661,-2.1384780665240615,0.7928075941276121,0.3138696551796306,-0.30000934962910103,0.04561593497814285,-0.032171205813539536,0.25932847241758666,-0.3969340398846337,-0.49743630480238205,0.12667654907865408,-0.8084606972356175,0.3402636935878337,0.004797123050584946,-0.8810243069655753,0.5020580532325719,0.7832853658880985,0.2588912907656228,-0.5311207471096737,-0.6298293317222199,0.22041863656775848,-0.18379475187118777,129500
1.7511003128853226,1.7420494905717814,0.2853159016504934,0.06574306583542656,-1.7818403872182185,-1.1395600503053276,-1.2613970620285841,-2.4333543584188635,2.777047328551965,0.7223522739385905,0.26071994322052605,-0.9476494463089845,-0.05226313816114749,0.8831315491767724,-0.6288193575844936,0.86175910025474,-1.3890243607195416,-0.8029864016851639,1.0155059148410752,-1.5110188724343523,-0.5810332262691243,-1.7201142462970491,185000
-1.3538949766126325,-1.7098132783611681,-0.5209870599627929,-0.6558597244506837,-0.5633999527849592,1.4108917050204317,1.4366172545251379,0.06157200601045124,0.28223144371217207,0.9485233628646893,-0.14897722396742194,-0.6476728350008374,-0.24561116154213283,1.241887788291113,-1.0124600858596045,0.012460641715658444,0.5203326748450342,-0.7640379544170255,-0.8621003586946402,-0.29514030199843666,1.0915615075916256,0.20008535386211498,144900
-3.1777933386945127,3.0942251307043405,-0.9490872633471326,-1.075965402372828,2.713874244706801,2.2815431426766675,-0.09312482184427198,0.29987368246535023,0.03536915035191374,0.35483661197153354,1.9970100120960774,0.5649344672485884,-0.9112869715113523,1.3554018241080674,-0.975253867366357,-0.456056163536206,-0.35274481964798005,0.04560060681544265,0.5717759879361594,0.8447193334299176,-0.08722868183903516,-0.4676771039171739,107400
-2.8390505413857476,-0.34556915832972224,0.7945763991559763,3.55252915178867,0.5254157678409597,-1.1397121038720974,-0.5477041815822656,-0.008212242929855453,-0.05582411812909275,0.2894048357498418,0.31403134953023815,-0.4582014832700937,-0.7990040825420934,0.8276965266552704,0.3203474840509141,0.5168284732839795,-0.7609795201339146,-0.3213763135830977,1.5717561567739222,0.9397508417315388,0.312652902870959,-0.5288212980656484,91000
-3.2074054166327324,-0.589385653552336,0.525973354823163,-1.2694890009629656,-0.6911763745746146,0.7786413979396366,0.20194367089293744,-0.13774628625561489,0.1759138936502639,-0.18426512229997966,-0.037693831144028696,0.050911045642213014,0.3408635759805102,-0.4124900232646543,-0.4318840441412816,0.45454041410032325,0.09829182275657236,0.5701686061946606,-0.42553260871591125,0.41925860209611354,0.43618726813932873,0.3486038710097604,135750
-2.3895681227424315,-1.0777257226548955,0.505553645439836,0.9539182418868398,0.1650634592150366,0.8087885614497898,0.9743638817145938,-0.6338677463829488,-0.27113736677288924,0.021152673855622348,-0.03858642354005582,0.12549943775928726,0.7078165691965086,-0.025061484466615623,-0.09506934180580018,-0.07092760799305453,0.5918641906733263,0.9027066213356362,-0.42089662733296457,-0.4019028474029635,-0.22224611625692797,-0.11706796997100709,127000
-2.0211557981074586,2.6021449736207045,0.731278356330165,-2.197369112391365,5.36933603838002,0.12009234958206003,1.4998059290538517,0.6103439603895948,2.650141805179856,1.5303841612882658,-0.7508447910757138,0.6020957846442712,-0.04555403773462008,-0.2857767156650148,-0.6185252778922822,-1.0953444552950984,-1.5069995847815656,0.3381098310907553,-0.49275018670382187,-0.12060002703771901,-0.1706556530586377,0.4735579516245315,136500
-2.509178802786449,1.2452145677029367,-0.15997859012894855,0.35654973974838683,-1.3378747568792453,1.6010806474948378,0.4672291281436375,-0.4768924726421606,-1.0227914338871142,-0.6265187060928961,0.5948023132807974,0.17484930416482064,-0.3748842938247966,0.18677553955633422,0.30712538181079235,-0.08117357448514173,-0.0853285727775235,-0.06807967589598815,0.6443333568293655,0.027345394136937814,0.5744941514265117,-1.0154222836770033,110000
1.6433173317642562,2.052598844186744,-2.117113669491643,-0.035209391853469246,-1.0537502972903139,0.5452560406529829,-0.9290519876047147,-2.2900460425434352,3.290568138065999,-0.2711122316566825,-0.33981772835854307,0.7146025856277617,0.5764443808663151,-0.40938868225568986,-0.8375947639108133,0.22343296512547117,-0.8526299214253104,-0.630612138546925,-0.818156714045764,-0.4222052666608143,0.6477167327930876,-1.298956617036957,193500
0.7173943392480596,-1.938525109251728,1.2122943106521762,2.534446422170464,1.1905820646103245,-1.51319725637227,-0.16047860100997735,-0.6494028139889773,0.14790295487781902,-0.46284222447609835,0.7043689720893264,0.7365367628325419,0.3936044679963302,0.00503684601859422,-0.36782775564296577,-1.2998950083083547,1.5430603192899548,1.4217258904430006,-0.557920371448165,1.2811415287440022,0.7352719703404648,-0.5406250267189872,153500
3.090898004144063,-0.23509458977154354,2.421025178246782,-2.2474321495535463,0.049184142361888436,-0.5247178011197099,-0.31687125009477535,0.11840227884849333,0.17126353120631962,0.18674315943984526,0.18270745233696495,0.2885230735708575,-0.672648158262321,-0.23178695694016402,0.09295555919919839,0.06685853242836651,-0.5223879718408143,-0.8186015821147732,0.1325121841510776,0.42291909021923163,1.2324432641818226,0.034926789744397536,245000
-1.3251053127347525,0.3805615298223126,0.9691615373307897,-1.423401088748381,-0.4793001624814257,0.6458406010289083,-1.2160974580912907,-0.45995067546085094,-0.457291871923559,-0.28601294549640616,-0.9467188925230143,-0.48138512776636105,0.46251918994007013,-0.6596444730093671,0.1307032672383165,0.38920420099255887,0.0854668087082276,-0.4506108356725069,-0.30886799139026033,0.642647419714103,0.3014704196133207,-0.292603309247789,126500
0.7018959624614289,1.552118376006209,0.8847025348864083,1.4474814565016971,-0.8361913311860849,0.9898051771983847,0.5431629346966672,-0.1635088155594221,0.08964264381538355,0.5210149949126692,0.035225644890668074,-1.09178473978856,0.5499973200196435,-0.6348235657047436,0.6120431647727613,-0.11450791521284293,0.07199852399555705,-0.0736576765850748,1.0688656678285255,-0.3464903235119819,-0.2529717469386934,0.4755129419582571,168500
3.6118627521732174,2.530554601347387,-0.006823160305357797,-1.3106426030092666,-0.16249174893332902,0.45541398060085314,-0.21557807084938208,-0.30815511304580706,-0.43841193343649265,-0.4547281220083487,-1.057231778552093,-0.18541868448223361,0.4688482415407097,-0.9511249078194699,0.2414293660574409,-0.496260046074731,0.43040577766290167,0.6094867180361518,-1.0251615398176852,-0.1178632680950919,0.33771983188745325,0.21369551740418347,260000
1.4199732148303406,1.3891897135437565,0.5072127902563579,-0.02115280450778771,-0.6172442534698217,1.868404606971133,0.8249886243276314,-0.26286542528669005,-0.21301757675560762,-0.0053821325843295825,-1.2009948578999252,-0.863094597703983,0.9213237450117655,-0.2659973540897202,-0.299939293844585,-0.014973169033007312,0.15724967444966,0.35371946251473035,0.603297962244349,-1.135607684082223,0.023032823792693342,0.5201839247198983,174000
0.35481870195805143,1.5173364061522154,2.7682370092048707,2.710911599021388,-0.5193162721990902,-0.6745143570020331,0.7365857692096455,-0.8519279651430335,0.29790433928925614,0.5065824012757664,-0.06484958451375526,-0.7483411121293054,0.06186396709157755,0.8636360037844328,-0.1011795041316296,-1.09193740669423,0.4130117924767117,0.9869142878633512,1.758165776003973,0.7437931100010999,1.0013823510562068,-0.5479901680510942,164500
-4.053991940060904,2.26672220601505,-1.424725504530241,-3.236708336492033,3.9099615435791537,-4.331972883693667,3.6598942314262377,-1.8771493750596169,-0.591615320686224,-1.525562866578021,-2.179489990756781,1.8124459240538673,2.0306853633535518,0.4553857484468396,3.215203807075136,3.053313946679323,3.333590422675492,-3.862796856438173,3.298996554523612,-1.4144111576610503,1.4016323714974346,-0.9328316522191534,85000
-3.07449975292986,-1.0751919270610306,0.22119932616612045,0.06679117155739688,1.9122723407862814,-2.039040621869281,1.004334787033004,0.3891404625381701,0.8560402897541666,-0.8463571616295987,-1.8776069826591555,-0.7217437385941479,0.08390132777836831,-1.3283483179867508,-0.3042097298998331,-1.1505041022839875,-0.7466257008054175,-0.7171265723970218,-0.9171000039724065,-1.6704304578331348,-0.5082628534261769,-0.17417554332628787,123600
-3.57632788222069,-0.05907894688153722,0.5892852016867066,0.046349565788267474,-0.7366741927610954,0.1045632345274796,-1.9228546924480932,-0.2687625830678217,-0.8626931966607719,-0.5090079760583796,-0.5427608988655823,-0.8849625246796876,0.602171548540105,-0.22435895768989975,-0.049378377563664054,0.644720170382404,0.6344346883287424,0.4295887539628458,0.0919788066742476,0.26650013857680277,0.34987448659218845,0.01821407134869744,109900
-1.165461040386503,-1.1463644196663374,0.9987165154303163,-1.461743127283534,0.8337268807223969,-0.7158482484658887,-2.9407518645575266,-0.31744429658832923,-0.5710561074722149,-0.9092289213237632,-0.5974976785200231,-0.4964545884565839,0.30203662145134136,-0.4328814425262659,0.29640178901330383,0.3050932707826415,0.1832798119275704,-1.2841280029123328,0.3595496386295594,0.021016285334633355,0.7302521222370048,-0.3562302772252317,98600
-2.0838282269026056,-1.886747125232559,-0.5988248968158729,-0.06065601697079384,-0.5176918860910974,0.4233310333618807,0.796465989194397,0.6192946884296082,-0.01706109461741421,-0.8603340137997693,0.9337609457371328,-0.5784529766525346,-0.7463998233464901,0.5378636912296563,-1.1028284879653574,0.6654993659813775,0.20529300211489324,-0.10879349688106121,0.23479127650974496,-0.7058241982349052,0.941108560438071,-0.40341702494354453,163500
0.4060000865513712,2.7771914990638567,-2.1652967377480135,1.6689923086799743,1.6277086486020331,-1.427537198034572,-2.8360739436377402,3.01422602157937,2.3549547460596965,1.8751919123322145,2.0761924017077544,2.2293107944109125,-0.37244745142112845,1.548635757166871,-1.7269350821903242,0.23524389325297504,0.46818167153150386,0.42689010754456524,0.7593922310877952,-0.5630164007111063,-0.7101781714733408,0.5042132204015745,133900
1.1494777051732301,0.42653754047597,0.04914741950116712,1.89603632343619,0.0314632934219529,-0.32209457861099494,0.1651384130019086,-0.503628616666882,-0.3080655831114887,-0.7763063546086534,-0.7158530103850621,-1.4818676885827307,0.4185402713850856,0.23663815046220965,-0.9460011235918603,-0.8032909084697797,1.3101215289513641,0.7648514935332065,0.27969314681612034,0.17211615194020027,-0.36024210622911723,-0.471308665298133,204750
0.6797727073030986,1.1121196560242659,-0.10531388739133737,1.2768599172898472,-1.7207823041814265,1.0836748992185585,1.5400264824526144,0.7504291759591178,0.26909603140846455,0.41104221214397296,0.3167189981312044,-0.5249414018791232,-0.12868061181527865,-0.8119010415161311,-0.04025347156474208,0.48535740616454676,-0.19195737788489053,0.41439833493127415,-0.11723766191800347,0.3615969281954406,-0.04904582550717251,0.4836213114248038,185000
1.4544708627466154,-1.463783733302152,0.81748037747968,-0.7068174452067492,0.6807978377755223,-0.8391381581639203,-0.6916115965550438,0.9131833881639041,-0.4759893555361892,-0.36706153555093823,-0.11501284149373289,-0.08445267017840047,0.15659269313695987,-0.5994805983131153,-0.6283222034650673,0.25477781635518737,0.590105632124494,-0.43091414152186763,-0.8490745715649142,-0.21689187336362428,-0.42538675684933597,-0.5598157997765882,214000
-2.270529077940959,-1.4785393605316295,-0.25515960695988293,-0.4266314785967822,0.6251523249747393,0.42498690578742365,-0.5273836194038186,-0.04094336655316816,-0.4711437856056669,-0.3619819435154569,-0.8326436106128102,-0.40540270893411917,0.4653203699270514,-0.6903047184207312,-0.2910909256053801,0.47380143066274294,0.23580982250860977,0.09293803559068421,-0.5913043350031479,0.45036281334837414,-0.5020577763505529,-0.4061722314323283,94750
-3.7803579539971217,-0.15277310045129627,-0.17601604133160723,-1.053752901645434,-0.13799235409177057,1.8053187869074354,0.13009647926477116,-0.6049672273595473,-0.05391459904658696,-0.3784379001487652,0.3018895058282358,-0.2722731640518617,0.34305508768127335,-0.2806872721310882,0.13817453152386938,-0.09046725466797585,-0.09385599321424869,-0.4950582633683927,1.3491617682121322,0.017231321023157112,0.5298780424923728,-0.24412213696033358,83000
-2.9119807682973144,-0.6722648415444117,-1.377015011020122,0.46642636259596315,1.7903954166948415,0.7671048008974604,2.7537540370164475,-0.0897856173168303,0.9767070869611073,-0.07054555916744944,-2.650087648974406,-0.08884750348472398,0.6735116733429725,-2.560234510013351,0.6192845736694464,-0.9620975295697883,-1.407696710675943,-0.772762333678539,-0.37540231347522035,0.573054484517807,-1.1429923024419375,-0.6999419082888956,128950
1.5427867820272922,-2.2898365379958783,-1.137800532253255,-0.3138460456186987,0.1754455074889525,0.9458522811763432,2.1061405061346727,0.08932939999177411,0.6715112905253211,-0.11094126987472992,0.5488306688289445,0.5556796407736766,-0.40418824107743395,-0.1406326606381186,-0.7703537361616839,0.34345264144399884,-0.3099958945339278,0.8483140009109861,0.2878840441381245,0.24997142260167035,-1.138374657541076,1.7088265333040882,205000
1.2987153096774229,1.5148587682034464,0.5745882321975476,0.4728073746914139,-0.42648159123024737,1.5873163382745006,0.3421665373640162,-0.2947599810821422,0.23022228797464062,0.11138044664437179,-0.8970569803633371,0.22586515255269593,0.03733401742427256,-0.4480829235642148,0.39933784204651757,0.22225424666960578,-0.8684608455370115,-0.7854905371517804,0.6866888306145815,0.31998427279881,0.7157124224999225,0.14264871962872505,178000
-1.8195809498496074,2.0761758558521803,0.5307389456161509,1.0415536779427361,2.6201558900182484,1.7879001472891387,-1.1429550753470168,1.169338232117176,0.7115772586019765,1.267749086715212,0.4348883244474404,-0.8075671948936253,0.44270404663281915,1.24746313289577,-1.6523334797120994,0.9863149762632079,0.4143002182420935,0.3539321297975018,0.27614486514892783,-0.19146450808842724,0.26659601494655283,0.4245110302805331,118964
1.1216541124678647,-0.2938478343867575,2.5755252253896366,-1.9423401151848518,0.11551091990883232,1.3960082023445646,1.02766087816845,-0.07769712170960219,0.1424784197450693,0.538835493490882,-0.08245610620389907,-0.5612061303622539,0.5553255625190426,0.5453735619186912,-1.1202973346718712,0.21435777872080353,0.4067191182364569,-0.23801937828288355,0.8306658838816443,-0.8776677724970825,0.17629934617230203,-0.21675149890936668,198900
0.5065480691530105,1.7326474549859778,-1.3656677320120227,-0.5559140314546307,-0.6557489236831553,0.10232547690264851,-2.500854620085205,-2.960273148126335,2.0380463657894206,-0.5102120341078047,-0.2473657697189807,1.8411452380868787,0.5019217135633887,-1.1567777394437744,1.1353256932681404,0.13496395097724606,-1.2530574163117845,-0.7991183620813127,-1.1049362624618515,0.26387991111332826,0.08288691851461205,0.22766376482719985,169500
3.2452201519079615,1.6671537497691178,1.2899065416784135,0.24187461555122974,-0.40141864430578394,0.45539030107348916,-0.3890404623528722,-0.19531233503647688,0.3138704127842446,-0.4406390014597123,-0.48870915692423117,0.9433342358313189,-0.18496078319656165,-0.9318391449764065,0.7620528780464791,-0.33759378039914933,-0.6483353729366199,-1.312107739175089,-0.7355869925721924,0.026997980125307873,2.1309156386711554,-0.103672352014701,250000
-3.674914901205717,0.23783457133737504,0.3064547175718407,-1.0501460400807967,-1.2733259170920965,-0.34564935370153027,0.05119494196393233,0.7020359818923494,0.14753446242076437,-0.12645666428463082,0.96921616006672,-0.752279959615081,-0.4603009387015445,-0.4783111607699503,-0.01806805277116307,0.7651037766163158,0.03196332101901286,0.41212133720537625,-0.49545235342549815,0.009280573100598535,0.8751666101536104,0.01745881887708812,100000
-3.481934366443661,-0.6059344551977502,0.8488487680248272,-0.682326838309841,-0.27890806471882873,0.7239292956779906,-0.41483073535626547,-0.9009826103726613,-0.27000373985025156,0.5420983533409066,-0.5097725169016258,0.06659852625840813,0.5526111222476283,0.052936774529965314,0.3819502456820515,-0.07357780539928131,0.13012044143331114,-0.002194062012599108,-0.12553162665134837,0.47069565343608544,0.029959114254270114,0.33360642592263107,115000
-2.82662629517136,2.3181631403315763,-0.4777961196362997,-1.4002793768935373,0.8731537908658563,-1.7548962132441335,2.115586612637244,1.0164264018987246,0.12286227500103435,-1.0810714388348843,-0.08171084855922091,0.015557411918401133,-1.0950446368769295,-0.6484672862004536,-0.30534063644987347,-1.640467837870275,-0.9658769224959035,-0.32107796957833434,-1.2102514018596346,-2.273934328906447,0.003865152545745312,-0.6265943608015487,115000
1.8902683783391894,-0.7223938069950973,0.17381100720954384,-2.3948949393276484,0.6364964966713796,1.5092391307050077,1.2296396135314929,-0.8532148947122219,1.3699820528927722,-0.37390003922589543,-0.02072856170433731,1.260996346186234,0.3967302956262573,-0.49915472216872286,-0.7838752818494238,-0.8308561869739864,0.2990678075736555,0.4693004966935076,0.030586751777219198,1.127136301742067,1.1069969742137271,0.8662348760539212,190000
-0.19851668342403594,1.318385556119386,-0.04506424392734148,-0.6279909527134604,0.8892650207135593,-0.6782142988633877,-1.4242303388834023,0.8108825645328819,-0.8795716964519147,-0.14942255917353106,-0.8527581285910406,-0.6843153639210061,-0.06728903854880783,-0.44838159455547594,-0.09042773808683155,0.72667345804647,-0.1977515733707886,-0.7312661342200183,-0.4292731332908028,-0.17878946239960097,-1.2897660757555693,-0.5315533428303327,136900
0.6228067503198206,0.9812729409537777,0.7334596434601788,1.9662691578474862,-0.6742719016896738,1.7550658008836437,0.870211201931147,-0.03766640358862216,-0.2293879865907969,0.4118259424447073,-0.6468890298086771,-0.115978666554796,0.49522323652938227,-0.08316014383399575,0.15270336780441002,0.5299007777481993,-0.47304659455149944,-0.2550796601771455,0.9163989395858632,-0.9050464422471872,-0.571669938764523,0.45269912957570685,180000
4.526434288576826,0.9653919194844608,-1.5400822510824326,1.6188709605210925,-0.49209299887823255,-1.4194709974560324,-1.0199868912865881,-1.2670876186542361,1.268060068730638,-0.588755119745879,-0.08810095018138374,-1.0552739156222966,-0.31743555166962273,0.37193640249219095,-1.0880691937157838,0.07310253851406837,0.1605524978237043,-0.36619190281574654,0.005387838322570271,0.13092045079135198,-0.862813277687152,-1.360909600411957,383970
1.3809515374733872,-0.6989767292707316,-2.7756982766436145,-2.862960729588006,0.4738751750771703,-0.8033816635027827,-0.7336809202046284,-1.2274427070008755,-1.9593107318477672,2.31869520168699,0.10403788266492234,-0.3242021777912823,-2.3261921827520724,2.365455635341009,2.431679035993684,-2.3703587061307623,-0.2693772868220972,-0.9921702151437594,-0.4695125970513696,0.644163394524464,0.1692811351336349,0.6452269325987695,217000
0.6742015833918954,0.5611610450483688,-1.9827417154164995,1.8898735879215898,-0.9602832698548707,-0.4719381967466713,1.0691775771329208,1.00924347279707,-0.36779821648182254,-0.01672015699140452,0.2273499565303387,-0.3185199003829921,-1.0712531339634248,0.07081356784651627,-0.04073761761544625,0.6043134317047897,-0.36773496588770355,-0.017160804336291264,-1.6100077830122288,-0.2124630260213474,-0.7131753969316074,0.7558555374902443,259500
1.562619818605033,0.9822183869623261,1.657074686458544,3.2444539834148243,0.028224850447220326,0.13947407415888777,-1.4836928695627045,-0.6693402924734149,0.6766456385781614,-0.6275759402964847,0.422886996478486,2.483082457383286,0.36736163206510236,-0.9423704428401081,1.4084549186544009,-0.8068383290745694,-0.06723112843509879,-0.721057207788379,-1.3747701309993587,0.1466897410854313,3.475224285068783,0.06972875026522651,176000
-2.200693809229029,-0.7266572328319025,-1.8346092477376241,-1.6678280878509788,-1.3834871598559264,0.10564908941841814,-1.3721262278682393,0.9828901294318493,-0.40199109688847423,2.5189506465594342,-0.8482219931640441,1.5914312428087947,-0.2884970426271494,1.7197102483320197,0.5465271716894792,-2.8745371076449855,0.6913855271228343,-2.1266390713803314,1.3735677391620975,-0.5054202307933369,0.19531278929169354,0.5305749104576827,139000
-0.39105802373047344,-0.3779566058604468,2.378032080670531,-0.7201076962795488,-0.8706771834825378,0.28554565869313836,0.21680594557033542,-0.5902833381660143,-0.5085863389832718,0.1220293378511881,-0.8451135707270704,-0.7001129689458047,0.8030110134309952,-0.576526942120556,0.03166552066305823,-0.31331250886307205,0.5575069100370428,0.5341150221550305,-0.09265807349038045,0.23446975255971375,0.28311113211561023,-0.5172821965564215,155000
5.138538139788293,0.547767294336939,-2.7794216869513746,0.8054021585929564,1.6437851870540001,1.6178729743408693,1.0181338535387447,0.9373213279562068,-0.2870292825944977,0.04369053606921934,-0.11816728316563957,0.3625919919331726,-0.4787820666177763,0.005807693188875612,-0.5894951245854236,1.262904332682136,-0.655134145004368,-0.5850468287545895,0.3644864167306298,-0.29289542675296726,-3.004868523936016,0.9950514813436714,320000
0.7785145668574585,1.537854396642965,1.464776554467954,0.5692524743676647,-0.8024607589084869,-0.2675430015841084,-0.8085235137401926,-0.13961906383272354,-0.6512453153335782,-0.13707094586571436,-0.448275572372646,-0.842266248933126,0.414383116756512,-0.20124574816370888,0.261988800197048,0.016128260415010788,0.31630741398572015,0.3840070222027155,-0.25176425827110405,-1.2869192276203842,-0.35749283823986894,0.6323766988313546,163990
-0.4094912450790095,-2.7516135975570952,-0.741517281997303,0.3629324663812904,-0.26756437295223423,-1.4966888046677727,-1.7042858389082738,0.9029142865130337,0.7231898507838734,-2.651244994518654,0.4244236534211967,-1.2948315588125505,1.09086099410945,2.236559916124587,2.750333391497771,-0.2471593494793123,-0.8272967183485823,1.8188417998193398,1.0576672540203977,0.3574797721702856,0.38660093519977995,1.02753772758099,180000
-3.469189172620636,1.154354061355572,0.20964261016450508,-0.948638826878515,0.07012951036187184,0.4554581942270914,-0.9768447681642537,-0.6594018294995562,-1.2510912298705756,-0.5741814954574046,0.5124615064372393,0.38968268493569064,-0.1145537281373684,-0.012446964003755244,0.3484757382955573,-0.4131343430828001,0.07238857036784352,-0.13943225858572456,0.03433646319094728,0.28482507973177174,-0.5507054765223216,-0.6938981710485196,100000
-1.9615006416767113,-0.6429881522290845,-0.4172016632205299,-1.2144902202257417,-0.9218741775232835,0.0825839648022425,-0.4521179071186161,-0.807846051489609,1.5528571349727103,-0.14327522165300394,0.35490142088652527,0.3725360582051379,0.29671618683503553,-0.2923754358611107,-1.019921656326568,0.8011640763927396,-0.23953490904225738,-0.17641168164459187,-0.9525220531445038,-0.04905640904036547,0.09047074931957351,-0.7044853354815541,136000
-0.3930598319861448,-0.23460563064361245,2.5086992636529426,0.26581118335775944,0.5992494789915307,0.0646835365745465,0.4583312232913734,-0.43001801317774657,-0.0806635492504755,0.7785708604627821,0.5539466616025538,0.42771344339478207,0.6326935340591989,0.38038204584501417,0.04087119009018693,-0.20178608959834068,0.5344021271954329,1.2151574490028338,0.39008605922577655,-0.21498696541612483,0.0015876205772078348,-0.1330162179457774,153900
0.5449892504485555,-0.013959343339339372,1.6510777759693607,-1.705272264880077,0.23712986961866245,1.3490634579492773,1.3351050244469522,-0.2181645384533481,-0.20400619026506706,1.2554189922771426,-0.11455607928771262,0.8465101970361599,0.28784875863085385,-0.5112469200884844,0.6416582705330686,0.52841506285325,-0.560984709678517,1.1299617699967803,0.14261103088480284,-0.06643857281257397,-1.1691959223617723,0.22661397436042627,181000
-4.366280927391571,0.40143934547073856,-1.1471303389082745,2.012025041577929,1.5533287160206397,-4.272110949110488,3.0571414152056535,0.4626998540060922,0.4701067861011934,-0.6491546556872065,-0.25939762050676946,1.3688361705320906,0.47511936827580026,-0.2977573126699564,1.4184162678970387,1.7967170896042481,1.4560151741073517,0.19169627892663824,-1.0167559605982595,-1.288765959412883,1.497327342931726,0.2971086905243315,84500
-0.6098243809834187,0.220533047364998,2.432490900616595,0.5056018748891461,0.11973570088399349,-1.0697641880542876,0.1502695372184968,-1.357939128867766,-0.019624604725355276,0.7709810698667929,0.704062481332047,0.5436965928156097,0.18411836282777894,0.31450093371420923,0.640929288267911,-0.8900016775038583,0.43861146654087113,2.5058636396748306,0.892269341560346,1.4101013471424189,-0.401818067803426,0.8180733175981175,128000
-4.428271686812679,0.8530370483343115,-0.4518871149969937,-0.7676385754326449,0.47560257477513446,-1.626710026393594,0.873963301159698,0.05743779796915621,1.135075679701534,-0.6620887768571229,-1.0186675754354655,0.4943758148204327,-0.3683287735996336,-1.4789214700446085,0.41283951856631146,-0.7108052332301833,-1.4237230164586996,0.24561809306086302,-1.1620904004710952,-0.6264897241938413,-0.18357808114116939,1.5226057752545274,87000
0.05538673890550582,0.6866147205464845,-0.4583995186611756,1.1412789509780736,-0.8841522996927043,-0.2809126785426161,-1.5152877961237525,-0.399417834846244,-0.5666078693279173,-0.837032101226138,-0.9397046169588313,-0.20865626300733028,0.07480832786842702,-0.9994050708452802,0.5488431735382975,-0.040402111685665765,0.09571354532737779,0.11081225235604245,-0.1685403165325168,1.3450020271874188,0.4415153582374331,0.22265432730905013,155000
-1.034633714886029,-0.4772081970288188,-0.021057370709378645,-0.6324133205201262,-2.79391051711756,-0.7044122986617154,-1.1775956736351472,4.145196903916965,1.890740004586574,-2.1125802389807355,-0.58853278314872,0.47734169258127146,3.1295602266934,2.649898886954083,1.0619296174282509,-1.7113989455017278,0.6550309850036364,0.48970319531902173,-0.33288919058599237,1.3472586515785594,-0.37682944356441594,-0.6830793089972739,150000
2.1970065020333944,1.997621378464707,-1.4994114811374144,0.051078807852403416,-0.6528374163070478,0.30339345596773504,-1.0131544487613064,-0.2521198804801531,-0.15492121660334857,-0.8514828181862045,-0.5381648603580871,0.31590833822937886,-0.005163477591794357,-1.0000761173107133,0.5246810932265773,-0.008533441263784363,0.032569262480947415,0.7387468530564557,-0.8660474247298597,0.18959018244773557,0.045784257201905286,1.4892937818884997,226000
1.7404752612226808,0.3714498083314818,-0.41742042460625445,1.7749309071675945,0.10432649010007242,0.5907835516974559,0.2659408690853628,-0.3123116626573466,0.07772697465214627,-0.5653457845547661,-0.41143482414890087,-0.7768027179421487,-0.05744109265543233,0.24079600714044613,-0.2439943831362364,0.002868451374814203,0.01924114281720634,-0.2697484088575372,0.8072761016776563,-0.8724994876189763,-0.42025337114417644,0.42711705017160706,244000
-1.1493771187975883,-1.1716468263562634,0.43480478470408307,-0.6965312167953341,-0.06951888259698338,-0.08815551828044971,-0.03209737013405216,0.2912324946636855,-0.29838953096370224,-0.5231861900334036,0.20836154232002693,-0.7204717259406437,-0.015486558413997101,0.09983440993791656,-1.0054146831406492,0.5796200927162949,0.6063536670400007,-0.08377421453207394,-0.8083447884058734,-0.3429707039931213,-0.03398935431685656,-0.09924619763486951,150750
1.1873393787828523,-2.646962902413661,0.8361018511613242,0.34968430689952146,0.7602109670930617,0.38822992118453303,0.9294927814941003,0.3919223685145464,-0.20163045335563745,-0.24066249256369804,0.019856214830083135,-0.13785322117524956,0.13666983796318716,-0.038213375471365794,-0.809549373027262,0.30198563923870775,0.16470186684671742,-0.8255049772721432,0.1746522311709163,-0.34499364668351334,-0.1698075207288109,-0.5118814446480251,220000
0.5828158580256921,0.554849031034632,-0.2040697786694278,-1.5829311596162636,-0.3910011497603365,-0.5845093443869956,-0.29860733637775433,-0.39845349820764536,-1.1945702058951695,-1.1822475698485895,0.9425700962641216,-0.15631124398376234,-0.690481897753383,0.06193557657929449,-0.08912664832348707,-1.3751368677869054,0.6164380587704892,0.39228182366398745,0.047905941688275076,-0.21376653436209447,-0.6685421765175422,-0.15441725254774596,180000
0.7882264373780782,0.2873764675078798,0.9993473710624244,-2.310032012636606,0.0056346219023555915,0.7493373681868672,0.04977804296645818,-0.1091723593994129,0.14198891512326914,0.16824521258411002,0.19094559561081162,0.904716799726805,-0.05165914332817865,-0.5408383501786123,0.22286413385909315,0.44881161709152206,-0.4615566743655433,-0.009119260029080397,-0.6673423482499644,0.16560715743979582,0.3640698979788732,0.7873273015354587,174000
-0.48746796542235976,-0.48410684579034885,0.09347381043808446,-1.1468735943236048,0.4416947653116312,-0.6286597863835243,-0.8894913888418283,-0.3041975631439094,0.36896424282746787,-0.5895005426544699,-0.4521601572172591,-0.1635179683095761,0.03061416182177729,-0.49217731461657005,-0.2772826498655068,-0.40361043339839625,0.12030545228212627,0.38532358200098943,0.2508273128908738,0.5092502680687709,-0.08930678175774821,0.8438549432252977,143000
2.43556508228349,2.5895565943733496,1.9637319668666382,-2.689966292173103,3.9455500575533216,0.17664641504442877,-1.5735413936762543,1.3179359011108984,0.4467818097466506,1.7014679305423093,1.3174921259788108,-0.10308768196965995,0.0063039296293080005,1.0332215321994769,-1.3523985754716403,0.5818986703568447,0.7337475082069997,0.8114609669968388,-1.496750122033852,0.04331733276851275,-0.3594893177766799,0.17994885938753316,171000
3.521729635389213,0.6258826271866531,0.06592483299408715,1.1034646621322628,-0.7918505780549892,-0.5548297292919997,-0.9943107663344777,0.2397433492191711,-0.12847310090591793,-0.5631386102798163,-0.2389928640128803,-0.31074132740893057,-0.9503543966934354,-0.27077287059069727,0.5220568090620907,0.3454369606293645,-0.8470708421616574,-1.027784620020796,1.0003337677547577,0.1311954296309516,0.5130231592364036,0.8809676687146305,230000
1.4562721016010958,-0.2057375624947689,-0.42063898032492514,2.09776577744218,0.2122815986578838,0.27201277536432333,0.5857675957309484,0.5305569967853652,-0.4272974571998438,-0.10328416130464071,-1.0059418675226013,-1.285122477386705,-0.3481310297535359,-0.00816084817478268,-0.41479932324320845,0.38047107174684525,-0.1176915695196363,-0.33851105296781897,0.9716906902481949,0.35155601025206995,-0.5455726700402906,-1.273706627428598,231500
-3.5588442073033626,-0.23693937457236702,-0.237689007973877,-0.7707033440564333,1.4361213976024956,-0.04230377114592335,1.7575994831421307,-0.3723813273960583,1.6319666011081226,-0.41609006545117655,-2.0594451775973783,0.2891860848484356,0.3906536675191469,-1.483376701600004,0.161036372909456,-1.1243557841200778,-1.5104208373797416,-0.31643695468910815,0.42681378378938656,-1.294727255565516,-0.41272302969158425,1.0777927960724436,115000
1.6659682738658534,-2.4247864255995464,0.28084631647372493,-0.17586325915637732,1.2740800525717202,-0.00033185036753914985,0.702427530747597,0.28388785025532703,-0.7573390995095562,-0.1797681071745366,-0.06425341063280074,0.10906463117898724,0.8838656081621322,-0.5965287105736942,-0.8007192629911141,-0.07622862589131368,1.345791242910935,0.9520183679552864,-1.3613650535206478,-0.26697101639326043,-1.6540302735686485,-0.48556960287639994,260000
-1.0730403442760148,0.7981459148861838,0.02970314995138772,-0.4482201378260423,1.0605619998369247,1.7500347544136765,-0.6046148668681683,-0.28732752936255734,0.16849900419396224,-0.013720545926424308,-0.6180969589620812,-0.1959035625031623,0.591724500550238,0.3366447386954775,-0.8128720460779332,0.5648141712522559,0.08453286891101709,-0.7882900776913263,1.0574307310602709,-0.0014473129789075335,-0.8626513040257405,-0.01895963263311245,166000
1.3583014655762364,-1.6835315414533445,0.9634151670351712,-0.6806691008642034,1.0468332181822149,0.5077884940833,0.8081998778381494,0.2510845645864238,0.03689877712769895,0.016158676672515415,-0.1334538494882707,-0.05743924575371011,0.03868769418138734,-0.057848913431620984,-0.774460801981259,0.2358661647059322,0.07945842102665356,-0.6933862432851867,-0.08011219392492921,-0.08196106727978926,-0.20842401192406984,-0.618674061131524,204000
0.6831060072897617,0.5117485759868786,-1.5539240006241777,-0.13814968622144444,4.713346263869142,-0.2831827297504312,-3.038128669611646,1.6689359279349623,1.016125668786073,-0.010296642241110847,0.8259846338732098,-0.16497647097619633,-0.44449113345508934,0.5986422632967319,-2.0570988965991175,0.7005646805534199,0.7740050192675567,-0.7220437670026717,-1.7621859000219586,0.9981259130413122,-0.09191770312931766,0.0979332070946753,125000
0.1448108350987923,1.82361975893541,2.816618563910763,1.5308894541820859,0.42790719407561634,-0.7642048911272749,-0.18270273456013358,-0.12773540880567125,-0.6369644304337471,0.896883073230716,0.7953481569140743,0.5727888727562886,0.5077702591118263,0.3675768937990004,0.34721690409866013,-0.08855991247192695,0.6525099004801727,1.1547442295000883,-0.8101119425501727,-0.45621627203683524,-0.559248341152569,-0.24485248415287958,130000
-2.955948500367511,-1.13654689971708,0.470427384125419,0.1202732555097138,-0.7421293781204569,-0.45588546645591016,0.5060746603366969,0.6405970942634699,0.24450550731692858,-0.3405474746052135,0.5635528050198334,-0.7342970899822798,-1.1413916807064983,0.42190216552987214,-0.6336143689515916,1.0340087871241268,-0.777624114459673,-0.8109624482987149,0.19252941759005185,-0.1021519986265599,0.7350520442021823,-0.07882535965139145,105000
2.0362970992671943,1.9561405189377017,0.9979541503438518,0.763643965338002,-0.5923940422890672,1.409713685873093,0.968965836421253,-0.4259607810766564,0.12703917446807889,0.2546992366364108,-0.6302430316731394,0.08391148830007175,0.06931071758110505,-0.1867744970525809,0.3466529535694477,0.019686063778275583,-0.6746163354171242,-0.4295031404318762,0.7648996436967753,-0.24347167874932235,0.06977062633269267,0.24732679582261224,222500
-1.8423005887782324,-1.375608159379025,0.5577615467063336,0.2726406156159108,1.9288975643764166,-1.315018594529327,2.206630966608096,-0.020292175555162443,1.1346117787430139,-0.818583791553548,-1.625600536013578,0.15911491600210587,0.45785131196835943,-1.4640901877007364,-0.3571705373828236,-1.6390483192258634,-0.5384178484168656,-0.6273095951710156,-1.1795395421433286,-1.841161013815695,-0.29193924681070427,-0.07106423847907306,141000
-2.0826977278806713,1.0072880721052302,0.6762600746739953,-0.748991297035716,0.2662617906832432,-0.4251483556214444,-0.8171000977344444,-0.746119453448496,-0.8668765074025693,0.180328486973326,-0.9569417195410798,-0.059779354139291314,0.3411483705135419,-0.7988547891986922,0.5941737290899444,-0.09644768294548602,0.0571956800651651,0.9307240021790066,-0.1223241053628076,2.142195743364818,-0.9372082158927834,-0.5370506539492026,115000
-1.1277998746095166,-0.787089111040963,-0.33132702513484147,-0.6555687833965761,-0.652494490715374,1.701072647425179,-0.125727469297861,-0.3167585256893358,-0.24400889898363554,-0.8915089423032707,-1.0191546905016937,-0.5376490254169595,1.5412628103329373,-0.8185577570444599,-1.065781258752506,-0.047005234105397344,1.4346441020785328,0.6203320184433585,-0.8869144840739671,-0.22645710926075438,0.1976834753843185,0.17660088655084824,122000
3.3306509963529294,-3.1850140296383804,0.04090534436178224,-0.31849264976103925,1.0102709591235255,0.7319287111151581,0.7117510894752705,-0.6877905436366931,0.41115229083714283,-1.0071572472798724,0.3648537744930166,0.734151931689835,0.7857277566903559,-0.3466333160230867,-0.8105388611335106,-0.8818467312536197,1.3988962486087346,0.7694300982489843,-0.2600167556139346,-0.25438501832316984,0.881702286088226,0.528014330541062,372402
1.3176270194728972,2.0217960784434705,-0.7464047204310181,0.2987177142038328,-0.176820394971902,0.24785521570903954,-1.4371470196750296,-0.327105643123937,-0.21880454863282395,-0.863026739177627,-0.8591064885195887,-0.33205253806706136,0.41341203418915506,-0.6340882663190436,0.0783197224642048,-0.2335567230995068,0.6098387346113566,0.45543016850888385,-0.5355135560527836,-0.16916708313349538,0.14313468037381522,0.5195993577102909,190000
-0.6426771325951399,-3.730479120702647,-2.1800365543610134,-0.4863789529960376,-1.1293100714579842,0.6255555372141285,1.393118657274809,-0.2869703995112973,-1.5453921108038373,4.203072563770303,-0.9705530364891428,-0.37873029357670074,-0.9152918825019366,1.9640841480742866,2.0687508430456614,-0.6776615866766851,0.04216410308445431,-0.5246321391363934,-2.290458376591112,0.9479823389721505,0.5702286999600544,0.982404160850219,235000
-2.436869890089456,1.2452306496426755,-0.447817622118825,-3.1894618723765205,0.5366247321003693,0.7290359611582441,-0.4983844708297804,-0.9005131152548729,-1.863102236041394,-0.9998291844218898,0.8972040490975214,0.9154591633990562,-0.08068920020296813,-0.2740528739541597,0.23800738724989715,-1.303140083643265,0.6246002372947249,0.2842805532008888,-0.7359833815150518,0.08874993204105244,-0.9558894909772484,-1.0973421673404256,125000
-4.400615567788192,1.4195160387970507,-0.28769011670002037,-0.623984609041162,1.2263442866810121,-0.6477632563724663,1.3447554982927534,-0.7717800233102974,0.011806231566424888,-0.9895079495822755,-0.7413062459122715,0.8208645864755231,-0.17049109990223046,-1.0933174133502364,0.9681127708101809,-1.956159394185254,-1.0597701711295522,-0.021178319119981158,-0.016941299667349353,-1.0670132555202771,-0.011410048455343493,-0.5419397359337441,79000
-3.562533983022004,-0.04398386578467154,0.3421496526786819,0.050515643914303326,-1.481361515689904,0.22482011349712402,-1.1689050581646865,0.19804393380257648,-0.6972436802875907,-0.5189958412532103,0.09948360521866179,-0.548982062640361,0.32812779401642833,-0.227728117439414,-0.34798211551359925,0.9521533236020983,0.6419711439189577,0.7057471119094859,-0.7367208786492828,0.07167622431598848,0.6311382411922427,0.32207755190428566,109500
2.9472879130608334,2.2877364906416116,0.7836058121241594,0.3334616603860737,-0.7173301211962835,1.7227937501694808,0.7998623022944173,-0.47531391767938025,0.19686500819645752,-0.11729230329721903,-0.6283315757015187,-0.7430744763249423,0.38343033475264954,0.3724348469194951,-0.646048215537918,-0.1450547377423364,0.24458657958188712,-0.21484152980627857,1.0162678024137919,-1.0212634980142168,0.1757530829552223,0.5116035361294967,269500
2.21846205635284,1.4986371727719088,0.5881427925217461,0.12092183984209823,-0.5268025128955649,1.0264077298468475,1.1067445501335915,-0.7081106386682992,0.46210633286147085,-0.2253424753423361,-0.7955663826300349,-0.9940104604122245,0.26798555658323797,0.2958920162311098,-0.5438529688406597,-0.643325832066267,0.1293906344497392,0.2956602052692878,1.5983973634450175,-0.5255974096675384,0.20786491269175922,0.6209514651334429,254900
4.6422274473923455,1.2812056101673361,-0.421400076541346,-1.2908103121629209,0.07512775950938122,0.708979635629425,0.5161728384356871,1.6551583171840563,0.8768369771476303,-2.6712334491128247,-1.3266966909399533,-0.9286776204931859,2.6133345267476327,1.6868420430760152,2.4672304550249464,-1.1654890017581656,-0.5790465411878943,1.1374139130740961,-2.000392379186734,1.3163148953776325,0.13351842625594285,-0.9288337720490208,320000
-0.40383945070247446,-0.708511803176555,0.9819893789883843,-0.9284325985575287,0.12352272774346591,0.405150344012663,0.06579021483643138,0.4510759595108064,0.0423870710348741,-0.038970344675106905,0.16421191799205787,-0.22118324954611832,0.27984099642272076,0.040346740223705796,-0.9373691536469173,0.47135822286047724,0.47442446311992253,0.03936128419118934,-0.19693078025356214,-0.6471825905095495,-0.35912847002022646,0.030335844256636997,162500
5.808429413698968,-0.5058237056956378,-1.3800007626403084,0.9264341392527145,0.4519472659419096,1.5484028393088807,0.4573186771402606,0.005037387763245991,-0.3536512556975849,-0.652134511626578,-0.3936953269852863,1.6147739872783584,0.04712767424935507,-1.4556491324094272,0.9572908944610974,0.26238506870494266,-0.48749026672998425,-0.6439516672199925,-1.1831613632729556,0.20867294035040657,0.5685208172079041,0.42102481676428527,412500
1.8824061969707255,-1.7055959651241621,0.3443645404517939,-0.7775032227932804,0.6275017141930261,0.8971308720352063,0.766362025910694,-0.08914908161748211,0.8991535768755505,-0.468193343714302,-0.09509086092842822,0.2327880416503982,0.3525598083242317,-0.07238201247199524,-1.0508407740654195,-0.33948986279910265,0.2907575014533502,-0.3528222680268662,0.8844280801318112,-0.6505586003199813,0.1703886908307931,0.7854464557873674,220000
-4.737536585536772,0.002302098804126127,1.1854935360974437,-0.7570533772022411,0.9362856583071382,-1.4646133052229982,1.188104023443113,-0.41872342463373446,0.8357600486835133,-0.28075974789701585,-1.204135125431989,0.546609916311187,0.32076899550686006,-1.5321449832433134,0.8702723914115834,-1.1740741167365845,-1.0622941477949306,0.577897931532275,-0.8674744439744778,-0.6265279385519361,0.4143307403017393,0.31515872666043765,103200
-1.3966931532123237,1.3513017684666018,0.252046740048413,-0.8933697887380314,-0.4105044488599444,-0.9920215011819773,0.481286905046116,0.7611718877452314,-1.088313341302905,-0.8140133659927363,2.1048530734199855,0.3811118850116536,-1.6033360270959451,0.6576248381710051,-0.4238344844044791,-0.46963970986586595,-0.16103768183102463,-0.638050977964712,-0.5331348011812018,-0.9202327457926109,-0.5918143075034084,-0.8859495312103159,152000
-2.6927747473894703,2.342350782868707,-1.5007292060116402,2.388353302550574,4.272874621273272,-1.5919033670296099,1.221113306297968,2.4420012512318285,1.7176286841940605,1.6060169781733167,-0.06550425461092226,-0.4982331815760369,-1.3334701274152383,0.7220982085027938,-0.7223400246146393,-0.3355081420529531,-1.2871345966262004,0.3004570947125469,-1.6390732612205394,-1.0729148291068733,0.6156253434916354,0.16009776545454157,127500
0.6043705043038812,-2.672423210709083,-2.813391774379428,-1.1178540315609309,-0.9063971240284844,-0.8784470217743556,-0.08930595939902417,-1.1594091070097952,0.31337907235067003,3.5216968425467834,-0.8042019158105097,-0.31419619163883056,-1.7370016951873077,1.3636252528876407,2.371827932906676,0.5947577186130085,-2.6136233830228517,-1.796183584685037,-0.4353761029512578,0.16050413105268152,-1.1017786914966428,1.2323255572838305,190000
3.6678631704150053,-1.4240043701498386,-0.6249460659165201,1.2065661332594375,0.032231449621687995,-1.0541710892393585,-0.8460192942636598,0.07396441624882318,-0.21480256697532918,-1.2566148613926897,-0.18216813373592738,-0.5714427561062932,-0.6944316327575204,-0.2984689246800932,-0.1950883655120724,-0.08167993232585342,0.2469897704085257,-0.9755109497232078,0.18074474130936635,0.6022372118935612,0.6646140104356791,-0.08943167621144824,325624
1.4656169204366472,1.6965579639219122,1.38658291591612,0.6343678817328883,-0.7668687799761095,0.1692231651303431,0.08141301262043234,-0.30466135474648937,-0.608934818911097,0.15650141304650866,-0.4896714700239552,-0.4368694342610327,0.3415740305767631,-0.2952621396291204,0.4034894070589783,-0.053616551635510885,0.052396320346865165,0.47846965079749365,-0.04379995471107652,-0.6384291034739833,-0.6508218104288662,0.4652011089588563,183500
3.134109677360652,-0.24248425750357974,1.1844995328312802,-1.8709990503761744,-0.45877930915145887,0.5055197207335455,0.7189534840358379,0.0802623769736521,-0.7696166002329118,0.6886994737602348,-0.7722971658549491,1.9540730262124748,-0.07197373901533086,-2.449032976977775,1.9519041510563853,0.12017887890092654,-0.9301864916814006,0.858523552977319,-2.0306617598831123,2.364877414881557,1.036600986904866,-0.841324011936343,228000
-2.229257314589163,1.2261444502801182,-1.648833541325885,-0.524198714505561,0.2708174445616104,-2.8096088027996466,2.609909822034587,-1.1619199021272986,-1.4125752017732784,-0.4549971984763427,-1.2712719760743958,1.9609579172056635,2.6211149503092814,0.37756386072989695,3.0258068987995013,6.293400407541317,4.974885224161666,-1.6487359691394226,1.5900916792922368,1.4132272653341977,1.4455518316564222,-0.31998453292030127,128500
0.9163560803544,-1.9124336281867065,-2.6089986287731555,-1.9426698272166256,0.5202801441174875,1.9001149548260312,0.1606485148421771,-0.2702717213202956,0.2327127281869938,-0.5138726542263138,-1.1530800174575861,-0.4372549517241838,-0.19839517600917303,-0.6881955802938232,0.296465250283672,0.7407644391567075,-0.7244817601648162,0.7367942416426551,1.607936146349099,0.07391682918374473,0.6118925988020519,0.9294580442202804,215000
0.9308084221421739,-0.4312131288756978,-0.07715057508027283,2.464590485911948,-0.1295800482173564,-1.228467620114181,0.5140087510507333,0.9650184286618723,-1.4359696579098804,1.6538613739772443,0.8302869875120136,0.4958945194152705,-1.0265821472846683,0.36755779632206165,1.333553944523622,0.9038070854172455,-0.5922156727455677,0.8767032057447451,-1.3325397305540352,0.6876231786245934,-0.8099210833274878,0.20173550761077377,239000
0.25311097932444937,-1.129856042397081,-0.8618986217753656,-0.7347098038587357,-0.051531650544307195,0.9405357848186993,-0.9354917369670406,-1.439404432826412,0.14722877181593766,0.26386625696159793,-0.9843354299680699,0.2383461580825975,0.023135760393695415,0.1783208419993204,0.8326932739595128,-0.9004103264120722,0.2081213986417283,-1.3079547265551161,-1.1607194946362624,0.7243881043581771,1.6674788480465208,0.8562777634398513,163000
1.0925516935578452,-2.6443359818076577,-0.9462434183536199,0.4967765412047467,0.9862759372887231,-0.681531617208473,-0.715597902045833,0.6833644857674849,-0.2639913497916027,0.3439558148174782,-0.03378880952873113,-0.21698719351375487,-0.9162930631662151,0.37251022023511987,0.1212428142872445,0.5759601203638888,-0.4171064819825602,-1.3561171237861733,-0.06416267874273256,-0.19741831207726687,-0.8577032629140349,0.36435147689034403,184000
0.7806888664195876,-0.09285420667094932,-0.954563360878158,-1.4236078163801422,0.10130569277077736,-0.10856067681574633,0.599156406002317,0.5187918856086661,-0.18059027586834156,-0.6223615387038675,0.7737332258706408,-0.36351668585855473,-0.6107267450271883,0.2580664852445205,-1.0665282865260097,0.32071760187861315,0.4688614622940041,0.598811237759125,-0.9572767224689177,-0.7103143705921409,-0.7488111862133917,0.7820600408025268,243000
2.700719187503977,1.371633545887719,-1.7588906428568976,0.18880080316930253,-1.8474038527579277,-1.9080881306557678,-2.271623028948585,0.08634585365533234,2.6954840899294146,0.35240934463230833,-0.9615023113595703,0.9852162008560365,0.8916113361652046,0.03699700015748477,-1.8474147556981173,-1.7029575260533214,1.0878190809020882,-0.12761987860137192,1.6142962346481493,0.2427004214449653,-0.6473813279939429,-1.1125369945369772,211000
-0.056098177859112176,0.6741945406912219,-1.4664941833584637,-0.7358436348990807,0.5349981408144671,0.011307604911966678,-1.3533174315913499,-0.40708138751133177,-0.9600300613239396,1.2359271630440953,-0.7178922085054852,-0.9506123101750681,-0.181510115478803,1.1435694213976522,0.5904307732917796,-0.13569265536192504,0.5730537602984017,-0.06414084741299012,-1.356262304376757,-0.5191119035279461,-0.7162494869473719,1.0774255702555495,172500
4.320914263490423,-4.084274713011497,0.2715470208822317,0.36534262750065616,1.3510345570461197,-0.16953923568343618,0.10060669999284491,-0.37388049560159026,1.0205436442105602,-1.2150204010751304,1.2641303549155654,1.7644650136459357,-0.401998012335255,-0.29056283015310386,0.04745231005353794,-0.5980055363757883,0.3397901893365435,-0.7496125752421454,0.11967479741844847,-0.2725075577837152,2.0511240407215996,0.15268271679317283,501837
-2.474268127925673,0.10628464309894192,1.0703808955585854,-1.6909448999771717,-0.7350013725683452,-0.012965467851822584,0.18388403640929377,-0.07898838962738822,-1.4885600532847163,-0.6527349497502987,1.7473442313275493,0.3776719662025747,-0.8182554477705073,0.4203866863076501,0.07610779719489325,-0.512230155122538,0.2446440676445023,0.0546314818199773,-0.05737635243674889,-0.6100671306957766,0.32943769105409904,-1.1574197690157646,100000
1.206803343563112,1.4301576269921714,0.966589812181184,2.349717263309537,0.04258012427548292,0.35017542391487805,-1.049266970488222,-0.23169983114524031,0.041665008441724424,-0.383181238316935,0.05837105805807784,0.8291580034410398,0.6542159370481041,-0.29185763598712267,0.4451274955066173,-0.20391452159309476,0.24868383776514505,-0.3659054660192993,-0.7485351598261271,-0.9110620750921863,1.16862596540211,0.6588183020000004,177000
-1.1965997526575147,2.4109026110068443,-1.4006278963881944,0.3844749407709355,-0.8689818272663116,-0.16533791901242825,-1.2515014177548673,-0.4805540186586233,-0.5408706329651177,-1.0864302552880676,0.05109203173220559,0.18980748735576916,-0.34443955873103216,-0.4950271583345743,0.4984651067051291,0.08320547756127125,-0.1059547518956316,0.04052937666852316,-0.7744579552177452,0.15958688967892196,-0.6675299276686876,0.9673434185122408,200100
-2.0954857751366687,-0.0030519033434738413,0.33184609216521915,-0.047178236533105884,-1.6281567502174203,0.4794151239437108,0.1056948303030655,2.6063361887815386,1.0382969274362337,-2.4892910564905386,-0.3117423258277666,-0.9658357064733372,2.472980127563821,2.4643488910659777,2.4295300433020017,0.31575636937478646,-1.3955629056240701,0.6310317043762631,-1.2501159386255147,0.20478041669463226,-0.5813911809523015,0.15935172847293752,120000
2.5264571572646823,1.6159008838161546,1.7857388363865279,-0.30961797563096644,-0.43484534018722387,-0.7188553816614759,1.1962719970824622,-0.250794560309149,-0.3543770564766283,0.6047897315063306,-1.0075892899150434,-1.0633857545642489,-0.405058354495488,-0.1782329194715746,-0.05736040554846803,-0.6724763136568831,-0.04363721807429556,0.7461672508595332,0.9103587132439457,1.8953945788852653,-0.4209602485969403,-1.209747228007445,200000
-2.2567073388927668,0.8477570523768102,-0.24779355766970504,-0.8735034689418381,-1.6199389016501022,0.11563809832429005,0.051136566575256066,1.100579494761715,-0.599368689103864,-0.3572163279679933,0.47533085190478624,-0.47682211482314574,-0.2734174830225353,-0.1951580960735162,-0.9146479745499028,1.235619537190256,0.47980995273291815,0.8207356258912656,-1.6098714748127538,0.16145292075285997,0.6506565777581047,0.03824187592008916,127000
4.299118556467624,5.831922938517416,-5.228276743612187,-2.2470614840906986,-2.5879356044238815,-6.284457285352624,3.4102372112492776,-4.563537117091545,3.180627226810461,-0.03832874238522914,1.3777108289340925,1.937218692529487,1.5394247109873869,2.278843206774932,1.474828101170315,6.69374196989286,4.8906488705815825,0.7284600235589657,0.9326185981860369,0.21208382071731807,0.5570035612777838,-1.2428325994803655,475000
0.44369118594645995,-1.3141372345318127,0.8931289086758762,0.3687614857542047,1.0695773556702288,0.39355256379994813,0.6748078726874022,0.34949589681375937,-0.24788394923705054,0.4022640731821762,0.05229694734345139,-0.22220732274824304,0.02134414611409196,0.30944179507936975,-0.5327158741952059,0.556238562637221,-0.009480310271638155,-0.18545417869909248,0.3764599156836043,-0.21343789295987217,-0.5751841570277658,-0.5538491426123512,173000
-1.5035420231775594,2.473177310657406,-0.36257910730790754,-0.34446872720775223,-1.032515357956033,-0.1436756859958753,1.6894701374976089,1.7009373846500855,1.341207548618443,-2.166421261308694,-0.204148087462848,-0.5482448493230715,2.000494005456804,2.912899675560409,2.0585883697819174,1.675448941138023,0.012815472723257192,-0.593947405465103,-0.09629950281944025,0.3001993138454734,0.2573848098801471,-0.34465618262164543,135000
-0.22846007274508925,-1.9053555409596468,-1.8438806096214555,3.284140055928557,2.123195760351325,1.505309344118988,-1.3956471525518013,-0.716045828332839,1.063991669829158,-0.4039914583120341,0.35931755758077943,0.2105052993834926,-0.24777030101672076,-0.042597134320392825,0.401305584867019,0.2610350567272502,-0.5435037095890775,-0.22135461545930996,0.2886314264192498,1.3724582376180543,1.4099110248060063,1.6397845218632399,153337
1.1607512663876534,-2.661815320448781,0.8001005529932693,2.3506154837772053,-0.8396512683520633,-2.2985931255533196,-0.5533965791596734,-2.992967198237164,2.0935710218335,0.24104573043125282,1.6837431121723407,0.4630924933708552,-0.0520069304930773,0.7912798828155112,0.49504784329586504,-0.04693912104750928,-0.6101863801375936,0.45980682739010176,1.0546542587402508,-0.4030124368089673,-0.15894552490162886,-1.0014928393880345,286000
1.9302431637763238,2.753467780893971,-1.2770005946293748,0.44856040435857075,-1.9690759355398784,-1.2645392049129816,-0.18257206852510394,0.5436800384172159,0.20857377133118524,-0.9779545166790131,0.9678204262516978,-0.6617036734209045,-1.7361348963328551,0.38777089254899444,0.05831277420866854,0.6112138792995253,-0.6920908626108471,0.23445260601498372,0.038203544969649214,-0.6925701070732584,0.36308041502526606,2.027192140464663,315000
0.06104643475340449,0.4204692809197605,-1.0134568978858802,1.6742907911569875,-1.6852105403304516,0.12009397684672254,0.8567707440166138,0.8350352835484145,0.1367229346625102,-1.1805064850669356,0.41784338350272326,-0.6990725237945526,-0.37725460357689755,-0.03039266481092289,-1.6727839717180275,0.4043587718730565,0.9679554933134765,0.08831046890891123,-1.940856335507295,-0.2561744271896373,0.8129035228314981,0.04374799229127602,184000
0.8016095307458978,-1.3460265664898405,1.3642981378060606,-0.7517988491717682,0.8586793800304514,-0.1594197112711113,0.3814938295790877,0.1415171989657407,0.14885674461585036,-0.1123123142560293,0.17003176764866088,-0.7907516940902984,-0.25563595919660775,0.5983649087242391,-1.0222779663833086,0.2334683767103276,0.11245608715243492,-0.8638367376521235,0.5442232410971761,-0.6853303994102212,-0.39515191703133506,-0.22570506259626041,192000
0.38887545841997656,1.8315145116814537,2.8753007969518736,1.5120738762206798,0.3745490207908627,-0.9788567579763197,-0.2706620076522558,-0.0885969842443151,-0.6496878595068764,0.8295100490942855,0.9013585638541508,0.5404404192268095,0.3383909345302969,0.4354115992318256,0.3860001106247265,-0.058661148904169784,0.5520225309540889,0.9388919347299792,-0.7329499623777896,-0.5482622934610092,-0.47927725890429956,-0.2126860641462766,130000
-2.6878250613868695,-0.5245848256489745,0.6033987604192098,-0.62313588364674,-0.7644274074461053,0.5097937484613969,0.27523933474891515,0.24539238447088638,0.19904397930946957,-0.20079819385001865,-0.024301163156140584,-0.12008291942016813,0.23499063936370893,-0.3109740653170672,-0.8620428450737811,0.4944975335527656,0.20588881781143462,0.15078805187611272,-0.5955742516577649,0.05586600361290871,-0.0009448292226528176,0.3012119793800066,127000
-0.24959082657513068,1.3420611486493668,0.6949270280445436,2.8263973832510203,-0.283409388340257,0.2855937280287468,-0.16723587055770026,-0.04807773373959354,0.0891258011821431,0.4505872041265703,0.6541937237531609,0.6805849621040821,-0.27667132017891904,0.39216463147211145,0.5632980710604284,0.6661954994271442,-0.6738390515283071,-0.11961580195730206,0.5613804183219139,-0.1204595130478255,-0.5689005006221958,0.860710669005192,148500
3.296131217662776,-2.279297662588706,-0.3948213796464147,-0.6426535911035238,-0.1405122295448426,-1.9739355652750346,-1.0617568613344817,-1.7843890309291461,2.14703663882929,0.4095145297053755,0.8638516306211899,-0.14310981832691683,-0.051311219303394925,0.33671601645026783,-1.2012804298828452,0.7532583742901812,-0.3294230922985963,-0.11502631023229691,-0.3315457492868061,-0.07393704142792583,-1.3426007558601518,-1.9559720636998463,311872
2.612657014938741,3.038627066524946,-9.427168510832542,-3.382100633005872,1.8342259134073,-4.225019182197232,2.793745112613311,-0.4902677084021639,-9.144313249861705,-0.21684490451958227,4.186441312428574,3.7307917788469394,9.282061944344592,1.740237788454405,-2.306629745262908,-1.4068727558450236,0.3415088865410587,-1.9996610318752042,3.8690612720136053,-2.53683971282031,2.1740303080874472,-1.586782530139997,235000
-2.3688069045763593,4.688444965699228,-2.896257441893001,-1.8180061633072502,2.0957922203856687,-3.9619743462668917,4.183298656517686,-1.0893819407173921,1.0996324416512975,-1.4283297890228042,-2.3468925881438314,0.7201461962675425,0.8973907116036061,0.19208445958325263,0.6417882410586718,1.858802696613733,2.660141304081927,-1.7482923954667395,1.458719434074798,1.0740176684933649,0.7920978724518218,0.2668866043237129,104000
2.83350664904368,-2.324829558355598,0.08179788892166519,-0.5123535975883368,0.46280969715588643,0.7593307324299277,0.5188165118041429,-1.9976567673744798,1.8580582232061125,0.22850893136573064,1.01062084218831,1.2106441505648504,1.0057317496796552,0.18660619812333104,-1.0719197600102441,0.19388464425964075,0.39972761156487846,0.25309427551897073,-0.6325123917504827,-0.9307998739981247,-1.0001746027870932,-0.5662631317984329,274900
-0.4406093410435952,-0.6291607847460258,2.427005056181173,-1.3097254586046334,0.12834285344313742,1.3706849110089259,1.4596133165072025,-0.1434364091319178,0.062004108649289354,0.8994339724232481,-0.563059658709477,-0.35340851713495314,0.6386621624722711,0.030046779713130217,-0.5735333524460531,0.11817438595077108,-0.0308557176269441,0.35305214272885266,0.9259568686092615,0.1512734269536903,-0.10778820268918322,-0.5053564324746241,140000
0.48470017527815173,-1.2065248075877493,-1.1867193177435882,-0.8488639985978093,-1.5026417990118819,0.12799295047679146,-0.10987953873893809,1.7122740645144514,0.21594863281787216,2.2435773845328577,-0.9217499692954847,2.135775514983795,0.6447578993174428,-0.025207651977518578,-0.13278119622132722,-1.301298775175705,0.7769817100088968,0.7130078550284928,1.096858499243335,0.544074797217699,-1.5759337409191905,1.7232342085164463,171500
-2.699990520498116,0.5393591518546524,-0.5510637494858781,0.29808641681489967,-0.06278513866372891,-0.13198666855562038,-0.6701068860508341,-0.10503989297580453,-1.2809025517770813,-0.9830128829816838,1.162257631558112,0.5876301992663613,-0.15765220806050437,0.01644890098624563,0.12373086635352669,-0.3931482175635758,0.5624455367416481,0.5393537724108708,-0.4834968194781762,-0.3699155723122838,-0.6120101098029863,-0.34967663188362547,112000
-0.5827850580065951,-2.644140159698018,1.2335603329971867,2.0533695276091493,0.3042659112371131,0.760962920543534,0.5763223118959578,-0.5835139724205217,-0.41289664386471375,0.1756814357722535,0.5052288678887881,1.1039930897290904,0.822614959876741,-0.354429881711938,0.6939800915323476,0.1543237678386998,0.18661246784146146,0.8605278220466429,-0.13770782331336556,-0.33750730199116546,0.5535801496675409,0.4941291905133542,149000
-2.719591583371804,0.7605536333982901,0.07218951411807144,0.9186259577057384,-1.2967384671760647,0.9992095623588757,0.46038995279423156,-0.7127168911046347,0.3612979188175657,-0.4837253005692252,-0.16952093618665823,0.08210020010826978,0.19167294826398265,-0.22831683360540617,-0.19693121357396026,0.07579248579518313,-0.058253647863355996,0.140915149802705,0.09352012090069226,0.9634899764154181,0.4156100883681778,0.38030224774007326,110000
1.0282766828227712,-0.4662501118190253,2.417753975362028,-3.614182787178049,-0.5099091121966991,1.6553767336128267,1.1542525748405965,5.478898207689338,4.166694680752221,-6.172158211260799,0.0906805647139797,-2.096301761864966,7.33591942952699,8.892955545317525,6.2889529834997875,-1.3513482765668499,-3.0354430111130077,0.8841970029321813,-1.6181688302802266,1.874968481026904,-1.8603910283937495,-1.5029014191185102,180500
-1.3036780518149722,0.8041783868649505,0.6206090819613755,-1.0488810432279863,-0.4783907532050283,0.4426766861105604,-0.4510562283446803,-1.288548286945066,-0.0693257476482875,-0.01762598593082297,-0.7375468940180366,0.2947861825116501,0.4517152315391865,-0.8915382915403395,1.0036603301526312,-0.2364709962404173,-0.15046175195444095,0.9899486720135902,-0.152090072461455,0.6052144259743545,-0.6160085778675889,0.8154563767356421,143900
-1.701779059760996,-1.866797258018159,-1.415346928442956,-0.5419857128154094,0.3376350885923508,0.8889647079809724,0.130406750697162,-0.12739970695759575,-0.8797657984802316,1.348000270390662,-1.3957458150872843,-0.19470388580170242,-0.09873966280682793,-0.2880597007698628,0.938305621040774,0.46873236774536126,-0.6409052175181899,-0.15196316455591277,-0.6197143438323794,1.1254409278790063,-1.0466042909637354,0.3310576335852865,141000
2.1833233845147473,-0.22885754515226114,-1.4846454893565229,1.7215304671740588,-0.19176730100556072,-0.18332030936615207,-0.5844757865054939,-1.642698146799758,1.0798992222106254,-0.3337403161373045,0.05342812426633496,0.06533786171571303,0.6339201523906405,-0.17211498984999302,-0.2612287319423722,0.1539590203480412,0.2534745431568842,0.6311505885234037,-0.5370093043244439,-0.8298358272059871,-1.1776051975113204,-0.8004954366217587,277000
-1.1718730080605786,-1.7714587390060321,-0.4904126370233554,-0.28982779536606834,-0.05419173115009646,0.47344503346476285,-0.29418966691011844,0.22225181750320436,0.3072839904562752,-0.9918168630914012,0.35277608769597135,0.06989189510345947,-0.1475131884385511,-0.1658350342461562,-1.0998362316342734,0.5803258962173765,0.4377043963264468,-0.6235731694568112,-0.9264038133790591,0.35326353125070353,0.9236513690766729,0.06123690189819001,145000
-4.6034826504219355,-0.6877322320404337,-1.0098810513887289,-0.4359996234532328,1.619760450475562,-0.8798090389132166,1.6634494907225639,-0.5269528454199415,0.4457965415612289,-1.3123387786671223,-0.6273995450893078,0.5852013758083855,-0.24738928933019852,-1.0674417045482985,0.15921087227497785,-1.6567969673145693,-0.8217283492380103,-0.19179515261808738,-0.6742449077767445,-0.692123842683376,-0.19814728368997614,-0.15070810727744624,98000
0.38837389888711743,-0.32590212325971035,2.344430905386292,-1.5910599246911783,0.2674183612535101,1.5405645181826992,1.5431466571804024,0.040229936002960716,0.09265781293884724,0.8522301958917196,-0.4630914755369013,-0.19869104780070743,0.682845661950021,0.03668017660160042,-0.7787520044013713,0.20859922560805408,0.05164275371577022,0.005391784467019943,0.48765788251740116,-0.5527768934522729,-0.3831251884448821,-0.3906128543914954,186000
2.228945466055355,-0.12321263259629954,-0.3282153149152942,2.2217639553021713,-0.11196559770948558,0.17303504213751034,0.7637470992403544,-0.03524265700945442,-0.15974951582433755,-0.4471303741919978,-0.6205645799966307,-1.069519675436271,-0.2055035021293507,0.15303542607324264,-0.4644833279762535,-0.06668193146177777,-0.03290659774323718,-0.28529785189904,1.0208739437517642,-0.246710580668682,-0.7428068606277621,0.20478939899433327,252678
-1.1725041490602148,-1.4005911012007333,0.5895956685871506,0.011776724557854388,-1.1963158826133615,-0.8551639683647744,-1.6735671603169924,2.7759694884825037,-0.44199353396480495,1.1940263122949206,-0.9654778139790476,1.5790397297110834,0.918623635192668,-0.867227728040306,-0.5423406179187101,-0.28893050452616637,1.1080909031847732,-0.03390545850913665,0.7939134775877514,-0.025659941310925246,-1.2389183323042237,-0.9785825165647486,156000
-1.2076232689122668,0.9183522694584819,-0.20121272419244576,1.0444450242620675,-1.1790969493835342,1.7783044433833552,1.2532409752646252,-0.21208450109586616,0.9232122010099575,-0.2920396617068485,-0.1124323512387382,-0.329243601168159,0.5735683291447256,-0.7607277058150611,-0.3851275134008823,-0.23151651653866548,0.3128243785351926,-0.2010495641814189,0.07407183189395655,0.1831524667835454,0.959225394827388,0.021644764824757582,161750
-1.6670517753512155,-0.8289174176739851,0.21640517434009843,-1.2657449281971938,-1.723204195863509,-0.8807415496374984,-1.0872020153489317,1.8539875141502613,0.3864908886571833,0.558485598696248,-0.2912721667640651,2.1159279760969754,0.8741671691714729,-0.7959040423571883,-0.3324726266013671,-1.0157199753515644,0.9789512395841045,0.6715068769898165,0.5021352182806706,-0.6301560184888152,-0.24862243195122624,0.9226926719652789,134450
1.5178797393910466,-2.0060265557159713,0.8832902206601926,0.13238798449849928,0.9761869586513703,-0.0014491896701709446,0.8297342934712554,0.03220399975514249,0.017082891595689636,-0.21652552716567236,-0.1349028082148069,0.08790795657644725,0.26054644994990633,-0.26456352777910275,-0.9315711862274048,-0.35724195899854694,0.7027198044369858,-0.017492692011861342,-0.4165009152265053,0.5405538311096164,-0.27597899785560703,-0.6782174598799279,210000
-2.6783089887507887,1.5867644596140245,0.12376358552627868,-0.6843565995944497,0.22226389743346786,-1.246927858226328,-1.7477299121763443,-0.8300912687290253,-0.7581042212223543,-0.6368651942279104,-0.45111549651149374,-0.9041812850005858,-0.369594725226342,0.06057594568265995,0.25312230478511455,-0.7043880096815063,0.2870724846766899,0.6673074092789433,0.9671449165298454,1.5225396260936988,0.004974023316006956,-0.691349213005179,107000
0.7921784764177308,1.5894757293847324,-2.2744598737046875,-0.07032224990500564,-3.562433132176722,-0.10344257142790353,0.4936801538581842,1.700514242755212,0.49619772798200024,-0.5935002779291595,1.1440357595721535,2.720319520740601,-0.857924874459454,-0.1945979445013422,-0.5279155537905146,-2.1798745916741096,0.8009567394305208,0.7596071350236592,1.0353006259681186,-0.12449811627922933,1.1435537775691162,0.8395540817284899,311500
0.06865544805696334,0.03630666327906689,3.5061022687929104,0.175989586244703,0.39619132836391824,-0.579249560289145,0.21524422427492224,-0.05672400968838187,-0.8792806803384446,1.1459529762101344,0.7961142162411823,0.8387369287928906,0.650193740074202,-0.051097078919297434,0.6497624011001403,0.1348209733888472,0.3806057858842201,1.0816881022548492,-0.9496444799592675,-0.4588894896537455,-0.5263185746200186,-0.2771770374178492,167240
1.1891415024406582,-0.5799239428951499,2.8043024327464305,-1.8181156664905618,0.08929045796113741,-0.43137841999893306,0.6749157654851908,0.516892782898312,-1.2721336215507704,1.0857925530281771,-0.25435392978441074,0.09375981290344823,0.26753114060315386,-0.8183369752363667,0.5020768763537827,0.4578210117083892,-0.0948657745103378,0.7029193050011886,-0.9045064791372566,0.4323183650457476,-0.9147857450143365,-0.943733112601102,204900
2.0904668246052265,2.7387541851890176,0.7000725446659359,0.282523597325027,-0.5257864814016537,0.036785878933238064,-0.24859292257946328,0.3324683708291755,-0.07610145403711609,0.05845423575689086,-0.7030500395333344,-1.1438729466032869,-0.7369419413378724,0.25733629059089197,-0.0493766085505443,0.5459113187080613,-0.9780932981528048,-1.3495390565963885,0.9736514190263134,-0.5349864964571263,-0.5728087263521305,0.29053767119185603,200000
1.1327051686675695,0.3204918362692179,-1.156346840775178,1.411513379013132,-0.524625577311353,-0.2614006218632089,0.3674490990697382,-0.46763128267757975,-0.6771874586831044,-0.5772257842775685,-0.8923560613200834,-1.0645004571423011,0.2014394046624235,-0.5127762705320231,-0.2883436354354429,-0.5426066576223274,0.9147918403380328,2.070008991086284,-0.1363938886486417,1.459622960787933,-0.7013635612670409,0.24690450246307002,179900
-2.31728551623303,-1.6917350015480386,0.14862313236674346,-0.17314253469679317,-0.583500519134433,1.5719868389575948,0.521372430440913,0.14552412214052354,-0.46135480051940925,0.9340885149574197,-0.6574065807382694,-0.06586052975339439,0.4612090199730188,-0.08494524195651952,-0.08514443601883738,0.6284321812472035,0.12758908838245595,0.097426245997106,-0.0944665790037307,0.6937072235038089,0.061035596274302495,-0.29622679811695446,97000
5.727777661497981,-0.2564635799896013,2.311690650495071,-3.8643632334353932,0.826014796738856,0.43398320105825566,0.742549411642622,-0.3919286039752999,0.7747302762470393,0.2420333026786522,0.2610320173817735,2.161214019881741,-0.5923863490840762,-1.022604208357757,0.6185413358251801,-0.5194824804059508,-0.8180985482217253,-1.0392022784225197,-0.7951851535170573,1.5567631930217687,2.4085300797128313,-0.3258670408134596,386250
-1.5977846491754464,2.3137975951236194,1.6571493323832496,2.4897959345280056,0.1908052309436913,0.7462452170433699,-0.14129846347040806,-0.6263241015490597,0.2059618755821892,0.5741734427032985,-0.03429622472189711,0.7258554200639902,0.42438583165419996,0.2063824427159215,0.5990502206339336,0.013302871970225316,-0.38189669999593906,-0.18467258313306473,0.20018079707722053,0.023573470180087427,0.05287055581830952,-0.10228038697240215,112000
3.7927360754503696,1.9742140285018523,-0.31473576236048,0.6037564278361003,-0.2760230642946014,0.31194851891928294,-0.3647295971174551,0.026797592533019606,-0.45477189500552156,-0.4348383734122256,-0.7506997621680678,-0.13446476769638294,0.007925651641089455,-0.6060750809348149,-0.04915195832636361,-0.08293607176409623,0.28909097806487305,-0.07808539759748549,-0.3367963993791326,0.8005107184950525,-0.226313018296729,-0.07100022478424398,290000
-2.50154154314494,0.9697616628651708,1.3017635990123488,3.167327031289912,-0.8098558872828943,-0.41023612614338295,-0.8634124399799609,-0.22071655762970885,0.056275840152532626,-0.09414904400110892,0.4347938625424962,0.3782299607783427,-0.18754721557059728,0.1582905083097859,0.7138367626208653,0.3400849363472788,-0.4570476160776925,-0.4955816454349724,0.21618400623337897,-0.020496770887903613,1.0590278157956643,-0.004455978081008189,106000
-2.1374152066898287,-1.2630670321790374,-0.32856081196750736,-0.24857009183657305,0.05541840905455002,1.337774763308854,0.007654623797190264,-0.44876300866264307,0.5740338276021598,-0.41597215796937825,-0.4944046994961629,0.11763591782983719,0.4393892398949536,-0.28486199128152073,-0.4580014475577892,0.3355931628118103,-0.3233573661025631,-0.41590124003933776,1.0576431221812959,-0.20894232755422204,-0.4916266909015585,1.1592617261009557,125000
0.8137527219806007,0.027110344719506043,3.0605954732511607,-0.02093068416105776,0.3602272042261286,-0.037513405044815734,0.9186444741796546,-0.28192328519939597,-0.09852103796316518,1.3544052728569036,0.9014195687324287,1.0364099159655615,-0.10562282934389386,0.31357028298288514,0.882187915541051,0.3461134091885361,-0.845706729251739,0.35154469557379237,0.6119666763312525,-0.26374974453902833,-0.4837774056973487,0.6369339128836157,192500
-1.7991710096614233,-0.45727989785696727,0.17680747555740065,-1.823149097280251,0.46507751609918957,1.6007973122847303,1.0306562899167435,-0.9184780863416643,-0.11025132035102785,-0.5921778032024372,0.6250761263211091,0.8755460312256069,-0.32451439105456514,0.061710243022885886,-0.2713321752538745,-0.5900346521518631,-0.292622170294923,-0.78626019114643,-0.01990826975494892,0.3851234613609619,0.5035400790491267,-0.6084047152857509,148000
5.174370854687753,1.4378504052189338,-2.3967577720827604,-1.2483832833367428,0.7582261617036484,1.5355521353186756,0.32372213386073395,-0.8118478153613158,-0.6447643268001615,-2.4745231330341353,0.30726123598594346,-0.23479880783053572,-0.5289683228633869,0.4063987742179734,-1.0344042506792028,-2.1163903339492247,0.9548736477812965,-1.2939089374601582,0.6367849220941459,-0.5861020768456172,1.5546305258679713,-0.7920842938046956,403000
-1.8593777231990276,1.3128002389502051,1.604512924719465,2.663989976511464,-0.6739902235654088,-0.5754946325063517,-1.5512683189125545,-0.9878836458839285,-0.3102616476670557,-0.07964371301033375,0.26305860115750834,1.1390301322080816,0.30552506718887423,-0.5642442117685589,1.8008143977947766,-0.14428955395009813,-0.37232412595446207,0.3665117670789171,-0.5657040078610788,0.009627852600951064,0.9740223385096832,0.7853329955420618,94500
-2.0561909695110065,-2.231624909990273,-1.3748086061475446,0.12459732893117761,-0.37070337119334307,1.8618017410963312,1.8411523831658976,-0.01156283601452746,-0.8735334575298394,3.126944457283224,-1.8305114551140143,-0.7122007481156449,-0.05137286392823974,1.1622101012508552,0.48395702537621943,-0.24781609978460126,-0.07092104043499912,-1.023491579060403,-1.3269759848856684,0.868748916150981,-0.19676491855614395,-0.2238497865144799,128200
2.3160544467042747,0.6328100279171462,-1.0779019337680984,2.0484181929364818,-0.09132408011083529,1.3281205278934958,1.063280333245482,-0.062400831320937176,-0.16864971263635237,0.05761877199706601,-0.8586182546753843,-0.3476414091850511,-0.24155046172640157,-0.2344780627351584,0.08927006287083289,0.543488112139743,-0.9143660391981322,-0.3920294517853095,0.8914250067048604,-0.04307042970850686,-1.7402609408903436,1.0015013820396048,216500
-1.6746038502277416,0.7460972382996898,1.765710632803205,3.375211267222162,0.48963339200494843,0.1431911979151086,-1.9712594567514825,-1.138492357613848,0.15052375481759225,-0.38729919064706836,-0.38401555721198033,1.3616860721789459,0.5915818227212392,-0.5185441648574366,1.5181391616990818,-0.45354197027023907,-0.39914190610192907,-1.3815082387841937,0.25505762089438627,0.28987552357635504,1.9762212481616506,-0.6144475100007768,89500
1.0955344787873864,-0.10850237366318045,2.621589144087127,-1.6641775141786455,0.2570629054266156,0.5657371342964154,1.5002504963705363,-0.15885853068841874,0.311598329630326,0.8227575856446407,-0.25574435244320715,-0.08423551986864647,0.011681848469509008,0.12670985417620365,-0.6084259934526185,-0.14915608801288943,-0.22843649107039082,-0.16238310812050238,0.793025008671723,0.5624702182515959,-0.12564988130050878,-0.5616364937897236,185500
1.5089021851865716,0.5916997443213188,0.8057995268215906,0.6522468822888693,-1.4383699652426867,1.8426533646350371,2.7326111567850213,3.3414729287861435,1.6990200081467772,-2.284687068959247,-0.3377576602666158,-0.7774854606496013,3.190070697046227,3.6972342346445295,2.8110382790858996,-0.11887563419124238,-1.865586022309426,0.7508097177729424,-0.9454164719290176,2.0219666121256457,-1.4528317086003604,-1.5275982731017832,194500
3.227034598102298,0.03074640163073737,2.6533137395690045,-2.8010152227629357,0.08054318388687537,-1.8329044908242926,-0.2578059291980391,0.35011086291632637,-0.13572427975859191,0.15141975390034318,-0.19970521059423219,-1.1736069625491263,-0.946059215302065,0.16474991898706104,-0.6514662002311936,-0.363637977662793,0.12723062542690328,-0.2570556297679314,0.6238414173354521,1.348350680054372,1.1048780243695702,-1.0731794127378171,318000
-1.2293709083777535,1.5529459519726097,-0.04005409722370216,0.3585980977076763,-0.40594355253542685,1.0518588167955607,0.05444675179560363,-1.9207745658970772,0.4953624409449963,-0.34368477479067583,-1.1449573277267544,-0.2029472807030747,0.24756049041823577,-0.19258100589866098,0.5025810702940317,-0.7218382045551527,-0.45381325787305987,0.2842888478293393,1.9348571246783253,1.3948105704928686,-0.24810314912706974,0.8171523859938002,113000
2.033730626128038,-2.1848886741108346,0.768851042984008,0.026407483684209147,0.954698615769669,0.1419377434501414,1.9641044530051095,-0.1473889908549914,0.3804450255520734,-0.05529518708616189,-0.1736342389264503,-0.5165558396026191,-0.0023220534761324587,0.3309224362091367,-1.4780759913912882,-0.5686011724928193,0.5697735860103793,0.0576887670752655,0.9851839844348964,0.7561143450509985,-0.746495135445629,-0.5494551768130517,262500
-4.2688399835246145,0.02867334559015021,0.39853329966633805,0.17475903790002797,-0.5677312633794266,-2.7002248056166542,2.3287097725822483,1.3010969017343517,1.240219925060194,-0.6024238137358163,-0.3919481443035098,-0.0900284276260779,-1.0841961228067882,-1.185987190125497,-0.4848097051869528,-0.6327652250241581,-1.175721507488216,0.23762136115679633,-1.6085531464122171,-0.7190075964739401,0.6398646675479092,0.3059493816645013,110500
-3.22993303504014,1.599779167623936,-0.23360101768798772,-0.7506050674322542,0.23081096573006926,0.477218935331685,-1.2818167495973554,-0.9192955159823554,-1.2501070817997082,-0.7241261992729872,-0.04082092828641563,0.3240172042820465,0.48277595654239075,-0.3182911297052009,0.4209439321322916,-0.2562349989623714,0.4698643112425462,0.33048968710142623,-0.4081986548760488,0.3952397405208391,-0.7088571341652277,-0.2972446904047429,79000
-1.1157020607251913,1.6294199660588107,0.44021433198951265,1.4471966048252414,-0.7489572882302916,0.9800604753531512,0.37065592020878324,-0.6431952220440146,0.3083281373237383,0.18634449415452126,-0.2440795158836983,0.15424771210106483,0.3399257274872739,-0.03838930669130749,0.5623769697691069,0.032797853651560155,-0.3757048769690132,0.7792565277759287,0.5750125495421885,-0.5183169178392344,0.6583225066353968,0.9229299063348018,120000
2.31021265585507,0.29027723961331486,-0.6648956685641364,1.7824741015675805,-0.17991319408025525,0.6056463998989716,1.0101874527174723,-1.05961667359672,0.5235855717162157,-0.6130276220392239,-0.2200850503953238,-0.5777823290644588,-0.19479268198150493,0.43514343516790105,-0.21678072430138728,-0.5380545558951766,-0.13288624783447672,0.30712121013680216,1.634023341723015,-0.37898943118022704,-0.7041165711112685,1.64909328540666,205000
1.905850769514437,-1.0825077850738463,0.11874765532348346,-1.7718955432378434,-0.36857601553170194,-1.1742596002440902,-1.25199315792871,2.2580821523496395,0.07819013477584763,0.9168994478369086,-0.4365673756155977,2.363901463063107,0.6953972946739874,-0.8556591974832826,-0.45098718948181427,-0.964666339222193,0.9439021023887856,0.06064164197134078,0.6316274815597018,0.1448569342283572,-1.5243919918645705,0.40411292211200384,241500
-1.577342456883809,4.568070338065156,-1.1398386969166345,0.016153620994819037,2.4813908190608487,0.10069712868012136,-0.5463168324816524,1.0404655729075998,0.11614878152161856,0.7392289724736325,2.606318605319778,0.7564031294429806,-1.0145463035821778,1.200948489942476,-0.800794310954155,-0.14760322722573718,0.4619427191328778,2.3083334759650156,-1.5620543220856355,1.1499743673159628,0.44657257705608416,0.14468913079000623,137000
-0.9705315426762234,-0.2565542037799024,1.1183492634884127,-2.5752292749445274,-0.19630783167430804,-0.33892831241812676,-1.2935297262332923,-0.9343729865408136,-0.47678036423994186,-0.1829109737576993,0.11443036222042918,0.16632325129433467,0.1244810112790221,-0.49192719094559473,0.8344809792131281,0.20758345827067864,-0.024704500697730686,0.8711583171519761,-0.06468810363291014,0.4598114572800044,0.05202471851132156,0.9780860477664204,140000
1.439679551937246,1.6442255605229903,1.5513777266703774,0.43703828002286355,-0.5867474052370831,-0.3233779754701223,-0.338647866588851,0.3594021888587559,-0.6206097276137166,0.023007680556460734,-0.7854298725025327,-1.0606450731313921,-0.04415422857704397,-0.19616682231520147,0.009269638321194719,0.1112801591735156,0.03661572627929879,-0.3451118684441402,0.03835383320203732,-0.3605011324618683,0.2953834428906032,-0.857134563843938,180000
3.998762990869637,-0.22384204700785276,-5.812728058361416,-3.761238456621253,-0.7710526089465306,0.8731789887053999,-1.3502858699211635,4.453013121344064,1.6485043832475477,1.939734684538106,-1.653733865947776,0.5288985510468039,-1.0145316705202447,-2.5989996119430288,3.2290485012092756,-0.1339719177779586,0.6967504662019283,7.718661748068851,3.648654937409745,-4.582452553091599,4.674754669309139,-3.1814718341771693,277000
-3.969964327471602,0.6699263610596716,0.5575264346969523,-0.7176818575509635,2.593673220471899,0.08116140085667298,1.2385036271188459,-0.39044683306559763,0.8176965127681574,0.5780099520013363,-2.6148457753796004,-0.08040012207894481,0.7158878055799683,-2.124431683058042,1.3031529048875239,-0.9273807632414025,-1.8958353430122905,-1.4758680562299347,0.946329520996297,0.23121252833897843,-1.3360179682125157,-0.7538802035494583,76500
2.2332756717469726,-2.749923193020705,-0.26373445865944295,2.1282214925202587,-0.2514913661581907,-2.6794302404296944,-2.4032581454270896,1.435764665347451,1.9996243226711925,0.8963757540646967,1.2361871647109264,3.269577950265635,0.15745556828091473,0.12271299725923812,-0.4340336100551622,-0.37808800448755847,0.06179629867614201,-1.5394648880594874,0.6492164369161485,-1.18218067717684,-0.2991931071899895,-0.9563945943154246,235000
0.8956816544851433,1.6880848774911756,1.636029944261098,0.6419749880897897,-0.6160432565278391,-0.3618880144602523,-0.4668712810445065,0.620817195862645,-0.48972485966861,0.12142477585992166,-0.7331059446263168,-1.4597671545120094,-0.4042245537680172,0.20227405862468553,-0.16740097277830038,0.5299516890435062,-0.44292460981069587,-1.1313039187957357,0.676813821841359,-0.5690103084002122,0.058661912205943474,-0.7698953276018199,173000
-0.48410043320973145,-0.5552615680159267,-0.8013933278288836,-0.7725262723832161,-1.4608633062635143,-1.2998983380122382,-0.5145033163623268,3.436383490945363,-0.2887667798994758,3.553558968388479,-1.072212697422172,1.301420618437322,-0.40950192585875933,0.9804965374940458,-0.04752975690912992,-0.9653832210836314,0.4497067283620404,-1.4463485937958718,-0.6734748911115124,0.00354934878441193,0.10254517862348303,-0.2794355787276204,158000
-1.6561496794602848,-1.953341265499471,-0.9530171426592156,-0.26336220558082646,0.6282250087041711,1.0177560484075037,0.812510062902217,0.3232958624868759,0.15039523702442054,-0.1354916563899798,-0.4395939862866247,0.05917647037292197,-0.3185779312465187,-0.3886902215442187,-0.6336349924932688,0.9560114987527841,-0.6957398971484355,-0.8715374117632736,0.21414840899941795,1.2331480205188374,-0.774522161560863,-0.3523637448796525,145000
2.557928192197775,2.6484841113169146,0.5871000122298035,0.46400579409216397,-0.3889524862101383,0.8964391222289575,-0.06619392585288746,-0.19064065340565128,-0.7890803237843592,0.04523512855831904,-0.7746251526985268,0.6652292375316023,0.7126992523340518,-1.1589227354563365,0.6869658772904715,-0.024574283623361448,0.17875157092200805,0.3572651963719104,-1.7122316967376041,-0.17644501381837305,-0.624075464172546,0.15382495364718823,230000
1.0621136383952625,0.9591583985116527,0.8424047447745766,1.457915768994664,-0.35825806668920573,0.6126026508938628,0.4961565362021659,0.31626934601366613,-0.6056139256015632,0.185907947298829,-0.8965403787965096,-0.6423197944834086,0.44724013513965877,-0.3245467414302366,-0.2641277871352701,0.17766062384386674,0.24246322660138858,-0.02142261301876156,0.14837560918528886,-0.01676728951890461,-0.7318481799520804,-0.8076335358350543,207500
2.425686373979091,-2.1086577384610505,-0.11191982505924117,0.9635880723431035,0.5476791420375309,0.48732644449798146,1.1308802226774102,-0.5782476023473337,0.412196168025186,-0.5752591340858745,-0.42305230595666915,0.08287480765605638,0.30055661327509625,-0.3941420490607353,-0.6430498303823154,-0.6911281317916841,0.46452897341544197,0.024315258791350967,0.3160510550092302,0.46493751176810066,-0.7204927393076465,0.3884014076286461,220000
2.116892244256285,0.9453707629576955,0.8484195086931884,0.074813522807682,-0.920740284217981,0.8415018754449255,0.33603670410242453,2.1864071219033945,2.0790965063124873,-3.567815094545305,-0.41518182354838434,-1.2200925628490562,3.7082473493107595,4.001875942806729,3.316459479532719,-1.2445758980851915,-1.202041569406476,0.8306289393553331,-0.5207435611738963,0.6143342489943038,-0.5339779273607146,-0.16935741558447132,231500
-3.515210733995771,-0.16169082640203028,0.45318245165400434,-0.13049203231919496,-0.7400332630651164,-0.24252686375238872,-1.5518714462508771,0.1669836762930343,-0.2054870661071029,-0.5741764771904717,-0.8167738172718296,-1.5336321238788126,-0.23480778452030251,0.07134023871422697,-0.1632403414329635,0.719399546483435,-0.3603503989224662,-0.6307528595659762,1.352079121844456,-0.3001542085736136,1.0506847998818496,-0.1398487069121561,97000
-0.3009631001187768,-1.8743421196016758,-3.300418904761676,-1.2059064368795738,0.8814768974458509,1.871934839449903,-0.27313622514199104,-1.3086845936785712,-1.6258997421601014,0.7184934123192097,0.573565557966153,0.7609559043411138,-0.7629404332161349,1.9911399459937649,1.1541843339975333,-2.5436702322953293,0.8220010342662203,-1.5883114819356452,-0.5421746428225165,-0.9015868704349761,1.7038917096973385,-0.27893743959824047,176000
4.07584464736495,2.253963612339616,1.7016592102060055,-0.5589994566996787,-0.5651849042334082,-1.1457348211410288,-0.7059056926173177,-0.5014279100295403,0.007989519152016998,-0.42520063427625765,0.06479402874572253,-0.6045076979998008,-0.7222820053638822,0.22331536534581875,0.24583885701240005,-0.5595529266037872,-0.0022598267415482277,-0.37733281297694343,0.4301461929614937,0.13531868563069877,0.917439472993412,0.26890582206171565,276000
-0.5761067728531873,-1.3365211023091843,-0.7085384284075705,0.9781357034441013,-0.6718451841959244,-0.41688011087946153,-0.17272652408897343,1.1847044723779814,-0.9559213176594712,-0.20468489973915174,0.12984722672374285,-0.44152595629842145,-0.40020852271516,-0.4774602840974325,-0.19444311586454324,1.3255726165712518,-0.05919002753872512,0.49335353061068293,-1.1031641140969166,-0.015042090664519748,-0.08784787269649663,0.3642680505249896,151000
-2.4063422969394734,-0.4217265405688614,-2.2055458513442874,-0.10618564149480444,0.04012588945040677,-1.4360599631357125,4.09679511840219,-1.1757122393384747,-0.5425620090586084,2.1051921070738397,-0.5721379511889211,0.8620901186574195,1.266438446357617,3.31402850578725,1.4047902005141795,3.4900894345587448,4.469540107257006,-2.4396501664858876,-0.014001846620768036,0.15529315787023704,1.6233659034424166,0.7822828208267478,130000
-2.819270310472855,-0.2957393916093695,2.0706690390151654,-0.18365926492399268,-0.7134507470017565,0.1954887921610348,-0.016047123544267787,-0.25306421657664124,-0.28484575962908865,0.2214673863259887,0.4442384117134746,0.046687021701625524,0.05606561159809354,0.15503507189876176,0.01195258594587981,0.55891789148816,0.02160001550226978,0.1887937256736449,0.2059813758040753,-0.051841394874215255,0.17986998569661802,-0.1986127208898939,73000
0.7848178246545346,-1.0906986641542256,-0.09461266847652931,-1.2447927540450137,-0.0278733487361531,0.5390617577696952,0.1591344197139773,0.613587455772045,-0.34024762213972354,1.1023866000001972,-0.39539087018756414,0.3987677104520525,-0.30985550063227135,-0.20789570790769415,0.36572162831527294,0.5074615005520803,-0.4590309643936997,-0.46459712193138636,-0.8488007477883477,0.3062739842851676,-0.16240817287343737,0.46480121107070593,175500
1.1747787769390061,-0.12069803096205704,-0.3650314798992623,1.8253037654065378,-0.10186909914420635,-0.4073510015672228,-0.5604078485540106,-0.09384722652997336,-0.7359353042404668,-0.6550245830502923,-0.6099738873754338,-1.0670964029635206,0.2595972471204135,-0.270701424017429,-0.08018369790053298,-0.07556887064086953,0.6531511004538857,0.6945922683935686,-0.15620448660189937,-0.5319207041232356,-0.7950635037379652,0.3244340128105813,185000
-0.1858561230896723,3.3033041117757542,-2.535234365406596,0.32909510777950185,-0.3907196561932665,-2.683537489387487,3.7041018717127634,0.37564705508026586,-0.4626208670719768,-0.29180920020747947,-0.7262187452147517,1.3427485898085825,0.967622344386079,0.5202599689127743,1.5691982446971522,5.297150735422948,3.1608610224223246,-1.530310650688731,0.6418635938246504,0.47996887405588645,0.27904828739340504,0.7244704875465313,179500
-3.038778210180582,-0.9487937326114019,-0.30544908312233465,-0.47672540890900994,-0.7202473647679621,0.9131374840649471,0.027779753512847005,-0.8539583073982591,0.03362570211644499,0.05944498172436674,-0.19494101456993573,0.31443944429844406,0.5159407928453175,-0.19082042926217804,0.19255330060834505,-0.0620287917675859,0.1761096668919316,0.8669882685393188,-0.09992702999828033,0.3694869985100713,0.041243247714089826,1.4607419610803904,120500
-0.26716528543976487,-1.5550172290729982,-0.9357728467911253,0.6402337379140195,-0.7905312586436657,0.04235829385817683,0.4843891706709859,0.3898567896192288,-0.402167719925727,-0.38475121156598685,-0.6523307965125076,0.21537270866103084,-0.41959636402225664,-1.4126054917972377,0.28027753304227243,0.6196693918547073,-0.6489517816646849,-0.057417043605945954,-1.261261044165146,1.4577311187739241,-0.45698072256495154,0.18798608242790946,148000
2.9432455599750678,1.5438084103654226,1.4144945624993448,-0.2238252747887522,-0.7761403053096416,-0.400345341364609,-0.569717401438686,0.1903582350344845,-1.0996983783540526,0.12424834107421748,-0.34911397368137276,-0.7802863293096668,-0.07297096112906651,-0.2715489899084917,0.5007721775983572,0.3849870232123253,0.024572138778719093,0.20355635190209181,-0.16538799936379836,-0.5393820482296366,-0.3878349329393181,0.1346985976836853,266000
0.1093558120313508,-2.9748315747843384,-2.8321868485390276,-1.0882618283030818,-1.4304483449955292,0.5614162389452472,1.1259096985630361,-0.4238109464944803,-0.7991402274925459,3.8448110945415173,-0.7337013548940489,-0.9255864715983811,-1.2118437032838962,2.3199312445232163,2.2975543187804606,-0.9598935056770279,0.33047740098611544,0.9600869506442802,-1.5307138346019262,-1.611067040554007,1.562141189400474,1.764158405403161,241500
3.63007297282387,1.5655609292431243,-0.2999559011652893,0.4960672249448386,-0.9243499156080168,1.8283595206854963,1.4258610904525724,0.27513525213400647,0.5712776506489432,-0.31280534030947527,-0.08174101080943745,0.40966242077642395,-0.08361630652741804,-0.2068498051398898,-0.8033457649915978,0.17023321301941016,0.04337820999209159,-0.35642761924876787,-0.2853357619817728,-0.10902266592645825,0.7730372999076809,0.39039487406742585,290000
0.11045154644858578,-1.9816961274903842,-1.9509469414214191,-0.11419483137487377,0.1748320583946985,0.8829628798215092,1.3571439281649016,0.1859431549151018,-0.4293350405705315,2.212983489833935,-0.9785176781437785,-0.05587976473679149,-0.5131266037720746,0.9704074329219381,0.5268439745071197,-0.3715341659387519,-0.2296098314485169,-1.050471484536677,-1.5943161139674262,0.19059575710175422,-0.27195152957594876,0.8764462068183076,139000
-2.3329888956232145,-1.3695633094120856,0.5631462886641908,-0.26739027050801134,-0.9636975096138481,-0.009611210731998684,0.18865630390397262,0.8419176595414882,-0.39063640874852856,-0.16258924231865465,-0.21226284761102202,-0.351310811911919,0.11913597481907828,-0.7066612879988978,-0.48183001330956426,0.7808856847135368,0.026529839673684195,0.22648458923181153,-0.7288800193628961,0.055907936099821594,0.1715346647390449,-0.13824369591681016,124500
0.07193003062330043,1.7914178087279888,0.5712704939831235,-0.13395517887925648,-1.8241339768238782,-0.28717346245069403,0.3656428334842371,-0.38560284962617214,1.3890614867443425,0.5193611601736962,0.8763845667585818,-0.32329123088677303,-0.7177391336490758,0.662156455113844,-0.802306532190271,1.3075192414148302,-0.9967412606128379,-0.7552234187404002,-0.32165027306042254,-0.7512200545584197,-0.13856189883298808,-1.344349304729678,205000
1.7592769795334045,-0.08450928420837506,2.008658759533437,-3.0077678464505437,0.40069635725984853,0.8726969000009337,1.7978000510146765,-0.30654784464836743,0.38231624618525345,0.4279964342516528,-0.7092438779846557,-0.8452816816880503,0.39930623412755784,0.22518597222025002,-1.3173987546722186,-0.528332430250216,0.2860762732666974,0.15326590530288398,1.0289593877600902,0.4618332536516401,0.14397355146818347,-0.2818070260959802,201000
-2.216557338583848,-0.8537911022277488,-0.046520133392830995,-2.557227992568114,0.08148471790962908,2.2357097706040747,-0.4033549474794331,-0.3283158885610424,0.20381939190206777,-0.35710434830579996,-1.0421703464305583,-0.901695154700081,0.7111668524554837,-0.09636990008858062,-0.5883052421177027,0.6731857481422843,0.03055771175420892,-0.10907310803374091,1.4029070080218513,-0.2962565292381861,1.4162741466696824,-0.11475363769070293,141000
4.686822544201032,0.3445612071111843,1.7455117225498578,-3.260512508828702,-0.5277029848806741,-0.4037488425733853,-0.08502427334138658,-1.790404198297281,1.19340999756508,0.5844368335185645,0.12978345901742738,0.5425556077914713,0.34764808838993744,-0.49098521009339796,0.13959028331638998,-0.21349789264635272,-0.23953584875438255,0.3068125725713789,-0.7967263851326675,0.050751709912319636,0.21514656630717818,-0.9240970384623296,415298
2.4846286999197127,1.6717422429803668,-0.34542119922219056,0.11577477660890727,-0.06005814558498538,0.9328137804797121,0.36089362024673627,-0.33779890729870016,-0.16749117446533965,-0.0511413645619423,-1.1092471187825221,0.40670645042526143,0.20841110168892485,-0.9822971309962327,0.23947265326371023,-0.24240867996745497,-0.17000561471656003,0.2273999721438669,-0.240398053101547,1.4855207739985399,-0.36291802672668677,0.004931851177229243,192000
1.8633684490257008,1.103028489913368,0.10916019775734292,0.4171867856528356,-1.0774155038172513,1.2371953973294787,0.42845654669727,1.5414979672009657,1.6742215050347315,-3.2094053070971396,-0.25535653141763476,-0.23750126726142798,3.4672909459048347,2.673170196374614,2.6168365251767134,-1.2448904787888242,-0.35200417852436844,1.4383934238108462,-1.6175923073062821,0.8032049373865767,-0.01930574936446665,0.17751247290014585,228500
0.3407683598725117,-1.4701086439427817,1.799684816590582,-0.03699924881827911,0.14987923953642052,-1.0531484258772155,-0.17820190655484652,-0.02950948864432965,-0.2997457893012947,-0.3237837572787929,0.05944325807552118,-0.48267147863195553,0.5870475152862326,-0.14259331863946198,-0.7900506569463028,-0.6154839587818852,1.2936540441026103,0.8895660696002715,-0.16599198543949803,-0.05244470500343611,-0.2777572862271,-0.21640106248965674,185000
1.0890069469591268,-2.004019401428587,1.4573952569581876,2.0823909527130526,0.9688498108519953,-0.18364209876158075,1.0181814720325781,-0.2249608168872723,0.05168257873191014,0.6021020327446255,0.8866284218221623,1.0600529726823285,-0.12001449735466821,0.2060983279511353,0.4046710689498159,0.05229126647553031,-0.286677120295905,0.4497639883127032,0.490974850425734,0.10387790348897868,-0.45670227975698735,0.3243997465056582,207500
2.6673464295592537,-0.1856308237106656,2.4737825343826807,-2.0698361907821243,-0.24106449630075089,-0.9594266649238894,0.23926122334088268,0.34787409282121357,-0.03583429305300765,0.6133181803430646,0.06160125942174101,-0.8594741029003556,-1.1634793220676334,0.4002694001608894,-0.2120163055607902,0.3867927499743681,-0.8861015833353312,-0.6822674350900436,1.5232613663346015,0.5853771315138288,0.09261295469196638,0.050121572912341164,244600
0.12135004822443199,-0.8432700101634055,1.880071610306607,0.11156688820061215,1.3545959742094713,-0.7694738800633962,-0.18335261516988471,-0.197892034256594,-0.695521081936016,0.28697510706650003,1.318269759759005,0.4130983500350451,-0.1971873340387931,0.6641008186922294,0.3512403898413701,-0.058885402180315176,0.25478185950735693,0.30846598413141507,-0.11679610704343944,-0.7305069529289346,-0.3155391924961268,-0.5199831725990705,179200
0.028192423094387693,1.5030130377120454,2.857629224639635,2.639587589995721,-0.4537923009550425,-0.5686818975767755,-0.159795586405693,-0.34007890527910534,-0.5417940216354098,0.5485260787613848,0.36534839052447515,-0.18398273598842987,0.4215160222486782,0.4780265828723974,0.5549542955650649,-0.21821245942036044,0.40453007866402346,0.6908838305910542,0.24853779465597364,-0.8459673029960664,0.31581003869703206,-0.3208089075351807,164700
-0.14549461658266827,0.7178019374714987,-1.1366784123977294,0.33589033768046017,-1.8937499275674268,-0.3001620344290446,-1.0664872512451984,-0.9457979207111539,0.8150198347542659,-0.5217061528523044,0.3686383705223964,-0.12787883395469687,0.34077557794052477,-0.33731288587704306,-0.3847251593643166,0.7948277199366,0.14698155217494144,0.571275056764693,-1.2073074033221225,-0.7615256892807599,-0.4007538479501203,0.08792636588804771,159000
-3.756837338343756,-0.28765491148559047,0.109162651956113,-0.5841548357502464,1.8846365469384208,-1.655137607878866,0.003866073533539358,0.026407437909305453,0.5551728667976787,-0.9141181589760544,-2.356522411918577,-0.3637491973516408,0.8287098813157943,-1.8235235856434837,0.07487512545312577,-1.3250265737604732,-0.40761684214970884,-0.2821264315709537,-0.8807592147716202,-1.326635821742304,-0.66063217026142,-0.00535977665637846,88000
-2.504703036405979,-0.7484231191352159,0.5127977719804088,-0.702777814504865,0.18209688441638136,1.9229630209370325,0.6210001015499516,-0.5989126089590993,0.43171562164909066,-0.0395653821392241,-0.7163806594997943,0.22252759169721956,0.9489923440923435,-0.3556068476465187,-0.6380757319469018,0.1099126884032269,0.14825152253513385,-0.03367713134384053,0.5030700208484276,0.09224750313578296,-0.17349155740314623,0.10542431429045869,122000
-1.890237250919333,1.4201999678184125,-0.34593217104936547,-0.3530855310323051,-2.0886734424678353,-1.0572531713967446,-0.38658899689837484,-1.417074646348366,2.1393022512305735,0.6702852824632064,1.2744516414416,0.14715421097119358,0.014144582933664666,0.4227815195305794,-0.9395706286307067,1.4441284951403235,-0.6769218057424272,0.5394322377256184,-1.4257665054664819,-1.09748776571051,-0.4856262140946157,-1.9743465432813507,153575
2.5643528997420946,1.6578493514233004,0.8711810248613344,-0.9570273750633042,-0.5798643644177162,-0.17133076481323287,-0.4786453375876385,-0.13845778102942208,-0.5712672079046074,-0.46845572293077375,-0.6711842296637689,-1.1765424744286612,0.40582272124587343,-0.25810425475079374,0.07101419907760566,-0.26775163917763134,0.4962315216313223,0.5552085395640629,-0.14135005028759765,-1.6164271432989312,0.2715154140002401,0.6125424539826212,233230
-1.7191469590700128,3.4742100431671523,-1.2204347361098973,1.5748584117562079,2.505623064176832,-2.013891422114081,2.790925869961871,0.26645069900255264,1.5409976146475661,-0.1073187349829104,-1.1575991084449258,-0.12572606435288344,-0.47364942375215213,-0.2292215919784689,-1.090480684248264,-1.8501567151928475,-0.2864956915860393,1.3404703619090808,-1.0189251635678525,0.0514780637339256,-1.0578553262341535,-0.14912406408504353,135900
-0.7853821985778675,0.9341208931728823,-0.32700588979584794,0.6001763728368875,-0.924737330463723,1.2043516898337623,0.25727624324480264,-2.356764523169595,1.5169512363252373,0.3878588671724491,-0.5201707017221822,0.44483201742375583,1.2590404278286322,-0.3480096089526519,0.13474102559835574,0.15402593516760943,-0.4177399763970084,0.5883757874049376,0.17088526312473148,-1.0585914628065327,-1.1725244851986323,-0.5808015871785345,131000
2.045249806935983,0.5084775185657702,-1.5523517160481533,1.6157699379501782,-0.8566263168644641,-0.9110005434482239,0.7371395429912405,-0.44150082052026945,-0.002717422061676689,-1.177432799684973,-0.20381074130387247,-1.285355404179381,-0.16109531400611585,0.012073075450130422,-0.8953618074352736,-1.0538535754348863,1.5147404721477546,2.47517514259729,-0.10985814417470477,0.6696932391665661,0.07302972732039438,0.5978860496633057,235000
0.30727887873629867,-2.3641727559862717,-1.9906120267896215,-0.4003383367325718,0.7402670559591901,0.3178699260232956,-1.262152302130161,-0.28343006241175445,0.4167779386476115,-1.1612670973567205,0.09135182211860084,0.48928122334263424,-0.7327893780845662,-0.38663460381304277,0.164664079428595,0.8301597121315792,-0.9242337417350829,-1.3019664629531291,0.7487493062953982,0.47703162088248174,-0.12931469728853945,1.6797737143131002,167000
-1.318740188904541,-1.7174531959130337,0.4755843901803607,1.4300593751872228,0.2634519598639579,-0.206496087501408,-0.13214378701411772,0.19808602018630297,-0.7880824054435445,0.01940934858506574,0.4479373740823493,0.3333589393199354,0.4193799181084027,-0.3237085122872437,-0.21032429608766826,0.5610905333818221,0.842763999327461,0.9748938986310336,-1.295964625720095,0.23639213943332626,-0.835834838435974,-0.3329384405546401,142500
-1.1915224542982739,1.276551050272941,-1.0397151886263247,0.02923663716154935,-0.1416667834285755,0.799357022965976,-0.8457053746011162,0.254715531011671,-0.7752530348219262,-0.16636060444820558,-1.6349122729148478,-0.3837696936932524,0.26690101396689286,-1.206269042163551,0.3605119312696324,0.7598268147564262,-0.35946131769183726,-0.2680430677249292,-0.49255028571816795,1.1127055313072012,-0.8700533476913566,-0.7836111640526419,152000
3.6090975994735524,0.8693588654229862,-0.21715013476772216,1.429619755748776,-0.5861993722161861,0.45634119907069864,-2.2773964546957632,-2.067679461442504,2.899169272214707,-1.075226785135275,0.1674804591603053,3.1365619961196867,0.8945461253827194,-1.64009925633954,0.39223656951677477,-0.5421370571457813,-0.38728040608634956,-1.9868600977152215,-2.972836873261572,-0.22643047573745576,3.733387477460765,-1.6942864587492863,239000
0.6227315634200364,1.0244249258984777,-1.8671993239809856,1.2114398777065778,-2.5840563531752836,0.7414155934520527,-1.800014230448886,1.6552052054804587,0.062144425457020716,0.6515344180467886,-1.9344859907609617,1.9255155376420745,0.8935380104730786,-1.0383766915874113,0.4571818135323497,-1.128175640955219,0.7335187284772635,-1.0089052910203853,0.18879770552775038,0.47126571228313563,0.8706707526744375,0.23277614532023194,175000
-1.3117994818380767,0.004775434498820441,0.03749890848341181,-2.1368181837413487,-2.507119476965131,-0.5091935580745525,0.4372591931378434,2.5066756656898126,1.3355426113493352,0.8922608501010814,0.02096335015294205,1.5712662698792677,-0.3051665153136092,-0.07405484464722355,-1.2143774449533333,-0.5698078652612645,0.11297955475904357,0.11275523780862293,1.3334600276256603,-0.5597798591357943,0.4062168021678109,0.9764687558082478,158500
-1.2623265745715277,-1.304769116906272,-1.3060548614156087,0.9684487706804169,1.198519537939744,-0.6807687970341963,-1.7324384283285579,-0.661506615884565,-0.18240407518920204,-0.42877015438202554,0.6043842391232258,0.7842575482866992,0.023952129426642297,-0.2525540435570396,1.5255560550516856,0.35695777968736914,-0.27526102647850825,1.5991362200360852,0.19198375271518595,-0.5780700195318987,0.3625840501911722,1.8461151017823487,157000
2.8349254812732614,2.317753193791362,0.010379377523225146,0.5763909366386526,-0.4393871719198426,0.3312465266655998,0.21532600659794057,0.1457200521030401,-0.7389061085378055,0.12089519946657758,-0.7905577296028332,-0.3631115745968259,0.05390238655508475,-0.5745741014668112,0.4464531238113336,0.2063994987959357,-0.0745549277724151,0.5111060763899142,-0.21411624716442812,-0.41254216951711464,-1.1780513554635141,0.05812963963666878,267000
2.9252946073928703,-0.49166521649628603,1.495461901484517,-2.8108763639873886,0.11578425317729069,0.570451278789447,0.7087395884556137,0.39702632805906196,-1.2988035938145837,0.9902470355759929,-0.7605309234797183,0.33746386443892296,0.5079004794109072,-1.322852416872122,0.46899348522701223,0.4620930061861146,0.056223393019126246,1.3847240152353493,-1.0306070346944591,1.128770897381085,-0.7234779246043948,-0.3841211670786428,205000
-1.5658939852472515,-2.1327605332879456,-0.7695849528468991,0.385250335388304,-0.3393832180579169,-0.2526088406159575,-0.4738611518376244,1.1600803016579293,-0.9095005169756699,-0.4525824645996533,-0.12787803627533673,-0.6218872217303575,-0.20429512130164254,-0.6317469033144815,-0.7527770180721197,1.2898169781558133,0.37096974488407936,0.13919598052917478,-1.2847951919060518,0.646576367855982,-0.53404261867097,-0.5248124827325941,149900
3.19053890264746,3.7113737133131384,-1.4351484133787502,-1.5248717155899136,-1.056015711023555,0.7290612579794035,2.088882919780067,1.6672778105081034,-0.42554325431769713,0.5939145046603723,1.6534831678095332,0.7149411667642215,-1.7141855815463565,0.2696046105794468,-0.023936653265841067,1.8308531652293034,-0.8098543635787835,1.507101986337907,-1.2855869567264386,0.1312561617678107,-0.38097570738855385,0.31218556526233965,295000
3.09230865879179,-2.6752133732508074,0.37779114299622807,-0.4156473019435834,1.4159297170850538,-0.25443075665499754,-0.10823570472738402,0.6995117882236643,-0.4049284172954712,-0.5114110874499456,0.4505240037144035,0.33583722548273454,0.034704869813106505,-0.258267617332437,-0.8422369251668183,0.4058520288831351,0.7573772717976293,-0.8208538316865824,-1.0180767861957682,-0.22104048397841966,-0.4813857609744214,-0.6932348498776955,305900
2.739076337697206,1.2226550885871943,-2.372343802790489,0.7730337522416221,0.2576953485145734,1.3257765480902552,-0.43225494854805696,-0.1784862363588248,-2.052537823032704,-1.9314800450362395,0.5228250518246201,-0.14964404359855252,-0.3484208480390696,0.14708370287777567,-0.269794125984678,-1.1423347729862843,0.9250736408371893,-0.728009128703608,-0.04300936473691465,-1.1283519281653758,-0.27642661192394385,-1.0537693348150654,225000
-4.027136791669515,1.821695730503741,-0.7783381568749956,-0.11796417038075356,0.33215560162638585,-1.3268082564327355,2.109078936323896,-0.3085318202124547,1.3247834289451148,-0.7500433977386127,-1.4572923893275278,-0.07355114440460113,-0.20420162222538482,-1.1297661640299168,-0.341073505766275,-1.5326026754731703,-0.6187648193442137,1.095989440984837,-0.5035453252229587,0.4686189852645391,0.325779611308425,0.3794642216239042,89500
-2.974583878378993,-1.2664262852874342,0.817323489696524,-0.7144549609521302,-0.1424021603802988,1.571439043672515,-0.08754890211104996,-0.5728080181490057,-0.3881420557563169,0.3417457396826613,-0.3195760975232507,0.4018223202398029,0.5570563338057054,-0.45568631747335336,0.5676190960788355,0.776275779361292,-0.24713751652728622,0.6356087525771364,0.8308053169187941,0.9827277653473787,0.3476841103056144,-0.3982860927465101,82500
4.563021286755083,-2.396086296023293,-0.6500011372083239,-1.0236634878712545,0.35616862784195924,-2.362829060470552,-0.7419129938689103,0.08829460745343068,-0.39201910039775756,-0.7113404760906493,0.5562234836032781,-0.6803448541247131,-1.3552726200935874,-0.07552662378650288,0.1890554263722144,0.09427319807035495,-0.3291396309738127,0.5511362911177212,0.93131681091763,0.24074757479295394,-1.308867628023781,2.144417829091877,360000
1.0148895994137581,0.9118400046957031,0.2828432177220591,1.507346532356795,-0.6337877592072713,-0.0347361759351922,-0.6152888807052375,0.06062347991628575,-0.8144052818209835,-0.2628963193489709,-0.7764929179182801,-0.34933967086588763,0.45251679015421775,-0.7633186365652991,0.31249945880674057,0.04547840589198981,0.31469256832074116,0.5193580520990076,-0.4229825055452526,-0.016004397090021678,-0.644601357244284,0.25091379645597767,165600
-1.802160923796191,-2.046011453874514,0.09230176837317003,0.4158351683605207,-0.32669136230062473,0.25390306878261387,1.0072867769060356,-0.29611919805416226,0.3476621781468632,-0.4552776506497825,0.5347892301798001,0.15549055791371033,-0.2678214220411136,-0.011708829848870693,-0.2436886409841433,0.3166267660992006,-0.3015230348973715,0.19165415424498658,0.22784776435735174,-0.5550549776975746,-0.17484137271062433,0.9986494889920432,132000
-1.8740627784893695,-0.01420064119135598,-1.7491071538582093,1.4753687806866174,-0.7371289537325028,-1.0969095049517024,-1.9256957283022698,-2.231944010183301,2.0187942157148173,0.7138887235879274,1.8604835940093285,0.9696343574363956,0.4081330867363529,0.6184158646240971,-0.13429719003638788,1.6468951497530724,-0.40268122992868804,1.6357308203018126,-1.3873234784531192,-0.5398884320495738,-0.8110939061188135,-0.9401716324587909,119900
4.545876773434637,-5.262186756600731,-10.12665586406379,-5.401841071640504,2.3057716711463883,3.163759906396649,-0.7508803662653094,1.8654794990877555,-0.14434471914321712,3.7085017471585053,-4.047923355311402,-3.598103309415456,-2.0611714317606444,0.184302036430325,5.57320038706938,0.7011505334660232,0.13631716608474678,8.815339976388007,3.6282285915272925,-7.433096012081339,5.846175761229508,-3.7503232556340445,375000
-0.9418059555740264,2.36653833110998,-1.2498860183478246,-0.349488037179942,-2.6964573137654506,-0.6217513305540836,-1.1342836340966453,1.6594601051489397,-1.3547089270395558,-0.48048088390192095,1.5356804230154033,2.4417698169889355,-0.7033856375237801,0.23707485588607835,0.15023284651077684,-2.022762592395726,0.9047010869630958,-0.21491364682319117,0.9172200707280602,-1.0516208670602338,-0.37092252959389094,-0.4300681288625803,178000
1.341416908088856,0.07722062873562686,0.3233713272304814,1.7673912418810698,-0.24484257058017073,0.5293457290668839,0.49556791112882753,-0.17345733481656733,-0.1876479736945944,-0.2841531626402431,-0.5023169484759369,-0.9639043792494638,-0.017915346018335887,0.2274841634904804,-0.2865222963830941,0.14534632364634112,-0.14791235232027075,-0.4293975673695834,0.8073051250602195,-0.8340073848742113,-0.4837723492527411,0.42439058555294495,188500
2.9430775360606347,1.1669182792519137,-2.2186617228445553,1.4765406578766433,-0.5995810884755287,0.17069057514517488,0.8795738590904546,0.49753024191342543,0.27655811652181805,-0.8522319993745158,-0.831039498279402,-0.9589512207862362,-1.0794239081715666,-0.23263029165537352,-0.8475508479506367,0.06762424699863347,-0.305456340095686,-0.18592370851062676,0.34439589266995874,1.5658646201592223,0.4146872861088185,-0.06502328474002791,260000
2.911645741035936,1.6060719227163425,1.5296523848433792,-0.043337798390292503,-0.8276005772709888,-0.7127167128884505,-0.7707035560754213,0.4848716501119715,-0.8888193311774482,0.13943773255866787,-0.23498339740123114,-1.0377874825954918,-0.6998949843467321,0.05946407098999961,0.4660128949163455,0.7243561712310339,-0.6115625107439526,-0.7864505368915793,0.478196571253106,-0.5427856762052415,-0.22148520823970763,0.07438115969450199,270000
3.8841041002875705,0.7672819534139822,-1.97318531351763,1.115819110249635,0.630146437382401,1.6914604043538266,0.9028680645785595,-0.11123738645648663,-1.307511663513847,-0.9051523100563706,0.14766605868332466,0.6369132785956402,-0.474384725822415,-0.22878329232216482,-0.05821636085320008,-0.5348503291163723,0.03888686523965922,-0.9133870555938993,0.09775240895587264,0.5346632564746028,-1.0919286431421626,-1.0294137231643057,260000
1.7733165284615904,-1.8963719256697589,-0.8820524995219036,0.33854161996906595,1.0799972375684481,0.3557879553528691,0.11330368502098756,0.014089003015658871,0.16974282696375564,-0.03784027454316635,0.15520445802327185,0.7520809520294532,-0.4679642223268584,-0.33522293444621815,0.4758337860128939,0.5296392912135592,-0.8136099171385838,0.1288347836952193,0.6851748209905951,0.15578282560070067,-0.41417244922007507,1.1452288456683122,187500
5.40190752511306,3.0084801904381044,0.9156765372328952,-0.7208670489640596,-0.020862813975076718,-0.54436403503297,-0.3213882829470084,0.7191144438135254,-0.72827918808607,-0.2019574037454334,-0.9502330730471011,-1.0434887470137533,-0.2789461191688583,-0.36259968464471626,-0.3606141362449684,-0.2870563915514672,0.5077259554656354,-0.17367936867592074,-0.6660211343302299,0.24759366935680072,0.7338074082233437,-1.3954489344309458,342643
4.647147374748832,0.6453357517591228,-1.3339879015391618,1.5972095330674452,0.15713431246719958,0.11186625573300421,-0.1274225628385692,-0.037244297227855355,-0.3003952154088237,-1.1868043394743648,-0.7654701463275578,-0.5798982516312139,-0.025445706572911942,-0.43294261066532475,-0.6384133648061431,-0.4875792740436813,0.8408979219290909,-0.10395265199195973,-0.37831190919480745,0.5215966424424698,0.22726197841183446,-0.17394521043771777,354000
2.951355771407935,0.4948530319677377,-3.354122102064574,0.5874978875292847,-0.6250254818340016,-0.2233899288738908,-0.026877071937939548,-0.9593611434972276,-1.5960743148412888,4.75340627504293,-2.56693058346622,-2.1192252957611317,-1.0538512040632853,3.602129361409641,1.8848729221762774,-2.620754736594092,1.015494588994448,-2.3888298079036736,-2.897275039150014,0.2544746956926943,0.5634702231489738,1.2096861804794758,301000
-2.0648849367776205,-0.8096797705879314,0.3808974271025949,-0.5908192506214185,-0.8367508330198091,-1.4257438341376543,0.8230107663332146,0.8489972247321355,-0.16834976310693375,-0.12460589712351747,0.2406449541688062,-0.8186060347649888,-0.869791470899916,-0.30327846787536267,-0.9802442082634737,0.4455625998049013,0.16800719443251602,0.9020626569907486,-1.4915645225094782,1.3218581136865328,-0.202865059977609,-0.37125023284442127,126175
2.7784800725740704,3.3403962490707206,-1.10843493447622,0.29354730385832534,-0.8297589243491864,1.8906612367339077,1.4087509022125042,0.9624840351374692,0.3531699955700774,0.02955620296154087,-0.5456829293382339,0.22685906637266137,-0.5056094029930921,-0.3229129339615527,-0.5247690020079804,0.9094233379947055,-0.828937659684014,-0.9348522857112334,-0.6923203966503085,-0.25475556127069254,0.30102706523876555,0.2883793486248244,242000
-3.4588885083105376,0.24948433361437614,0.37865913616029245,-1.1608624483168601,-0.5128405374768318,-0.42773354738809855,-1.5199763971293456,-0.1791215528787925,-1.9279572614105724,-1.1696194834380351,1.9947308209520096,0.24865918695050634,-1.4016276713972862,0.74140710523683,0.3950417560173955,-0.4544810525507946,-0.20590124295956075,-1.1374770175918716,0.7561475883628352,-0.15247945450774308,0.3050198590884856,-1.2249384860479666,87000
1.5512234203404245,-3.701267028591418,-0.6278865266034376,3.2628164996185065,0.7258391594145103,-0.7461722546174041,0.2515532932240231,-1.1275985317226394,-0.1376650011126349,-0.5318996245481531,1.1077890284271223,0.9635406419815103,-0.4868076353814046,-0.04397484462563607,1.4569858562919145,-0.02245968384198635,-0.369113662043185,0.7132628137159716,0.7556444634130978,-0.09076279967950121,-0.6780639414638809,1.371997661753931,324000
-0.8172106926223197,-0.1041961233149349,0.19876348053926088,-1.154781030946189,-0.03816434212843759,0.11291941967803974,-0.9182797245820828,-0.8333494972662598,-0.08284508965013454,-0.8629876149298323,-0.9554849857997632,0.0650374257901197,0.7939136989359168,-1.1259004415809366,0.055086036181863605,-0.5991309976509009,0.7250612025397181,0.30500561219590194,-0.9334036069307448,0.7707718947870024,0.2816397919129283,-0.09735669271476026,145250
-0.5261811191522202,3.3294923707974906,-0.8139517709050224,-1.2304241080631326,0.24299723778073334,0.801063133460999,0.9438893332099489,0.12335619648100528,-1.4268431988921886,-0.6752974543070118,1.9624810252167149,0.5147046146073642,-1.5107377920831608,1.263300763708909,-0.6840301073831198,-1.0607945033317512,0.18046535762024943,-0.4036225542646748,0.5665295465871101,-0.48982446143303493,-0.96435125421577,-1.690254873613766,214500
-3.3268082185078094,1.5659543237527294,-0.23603255872950415,-0.5590029910322909,0.06740509994627256,1.014647791060014,-0.3893136163633432,-0.6332611762829867,-0.8140931496497689,-0.6190187238903865,0.5858510117202348,0.3890955610496296,-0.43166133544659685,0.3820456681450405,0.17580045511936576,-0.26389589476614983,-0.39376881933509483,-0.7034128009511473,0.8685493404855467,0.10251739457878294,-0.1176921768481636,-0.6402763355060549,78000
-0.0642611322961831,2.5193128562311884,-0.412657347377082,-2.3846052380433784,3.0874456313505183,-0.4760598575455328,-3.065973751019138,3.295625846788638,1.0159370992250083,3.4793067659844596,-0.7847607149580711,1.2825863669789637,0.04023691648597481,1.0342701870987527,-1.181296905087219,-0.7285443824496461,0.4549796506621056,-1.1616515965159078,0.08317753408681759,1.100485234156491,-1.007044799269623,-0.059280317538572505,119000
-1.9063167916444306,-1.7322149654092505,-0.3140182070888428,-0.015038495699835201,0.1415778711968099,-0.4794432427518694,-0.23209464431016424,0.4685006448434085,-0.07291608445786923,-0.8649312121886372,-0.018949945709801477,-0.759224306941282,-0.10795509308668876,-0.12846482306825355,-1.0496633710340144,0.4506681317117203,0.43118397041751844,-0.32349342972484485,-0.68047851442614,-0.41356412985096824,-0.22623243589349495,-0.009302419221696409,139000
4.017313604785575,-3.065578723373238,0.5893194935327537,-2.8183107566986485,1.4978063118290341,-0.4185232098027197,0.12194590082297538,-0.46478775404417877,0.41396526941674006,1.3826067459040616,0.5792679002224416,0.4186174932302883,-0.958205681618989,1.4594724846429643,0.17702393990680865,-0.820636408227497,0.030585484886391394,-2.1089362458173895,-0.8716000989920054,-0.38609397145720087,0.46621096632746495,0.9216905841107729,284000
1.275746583006411,-1.7604550488270436,1.2936802200571769,1.1567129219788534,0.9803662591815471,-0.5917602130122589,0.24264143089878407,0.20671400526614442,-0.26853090790935313,0.470657147854892,0.72686247742763,0.5714471525873419,-0.34971024944801,0.11923237130886256,0.5745958572966383,0.43682815131053326,-0.486317686029908,0.14242127523788115,0.2713580912999872,-0.35808013428768004,-0.12664565557013258,0.2352325969151655,207000
1.5406759944831887,-0.35102898700087515,-0.637399615613369,1.9538935944203581,-0.10703033174094449,0.1043651285474177,-0.2127651528614329,-0.2888369339096634,-0.20730707719356878,-0.5017278903288513,-0.26435647234864457,-0.4961469015411798,-0.17878349353511097,-0.09206782454706774,0.29237421060484425,0.24190684179353497,-0.3252694504583211,0.02079362191108959,0.6589009815506597,-0.7815663699674801,-1.1041776184828576,1.4073784319801337,192000
3.2405215478553866,-3.482764539316475,-7.541753181254557,-0.5687108600877029,2.3696356958133706,1.4808117914826233,-0.4840176745186291,3.7613595200310073,-0.8058094942590718,3.2808808756039105,-1.5138519072994947,-1.857860700269669,-2.4847664726601755,-2.3138366326647493,5.9877145767985045,3.180648029817927,-1.9203158139311187,7.5970481067503846,3.357866385941289,-3.4127725966525126,2.9071331262841227,-4.4449279263626185,228950
3.754882043720434,-2.4869769766571626,0.19695838746865604,-0.8127204434549764,1.0149728275394374,-0.5530540862869671,0.0034040636959113565,0.3705362510042201,-0.3502888994440972,-0.44112802559576203,0.45175045133876124,0.19173403185561122,-0.3008343903034314,-0.27442110586247404,-0.35552762817872813,0.24292512895683474,0.38166352875849924,-0.14115605358929373,-0.3942195088100948,-0.25093243571020796,-0.5049825870046201,0.17844815077256393,377426
1.5991928346929176,-1.7394596852928574,0.9861795149737967,-0.48207079436091105,0.8820037260479098,-1.1540498684343212,-0.0675933353348024,0.8617722657290453,-0.19724093339136597,-0.16890065105118543,-0.06909507675824117,-0.9345896460313468,-0.8430117216936152,0.18314384833916794,-0.8094629750501134,0.47110725433161144,-0.25106400427164194,-1.2700886117591004,0.3224767072857907,0.1481400030849936,-0.3054283972143258,-0.8255457195594739,214000
0.770993458839176,-0.7028585136804454,0.5789807303195194,-1.4367850958549755,-0.0762006362261354,-0.3851266983389571,0.7717167155635966,0.833298818604539,-0.41111795869584833,0.09324143956734904,0.629046175351518,-1.0792440244996868,0.04240483927631209,-0.5016099038061592,-0.6542498835161887,0.31917613072066336,0.9264557559027943,0.8513934525541342,-1.3579654811874455,-0.29440996039746625,-0.22364767395717905,-0.31220179200179204,202500
-1.1913153215070087,-0.7895459815983623,-0.22658899543287997,-1.1172507966381988,-1.377221908274021,-0.17543265665249372,0.2557973483053623,-1.3441496058795783,2.7895427296613744,0.482476987548067,0.8379060056310182,0.607882687147631,0.2413267726751285,0.013301012278544001,-1.3330722085821327,1.0310290485369056,-0.6992753577199103,-0.19946444402261063,-0.9692177589038642,-0.8449498932461321,-0.04383836480479466,-1.8314867895812381,155000
1.8730745978075833,2.0070166729238816,1.0426348631086033,0.0007174319161163711,-0.1854648665056205,1.9505466373690479,1.304908613005112,0.07122954584089375,-0.12527192804265835,0.46754501585253483,-0.9405645693389385,-0.42446690148748845,0.5276811839708735,-0.05771935175861323,-0.4154125227473593,0.2858768252790344,-0.10339401031811561,-0.469856889791428,0.3430470634760114,-0.8962412928520974,-0.41697234152420526,-0.6167600380174135,202900
-3.1788484072132714,-0.4448779615249903,0.9647588925895016,-0.9900192036410139,0.16950194785622558,0.627798855605413,-0.8101193423211004,-0.1061002114138878,-0.6476835804856033,0.3330530731041722,-0.9366303481249559,-0.2722616298179412,-0.16752071773428506,-0.4862436472585256,0.7124104872589555,0.874669542860794,-1.2356950730306018,-1.0200606361000637,1.236185761581098,0.9995099496044519,-0.2010117848005582,-0.7888513118022185,82000
-2.9865289772407246,1.2624693667412679,0.5273692057577074,0.83275504675693,2.9654895080390564,1.2762268602851716,-3.1202991956756936,0.47590526567238056,0.1804092845723122,0.6846480387697396,0.24679621730249715,-0.06833491245123909,0.994062664375007,0.2884230389649789,-0.3219349768434173,0.5526072200935712,0.7906114785301853,1.1173589323710753,-0.5455309600309666,0.6074996086252334,1.7375509777311964,0.1114296282040266,87500
3.2670675314231694,-0.33252582357624805,2.766056144478435,-0.651174047862655,0.5599883678519485,-0.654885360063735,0.6356488098076034,0.4528823887601456,-0.29429707577490954,1.342327532185926,0.4228739916654519,2.073550135424984,-0.8814772649759595,-1.0063380339701138,1.8411468801127495,0.38376592527276415,-1.7008428790296581,-0.3578879596408368,-0.45657830236753194,1.4760334618021855,1.24656620038724,-0.688912522744873,266000
-2.0634162806524614,1.1022545730368567,0.9617639736813569,2.927472606779342,0.37730475194607443,1.4718648472160791,-0.039618372505683695,-1.017348807782076,-0.49848373654455885,1.628364693415641,-1.3616818436436824,0.21863011185050393,0.7905308316819918,0.4520825187697513,1.2704519824380394,-0.21245188988824218,-0.49785339739888945,-0.9040098327679323,0.8795330686515599,0.40803124933739776,-0.4341378333370898,-0.4680875589742896,85000
-1.6148044202382705,1.3215919502828428,0.17518723287328297,-1.3059109953292316,-0.21703075700089988,-0.848984845120004,-1.8455188117949524,-0.37724853742120157,-0.42786985841915703,-0.5169721332712887,-0.05124925604986917,-0.16182066679931012,-0.3931767746801608,-0.33693917960912995,0.6907923781079578,0.539717269641951,-0.593988372618699,-0.2429775624620686,-0.1759958043331438,0.08512807872133885,-0.29663073371776966,1.114147767338979,140200
-2.5859992734487136,-0.47850026466091505,-1.5959138074189334,-0.9890989200242318,-1.713794994722676,1.626216980066556,2.7109417287312736,4.471742435755785,6.792087932627062,5.652698650953274,15.88261976182872,-13.025116385428998,5.909926252761023,-14.911028171857335,8.763492479902988,-3.9474530263421137,7.237932031388643,-5.62173373340408,1.077021652872274,1.3474622141179622,-0.7058561083466843,0.5773950793828218,151500
0.7167144033559966,-2.0566986721841753,-1.6111988356241354,-0.6169833589439376,0.9701342078780548,-0.3895879411801802,-1.231411414242797,-0.030334582914044447,0.5431361114616315,-0.9088523589733475,0.24516037575405983,-0.48911080213727876,-1.0414182740461717,0.2894486116375117,-0.10430884017151369,0.6926215717568204,-0.7668533399272344,-0.5797042428446872,1.6468669011387291,-0.51285408161012,-0.547785519833543,1.6857529018969,157500
0.6872110613550109,0.44225253095835765,1.4249827273004074,3.813807823731156,0.2626794571740047,-0.7510982980558419,-0.4193252895910758,-0.049539118391643815,-0.24435618354707392,-0.2152156839478947,0.6017212664855985,-0.3723608407882794,-0.23716425395194227,0.837475150491313,0.1625494502876379,0.08812702571555436,0.08368497248344996,-0.7382026677342909,0.45771208667236435,-0.9933249746395355,0.49753138119753365,-0.3944185857533524,154000
5.673475302549859,-0.4382431686495116,-1.2348005765655006,1.2412975226494236,0.879893985466773,0.34959057454857,-1.0645745743089754,-0.5443678339718082,0.38161550750170836,-1.4340286141690024,0.4253299056138672,2.0962049200643325,0.13813563063079007,-1.242854554752439,0.8028536941148428,-0.6149900688221346,0.6636170785301011,-0.08530619431926686,-2.0425993041806385,-0.7071364416187492,1.0943790211361193,0.8575587266491008,437154
2.9852551189988996,0.08296979940458761,3.1110517525545935,-1.404577504092313,0.544513274661222,-1.9011656535003953,-0.46108992119758724,0.3472143550258134,-0.15277243528936615,0.7740858261840421,0.9823436033307908,0.9508379680620775,-1.1575840272342803,-0.10039846121484036,1.353640795562685,0.27609337272254825,-1.3004954368959663,-0.6547379017072101,-0.048134378525272206,0.04854700735401061,1.1366403950564503,0.09526925269411388,318061
0.9071256295112831,-1.6385049393996312,-0.4305419650046532,1.2673560027712458,-0.42134320181609675,-2.529411278436104,-2.1915051158191727,-1.8421500127914188,1.3532774764527513,-0.46295753169821235,0.8786247227849474,-0.5295405717299895,-0.16294416857224484,0.5031711571587573,-0.07489936117093884,0.4156545863112778,-0.2813782591009306,-0.290624212439397,0.17053387910494752,-0.6001557216680792,-0.27578374708646725,-0.6188024288564885,190000
-3.1923881295370222,0.14801179957139302,-1.3921097204813808,0.11321076720505273,-1.6450898308562865,0.6593222587733255,-0.8447188898067467,1.5161155841208114,0.13290050646345308,2.142172583588764,-1.2877724919350122,1.756288374515747,1.067220680880436,0.5002784686593036,-0.36190244459886545,-1.353899679237694,1.3459418158738927,-0.1983277293271719,0.3457055914560524,0.2686999470648524,-0.3728543301192493,0.3392390908237687,95000
-2.4773628453574994,-0.5013487496983957,1.1518198264470054,-0.47883588671030863,-1.8044625783050336,1.1495458694221312,1.7911274384782385,0.6553286793484413,0.2568049045330869,0.35200508726389834,0.8374448784673282,0.09548113433599137,-0.5300069390116917,0.2390691536510995,-0.7723359167272121,1.1719778538086412,-0.3936915504872822,0.2960315483583914,0.011424348833019734,0.10919645575806511,1.0132847983181188,-0.06119733271289259,105900
-1.1391807209426692,0.16185489052157484,-0.15741289521477297,-0.5405703195912832,-0.5505046636478583,-0.6370896199334574,-0.5281509067217662,-0.6280762312018868,-1.031943011277572,-0.8455194253535501,1.1302230146900478,0.7570083987435027,-0.5009277305453925,-0.2998269456402322,1.1852023629471058,-0.46322608327170234,-0.33819793927872466,0.698288439381636,0.07166153005261097,-1.1160474377657046,-0.6033371741235135,1.3470157570079413,140000
0.18258819269596063,-1.7225897243225332,-0.18508389577639184,-1.0100504034247386,0.38616630421450354,-0.11871970939578474,-0.3249348547715518,0.03906169174691935,-0.8152094516815451,1.4795166270967208,-1.0125993765674242,-1.8795599527788562,0.1110269764773322,1.6602059092545802,-0.47654669082413054,-0.7029183263464007,1.2033927117059848,-0.965007702653255,-1.1331722740756258,-1.1860810969615576,0.2989048005909369,0.1997468573324136,177500
0.10100581694459537,-1.471706256496473,0.7986460020339992,-0.202392963851364,0.44300835451457704,0.40622910094549763,0.7055565910358761,0.5379802743093792,0.06144026954324421,0.03835496928649046,0.04885276419451014,-0.3987450595295976,-0.21931717492100505,0.15544086411268396,-0.988890652102978,0.5922318511118647,-0.0011637428626944462,-0.5370068735655326,-0.05907117869471237,-0.07169447709202523,-0.18588301217034892,-0.4453175551996086,173000
0.032752931355209645,-1.330777786523497,-0.3490206124559857,2.363551202106179,0.18368349320541272,-0.8556917051010627,-0.5013146069177598,0.38914988921498056,-1.1058098800941008,0.4763393548441204,-0.6261419765144003,-0.02279190378355141,-0.7299406049474414,-0.7936957099042242,1.0679110542880885,0.9825756640689455,-1.0261747483151409,-0.05584773734726694,0.2417455845171365,2.412989989937021,-1.3253224620975617,-0.4907263038985842,134000
-2.2076280358899294,0.1875721493549388,-1.4495216997572675,-1.583798400034635,-0.1596698034847328,-0.26102040578190716,-2.0201071827211123,1.347219916520412,-2.316250880759868,0.8625288985009096,0.22293165322773945,2.6508973308122767,0.1276678456702734,0.517198397496751,0.6286528205553871,-3.109654452701631,1.2424104875055832,-1.5461206781407133,0.8555160839401363,-0.19722075858914795,-0.8089767435614805,-1.8382424795026748,130000
3.4671983703594007,-0.41603735208878934,-1.8122569339604744,1.6147823662528393,-1.0917103231032812,-1.388503976502896,-1.6851428816308502,-2.908186172331424,2.88532360970543,0.22561209034291344,0.3953730528952008,0.7899537128949825,0.7697743405779196,-0.5317833191395236,-0.37056596832420974,0.7244781861712183,-0.644769580101136,-0.1143241185057641,-1.8476069502648733,-0.7863313846940839,-0.7489009961009019,-3.074249471726197,280000
-1.1309959683625452,-2.0760193247955296,-0.5787522711708578,0.8552266819090223,-0.7038203088048357,-0.722154067550385,-1.1708280058246117,-1.6875227379361588,1.396198275700827,0.09748234411346095,1.149644479739788,0.2253461878203797,0.4999570507389987,0.3401170426392326,-0.41556256863408697,1.0936155645634673,-0.16374295296604102,0.6201003923620612,-0.4761724965283238,-1.105347908256369,-0.5550148027154296,-0.43915034434368944,156000
-1.9614179209218159,-0.1640648144553815,-0.15337860903574502,0.3839268978887186,0.4408470127743355,0.10373771478536245,-0.1325893445609767,-0.16987952965169179,-0.11507148547968474,-0.44847549350123395,-0.10216945691944049,-0.38012331863718835,-0.11602897038615176,0.08863327473977337,-0.3135275410142258,0.41777539444661904,-0.005255915194134384,-0.2311653107952554,-0.06015398623857845,-0.13782638129922142,-0.32782331796121256,-0.1951378724857957,145000
1.471864477543865,3.114535280401211,0.016329732443587444,1.4999973746369122,0.1425228777034687,1.5139528921556284,-0.038443099228577055,0.24338267264355581,-0.9336754237208579,-0.7982846128062696,0.9444287627979489,0.7953707285726719,-0.33697976062111734,0.5616746554447142,-0.16594878305410132,-0.7800652335569599,-0.035810089070069114,-1.300161023501064,0.21027070872021197,-2.21287379764815,0.4100555306092717,-0.4596356943297145,198500
-1.4877578949613164,0.7946001216473005,1.470614295316004,3.4817929642986085,-1.6067919005725189,0.45021532876553794,1.3080593843965413,0.6474335730756166,0.3736372678261536,0.47937769278904957,0.6415130303836851,1.669626849160681,-0.49518578757284887,-0.6295035997222964,0.6933800943267023,0.5513937456986049,-0.9607381398739326,-0.31599044279714433,-1.2360543543557967,0.8309512253656217,2.1540535630767015,-0.7117439594959976,118000
1.4729847489888646,-0.04886290681972317,-1.3747252704119972,1.4941312722139533,0.005988379544651664,-0.37441937716274665,-0.8061893700448193,0.2818211957792698,-0.9610304599849581,-0.5226862640018509,-1.1344649164454117,-0.9739335317802964,-0.2490153051470461,-0.8071903382503837,0.4951743317834625,0.30205183947798214,0.0398251401421845,0.7861311792804176,0.029801582877797963,0.6619983155153295,-0.39291709879046277,-0.40148664067268425,190000
-2.448672636005909,1.2337562949223393,-1.0540181135569293,0.06836799522578836,-0.8657042845063116,0.07624128578587794,1.2504494014253773,0.05170676104834348,-0.8138299527201608,-1.174384258072274,1.6267214604525142,0.03223520768290085,-1.4535379043501284,0.8486346174048315,-0.7888481986181922,-1.2086126245345683,0.21083561160261807,0.20206854158528967,1.0047818891779547,0.1703608637633302,0.3177738435421077,-1.3092896767136575,147000
0.7639832270244036,-1.143784762571072,-1.2847079455264692,-0.650897791473648,-0.6873477998506097,-0.009940094549150593,-1.1778690505778517,-2.9112797242628794,2.3081529195302704,-0.3828710576037352,0.10693995176307511,0.4346738665901408,0.03337011812519334,-0.1594678211226373,0.05362029211789828,0.2753730492291359,-1.0449036251411412,-0.4184330426922564,0.48502341639255053,0.4127043288472722,-0.29337566633478485,0.2460470357293149,159000
-0.4535922341670883,-0.0694949780418814,-0.4814365872236897,-1.3336383038518025,-0.7829443270361223,-1.3387326177966647,-2.186352284603285,1.8098317594529232,1.09676957644782,0.2870958149721735,-0.886157957538459,1.6945779178700455,-0.014615074321283327,-0.3418685769711632,-0.4626925332510253,-1.1618227050489498,0.08220324977955404,-1.0885516123973866,2.189744387219517,0.7216329735426211,0.9962951540022043,0.6052787134214489,165000
-1.5645576507727281,-0.9977776904605447,-0.01997681836305916,-1.3444393459107886,-0.20423639309274522,1.0475897519275041,0.684896098699713,-1.1286436834235982,1.0430449941686886,-0.4475196200652426,-0.13315093422453858,0.7473383228289359,0.12848842484335923,-0.43894589519927546,-0.17296521248343683,-0.38702502225612934,-0.3409685425735478,0.39154480999870933,0.8423650412565321,1.3625415773633773,0.738420450341128,1.1878554912585895,132000
-0.3952491224013827,-1.5225383564757002,-0.9876195892208882,-0.7630173099407814,-1.481228427166943,0.9301191563284774,1.7317742948356198,-1.0317800419255476,1.227332523812701,2.2761486973202776,0.11611887788133167,0.18269622898634982,-0.31296140935074074,0.5348485442822013,-0.2838857826091913,1.3690283305245108,-1.258347196687887,0.03487866678849106,-0.9375149309544443,0.4567924453058603,-1.0552186447780856,-1.0882353730855199,162000
1.0944843789205674,1.5105540234561983,1.3635475564163344,0.28281544985546225,-0.5607356259164086,0.5130024801922183,0.16031326260780504,-0.6101060882263486,-0.8072247365425701,0.2826613217154896,-0.5798158905897127,-0.002141994066854496,0.9652093267399855,-0.6814128202470008,0.5261466053343613,-0.2728113605865567,0.5582496620665902,1.3853708110990015,-0.7908274154365333,-0.3427836132820694,-1.0005876898486126,0.5365662898431496,172400
-1.235070733527263,1.6286234003114073,-0.6918947970923488,-0.06498427823194272,0.2131549320533799,1.0845051466043194,-1.5294042027026387,-0.13303883934548838,-0.33214886180607994,-0.1767881507181955,-1.1922420726639815,-1.1901508019132758,0.4854596888944337,0.11026726611197447,-0.23676140983332217,0.6100920139235702,0.18727788751134933,0.505121579086878,1.2554413549466743,-0.5742695165026753,-0.4255715200358561,0.5789600939315847,134432
-1.9077017375647112,-2.1954630890278723,0.1919971553742234,2.3411845115822585,0.2709178367652854,0.9332908421795963,1.2224893136156132,-0.675798369834769,0.25268487867441936,1.6459719337310672,-0.1523909383053731,0.7160089156081265,0.46556064642562467,0.12023228321073806,0.422173920765168,0.8433913992585828,-0.8218534109533999,0.06048081220703628,0.15069418824817632,0.40525485879187617,-0.8213136087349222,-1.4310067491877716,125000
-2.555310682157351,-1.1695929760562926,-1.309615107329156,-0.13822580512121177,-0.036440635957004336,0.30184844394920085,-0.5795943620959397,0.37216813153943484,-0.046153537687636116,-0.09810936290641528,-0.7171710850835994,-1.3086568444382567,-0.6306221233240721,0.6140748527969939,-0.6077131037050044,0.7583978893027143,-0.34271388850011825,-1.4649118494834699,0.2273588690650035,0.0262748989676918,0.40667143894351626,0.08231572759869964,123000
1.8809756674306999,2.4316107830320735,0.9074778345648282,0.4948017242387838,-0.6733420136847212,0.034528854085770035,-0.20857192566563632,0.005984928598622527,-0.5599218441426964,0.016331769023420074,-0.6763337950385775,-0.7643304597757402,0.08638274823275328,-0.20577599104590474,0.07200624434466567,0.11011750421013454,-0.04200485814839682,-0.04225350147646383,-0.1232542988759268,-0.6699210736757472,-0.8931161939429825,0.42796254390859684,219500
-5.6228981923379,-1.1293277703472342,-0.40645477363835264,0.6516710206963486,2.572375529265468,0.3452413563862338,-8.081549384911261e-05,-2.3094309956384835,0.6617630093954487,-1.0309999901703604,-3.4227023805153136,-0.1878507194256622,1.4373740248028102,-1.8200851492675898,1.6117057074463117,-1.7800824927420815,-1.0065115916653415,-0.5052966632835629,1.3173227212961331,-0.09562844820097695,0.009653833428188074,-0.5437537274780465,61000
-1.681168542705473,-0.7706243336474412,2.1081150514558287,0.2713993189939814,-0.15999478269182416,-0.5683872527332914,-1.09807796296067,0.09911816722078853,-0.691750664940626,0.14189960259573806,0.19433817465681247,-0.28700761797713614,0.529456111877886,-0.0754648101024866,0.17601045713798666,0.40748586315631397,0.5696324993795222,0.5418849678536232,-0.23704495760274116,-0.731686677833949,0.3641212892468589,-0.25660189663604754,148000
4.220489852058703,2.3084242775867843,1.2325014670578165,-2.1204788002673034,0.4477477065147799,-1.954959585070199,0.06424884912709418,0.5997027219670995,-0.17940621610478155,0.2568552454192308,-0.28900022621821964,-1.5326794226720644,-1.1508333352704865,0.47757961132384696,-0.57772651962338,-0.26394149986935767,-0.35216285371944916,0.13181691866312292,0.8726478168737806,0.25477153220725696,-0.6930276308388676,0.22844474816720753,340000
3.372191629201195,-3.716780269873108,0.823463596537346,0.6941837162715921,1.2245267273898026,1.1818907445112767,-0.19034695339816157,-1.4263104078511344,0.03739116445018204,-0.927890449505032,-0.38202611795900854,0.7460448233728695,0.6449320087093797,-0.46522243026577276,0.7725775427132695,-0.45380457773392807,-0.04305159543190089,-1.683606568924404,1.5010548199029181,-0.5227186513295011,0.7203899128725856,-0.006420742382343687,394432
1.30452037780899,1.6311716980808033,1.3396270429771555,0.3834189820417519,-0.5513408308651323,0.6562728795083309,0.5089148775950267,-0.42240176081261555,-0.04429005798290112,0.3389311184957262,-0.5382189045125153,-0.3924314299719812,0.042706849550516256,-0.007355000795242726,0.24916100921351003,0.01478882339941673,-0.4558978089152044,-0.04116953264328163,0.8210289732045688,-0.20563805064946383,-0.4349195837869338,0.43257968582987655,179000
-1.9938558948340135,1.8793949152125131,-0.9707837582212417,-1.1976538974958733,0.24719907802674881,1.4347822487246777,0.7584907461401501,-0.8566838451044966,-0.9444579968018766,-0.7611347395773529,1.871602791817939,1.4737462911839723,-1.1173938480153405,0.6785615451361461,0.35664664147174174,-0.9825510050757064,-0.7741387701383421,-0.5531734955747584,1.0507822157169118,-0.1704403957482368,-1.1604894362229443,0.01983245172146311,127000
1.3332720954794486,-1.1529805934325321,2.174815540167284,-0.9741518632463211,0.041672279749380314,-1.7030993652734,0.11636762240170724,-0.03418456072695067,-0.8714014262795966,0.39934067470997886,0.09856909506305771,-0.7531144080947656,-0.603232749484602,-0.13669696084489763,0.4127321688456077,0.0699217533782753,-0.2805973619368959,0.6652631058255414,0.036754261542862064,0.4373312355108572,-0.7022238449737688,0.14352034366939767,187750
1.5041776322201452,1.6473914508363388,1.608658529151716,0.29919602604042783,-0.48376116767920974,0.4481189927070432,0.48924286150467794,-0.03294225238271192,-0.7639497988458523,0.2446604853188026,-0.7993907110694722,-0.66836876198815,0.660217767474455,-0.342235307735089,-0.08808755895332726,-0.12349612385860474,0.4965851539591384,0.4125311812020628,-0.39101420012911947,-0.3828138627694999,-0.421465393399054,-0.6242142535432377,213500
-2.735441026683538,-0.06508623927989443,1.2579877922550828,-1.2568078982096431,0.5330993878480068,0.5969337095239189,-1.5688718005672488,-1.0111973116347004,-0.8762906409405112,-0.3452142072914158,0.24825063192857602,-0.01266988251679752,-0.235503565071371,0.47012454279545374,0.724351232561841,0.06149254706993518,-0.5230769714917539,-1.172663702630873,1.94772411760966,0.014471882732078379,0.3012835195606258,-0.7334434412701415,76000
3.6016609482697914,-0.5596084953513739,-2.337418401372698,0.08327535739475517,0.300312845591586,-0.6363801899111329,0.02915307652119277,-0.06676941825205551,-0.16967137685401376,-0.1470255098753045,-1.3115240678214248,-1.417549846453919,-0.9239215560579267,-0.7919734511472942,1.2865147876554517,-0.34143251943910863,-0.11483319994807772,3.360244454623101,1.9127280599226546,0.1113950068810783,0.08838974200893573,-0.37866242849040593,240000
0.8424646056015992,-0.17341916572813237,2.696931299796827,0.16463486496335503,-0.25279302767626494,0.02863556476150439,0.9596045575089547,-1.543878941697852,1.3318620968177655,1.9081460776084347,1.2789194412863765,1.3616509277207482,0.2528312274848043,0.5937895939668609,0.513585169052554,0.7263308626837565,-1.3163408984098237,0.29978297360547734,0.6698903053618449,-0.7165526553567195,-0.9387647997251053,-0.43498102069629563,192000
-2.917073296581154,2.5619464715172926,-0.014059184675316942,-0.7225185474626868,1.8659777447489125,-2.2223572525139264,0.7100840853259324,-0.45110824426481116,0.6450347604466435,-0.6639461360587547,-2.590738459621119,-0.7459566823019689,0.3087758045609985,-1.3965282479272674,-0.18406625081583025,-2.061500799434513,-0.22874817395192024,0.5541130268947844,-0.548330035674711,-0.0758254153047572,-1.0902484328056974,-0.4535601042581727,81000
-0.6246535880043319,-1.5591654181370038,-0.44473236605850625,0.5469581913284886,0.30799976638974985,-0.06221866722593669,-0.05577871709894863,0.6965540574270463,0.09054229470587051,-0.08092789559602245,-0.07626291875298957,0.3629166436192046,-0.9451020074298109,-0.4883426422717249,0.26571010673593265,1.112647198507967,-1.4338275068799302,-1.252898266671944,0.031779884527704055,0.6383626356668969,0.35475549674356693,0.24828835577366373,125000
1.1832728978524283,-0.03910822184713601,2.2863810515393186,-2.4155019950822245,0.3674158061227117,0.2145162915582367,0.34006345750196826,0.30592343958700347,-0.19194808479291073,0.42767369414683465,-0.27087494540163576,-0.23508486534080697,0.14932460649065685,-0.1814172305250507,-0.44446213728080636,0.2573987569585498,-0.07739063045259167,-0.5056559582146442,-0.22204156664410224,-0.286642421395352,0.09656192731482027,-0.44607884169309564,191000
5.036089309348841,-1.1110516669666952,-0.46751820451823256,0.9646674905355159,0.42732540769302135,-0.46192997400608016,0.30045703922844774,-0.01706445319936099,-0.058333569550652296,-0.9186001906705038,-0.04047176677340057,-0.2785215306794174,-0.49794876427474266,-0.10643281452617799,-0.3704621129887204,-0.3556443457295051,0.3309206544545219,-0.532752108640167,0.36134125880071044,0.2608402269839986,0.24428164724932713,-0.0023742352844583208,426000
-2.977758694994784,0.5374065357011755,-2.570908341040473,-0.2726561437445434,-0.7493978643968598,0.17840536738311527,0.9980618682235741,-0.5767065417934714,-0.5600445603479267,0.39671603286343654,0.5994738641973427,-0.3290565670023828,-1.2331486033779369,1.4760100658450552,-0.625934777059804,-1.1814276111681943,0.8075733477935804,0.43977851778184834,-1.129274537876285,1.698250237424635,-0.0020566943760174945,-0.06886010798001607,119000
2.064561752374262,0.4877830900781024,-0.6776750191008329,2.174014112241626,-0.21240021706332662,0.10388444085938639,0.8337066135267172,-0.4432320329444738,0.01463189420192464,-0.5373979295652985,-0.8945687998144091,-1.427666872604038,-0.220394294794616,0.23675530145302362,-0.5449073684474043,-0.5289254354339543,0.2471296903192489,0.5367337273183262,1.476111326026882,0.4227041683989503,-0.4976252119456475,0.09118800455352549,215000
-3.671655221355487,0.30246638910690354,-0.1585716202918902,-0.21187067031094714,-1.3174445790777605,0.4964893772491043,-0.539718033117356,0.8199954523242111,0.2678284035660366,-0.06332911796100653,0.7554353414721825,-1.9043927509232714,0.680411816289979,-1.4051681434560164,-0.08210631375331776,0.5101642340851452,0.8104696976617131,-0.3875233251584925,-0.4072177556269928,-0.15210976211037291,0.38758365615630874,0.3543121864432315,106500
-4.15612859639828,-0.03534659857168728,-0.3507555975557966,-0.7699188431756143,0.9886906635316918,-1.6643021260755753,0.04322251665461203,-0.8564037815462655,0.7490309450745316,-0.6903376912741691,-1.4363999913608678,0.8052808077367722,0.2274415499950475,-2.0050844953847995,1.6208039941427865,-1.1416059758074109,-1.4540277979449354,0.9814296212213288,-0.5845838349076822,-0.8951832031883077,-0.7144101661032863,2.1989086160846547,100000
-3.083222206785427,0.3987574582401268,0.6761688836512463,-0.7519362165801392,-0.5758684812254475,-0.24105510064346602,-0.7779380971923324,-0.2889653344247077,-0.19331706042070748,-0.22556487050275068,-0.053923937034487605,-0.2724679960319896,-0.07135566582460363,-0.21923089958237002,0.20154296094582735,0.37417003159753115,-0.08644058708590752,0.5906934486882898,0.028988469220891478,0.5460380298180574,0.5889908040832826,0.07504505789371975,109000
-2.217524036847843,-1.6101437734269726,-0.65356541365538,-0.37928550212835904,0.49428196236472066,1.0731568960951028,0.5049567967942037,-0.1431410595413897,0.48909667830450454,-0.441314565745335,-0.24019517924825015,-0.16871863936013728,-0.08688360493426629,-0.011992932294774578,-0.8710688674384908,0.5884771355052849,-0.2574448156986095,-0.6438006965865724,0.3818447372599168,0.49459018113125897,-0.25180908823918363,0.061335538501569226,129000
-1.8856724778759708,-1.7502426741131818,0.6754672283454679,0.16657433265923774,-0.17347563431716664,0.47650908590555136,-0.532893631727859,0.4818791394068228,-0.3707258930414764,-0.0148044612835294,-0.3648533140008485,-0.3288351572124984,-0.09294191793482455,-0.24056890583951396,-0.20808599246102766,1.1132523229068685,-0.49789814682667116,-1.0295719298181296,0.937995633514036,0.5170193283530544,-0.12896875057106008,-0.5096472771487788,123000
0.17393317522047563,1.6834881909876005,-0.7795987911804503,0.08736322139303465,0.3602246119388427,-0.5938493347564596,-0.9763094684887507,-0.3821823491874669,0.3986591250480328,-0.8189866367059646,-0.6616642488730813,-0.26890634067448843,-0.10249663696237087,-0.3206264702078812,-0.4798404225943899,-0.6363329235249934,0.25000072172815313,0.36617942846844703,0.17143798771505298,1.0488400774481808,-0.07000687792170618,0.7463885136224587,169500
-2.8996487219204043,0.026325647104577698,1.4036009395108908,-1.6366899718346377,0.9849766713173287,-0.5415471594296013,-2.478001629970848,-0.9615571165051784,-0.6007399522089033,-0.2665479947396556,-0.8403696058945636,-0.49009660381330034,0.16959753758874663,-0.23188359994422017,1.0344515540747137,0.27761851282591143,-0.5651413994527525,-0.9165969071714458,1.224753289571508,0.2407226818846484,-0.05491189944794959,-0.3101692206402471,67000
1.1783879408022813,-1.3242673490366277,1.09874352400068,1.1953079393052932,0.5285645798928362,-1.0612279888846723,0.4391394058149597,-0.008805123316754102,0.3191956204710791,-0.5073646239350664,0.24007855027588063,-1.19267990040376,-0.5450677594838186,0.9001811978967715,-1.0818473428235769,-0.441852851994605,0.406642387127237,-0.3460210983552984,1.4465314456483684,-0.0559200495665987,0.5680999990408466,-0.4683347420035149,241000
1.0703547869187622,-2.0572086691749822,0.06531104586082404,1.9579747023404328,-1.1247723445329072,-2.0859366373666686,-1.499749586920016,-2.187776659489042,1.7699719698729857,0.6350841833078351,1.3508459637299797,0.3104003459360241,-0.7634669064572962,0.45795531403224393,1.4410640522872913,1.1945934745692424,-1.909154602804413,-0.010955499573372355,1.2262527100377933,-1.3007988688515892,-0.3151853683800332,-0.6028952745239463,245500
0.8091498819721668,-0.008368214286582791,2.3698557499097728,-1.8342577920506584,-0.06042508528886274,-0.6838632084167607,-0.5420306035532996,0.03143719218173885,-0.5112502916993441,0.2754389497056654,0.23399760471107192,-0.210483009060444,0.18699823397824944,-0.1855223165203364,0.12133699233770992,0.2240886447639126,0.12406134291734748,0.3380774554873187,-0.5485811873421909,-1.2160407713486023,-0.7073623153995181,0.8366669211804779,164990
-2.9835203134645987,-0.4169549415421436,0.9651092440874561,-0.6383347572136643,-1.6533070078967158,-0.1818214154792211,0.9066533343840563,1.1708080302411301,-0.07129293562210579,0.2432667452877577,0.36045560046788727,-0.3435855143061265,-0.8174834852090912,-0.2888286625003724,-0.3446004517412033,1.1971874423444089,-0.7141474783582253,0.2413844477995815,-0.5369170698571291,0.1044015299765365,0.8455633107943377,-0.2692490947498537,108000
3.8497302015977386,2.4817164248812458,0.5064696203848196,-0.4345144479981139,-0.31729400353137294,-0.26094006880502035,-0.7450028351994167,-0.2066239859192881,-0.06978245285069556,-0.676507043592264,-0.9228207903045704,0.2457991478030844,-0.05532200176793097,-1.0962466900453705,0.40088238939137355,-0.7262899881441123,0.09315781227314156,-0.2825360183114823,-1.2016500748070373,0.5847166271044937,1.4475663683166737,-0.12739842757330402,258000
0.7562829206325592,1.6498287367539424,1.1679951392965497,0.3797683078157814,-0.6509330610797612,0.35498872424516587,-0.31259319275055414,-0.49933576395323437,-0.39541991198871873,-0.02613734047919683,-0.49965708172922463,-0.5396104160735865,0.503825170795914,-0.18678486755305695,0.29308352659005216,-0.12110863608637966,0.2642437814286733,0.6661176271851524,0.07354340653794565,-0.8591216216529303,-0.3743979433057352,0.6501714602041947,168000
0.43064390584708095,-1.9739501096602128,-0.5242319898104636,0.15811612006308184,1.2891171452113976,0.39462871857103815,0.09008670113994102,-0.1514910655603544,0.041794217439566426,-0.2679182974478375,-0.49774975633882795,-0.546805345816626,0.09983841170406502,0.07348568054983305,-0.657699628609011,0.1961543758835166,0.10079712305066911,-0.046621564136718446,1.1333275099169497,0.22655096995127488,-1.3353315498300158,0.3755335279557151,150000
-2.4932119420657517,1.877117846056763,-0.6093132491613483,-2.2257337167197493,1.3776991989480214,-2.4180840439069207,2.872153686648943,-1.8941758848558117,-0.5575384385180917,-0.17072701330812323,-0.7869400300729057,2.4160822605713483,2.6043880612382937,0.7207083447512496,2.471773574044445,4.9695728000569455,4.482274084895997,-1.356785592513947,1.4827143505481855,0.8435606364992538,0.8216468363476741,0.33331078549064896,115000
-1.5450515736522155,2.689914705861046,-0.8225895916490461,-1.1144420444700267,-0.17570475973872465,1.1333214709688397,1.1177201939741952,0.18605692733463755,-0.8964668240861005,-0.3759950459143752,1.2845638587948487,0.7367352523987046,-0.6167488820214978,0.3377960916200596,-0.34382212824769404,-0.4310414962046214,0.22787003278395562,0.81656497860795,-0.626514015209351,-0.6567430310543495,-0.5655169056455635,-0.8424924529294898,177000
3.5965577457344446,1.7667557309789685,0.7383471666258455,-0.39887041838474036,-0.5794924401613785,0.44190688275994877,-0.5737540242191275,0.18791951788078,-0.5439870055783621,-0.26815796854942126,-0.769336160434048,-0.44175480503038167,-0.0010538915111047602,-0.5808618932392575,0.3858716388997081,0.17274488582521527,-0.0800367765731978,-0.31283727113954857,-0.2265741100200794,-0.31598866793952884,1.1015729951102857,-0.18126031829694494,280000
3.208217489466582,0.09153418201967504,-0.21241593913557258,1.6568619804263662,-0.07368466095954558,0.6073551621646739,0.4340152973266925,-0.6662852033204778,-0.1616031162778733,-0.8617641277935,-0.1742870806573123,-0.6682159648656927,0.4244136670945929,0.23767633323904877,-0.6178929446233817,-0.5251228921689389,1.0348222252981911,0.44274087710996696,0.3492195872469104,-0.6902812398021769,-0.1413404571513443,0.5049768963747506,339750
-1.945021238288296,0.08735545491383671,1.4756730766377864,-2.1912653831426945,1.019822319804988,0.9412052058679039,-0.6939993660515962,-1.0901984360790664,0.019705322791756845,0.1843786070004386,-0.9826989508934652,-0.01555166231124725,0.641967068238422,-0.29659252456431306,0.29379781072904865,0.03682773808633498,-0.390923576368332,-0.6631240708073766,0.9457223841645138,0.35399114945170246,-0.4676080729552286,-0.15229361949396006,60000
-1.0919588289073756,-1.729037683598214,-1.8131679857556748,1.2193693984510279,1.674722584971714,0.873724263434473,-0.8337379876234309,0.5141218616774621,-1.0896783373934202,0.4079075775753194,-0.465592829282104,0.3808259750840915,0.7964593707201109,-0.7768545022568561,0.8945958962501499,0.9868626015494739,0.7880008634582072,2.732006022236362,-0.4073247028618512,0.05376248866758727,0.18398364061184053,-1.3362726864216552,145000
2.3578665407190953,-1.4924537439501993,1.4056102909884989,0.1942767287220681,0.15025532051166676,0.2730964678355794,1.0131862355050263,-1.1721701916414091,1.0158010285674257,-0.6688226176589569,-0.16294217230901623,0.08070156589377132,-0.09144065640093195,0.002149399997066121,-0.40670862578783384,-1.1277681932589367,-0.03484002761482534,-0.747769257517827,0.8389058398405937,0.532795184277936,1.236968585399546,0.5128910190302554,222000
-2.7112444651150533,-0.019927184423006405,0.25729072940128833,-1.7929399271149564,-0.4591785780593909,1.8164176484580383,0.5449136170422555,-1.2494590249715225,-0.42062371113565117,-0.21372356716445162,1.2455997788079607,1.2789898337182868,-0.3834890665655452,0.23617287429367392,0.5933695416327247,-0.19553024082411433,-0.5628340447596362,0.3225097376507121,1.0836206305158107,0.45445422949618636,0.006836268246371532,0.481396352454638,115000
2.504871384748552,1.35143412590254,-0.509120043117758,0.5528312199562287,-2.228047883656061,-1.4815971992669712,-1.2554185433839289,1.6486625681203102,-0.2427025050277812,2.8850513584962596,-1.5756389018363495,-0.00981508453775331,-0.6076490139463074,1.6971400430318606,0.28629096015502653,-1.9827630830594807,0.7701881873199408,-1.1338301907924626,2.08717402051336,0.6799740282550257,-0.11127412150601475,0.23569323508551734,228000
0.8247848889700944,-0.06032110767766479,2.6281626331530434,-1.8377095051245018,0.12272535227085396,-0.5321159088104264,0.0215664699413229,0.4700065433340286,-0.5134030942316772,0.4946902888774678,-0.12334862871018501,-0.6247100048216381,0.053848309302698946,-0.04732814901333746,-0.3973026634131862,0.319553837551854,0.09161239380242141,-0.21656257693730946,-0.25484047610551236,-0.584445353175585,-0.42557351981827635,-0.4304794596458278,181134
-0.3876959880161028,1.1153042049587107,-0.05157819591207025,0.6297763328400278,-1.580502391313118,0.7316474719273277,-0.5158958141850276,-0.3543373745597586,-0.2774229281758523,-0.7462694846973138,-0.11719473028632674,0.29898112353496503,0.5935800278610569,-0.8359702781536803,0.12677791692764787,0.12055295082023731,0.6053536196092338,0.791671162950229,-1.5003023822934838,-0.20167578551913282,0.6937987681856964,0.9980047581655241,149500
1.85944507248949,1.2395386296587059,-3.297675336917432,0.4397493081941189,0.4278051047973438,0.15766351680535948,-1.7647942415235849,0.3429260976748742,-0.20921739498092334,-1.4234951316665128,0.11018752111167847,-0.8167039558975958,-0.880987161963064,0.24983835420603445,-0.24008372205597325,1.0258648110424613,0.20314247997978596,-0.12187359146692305,0.05891667389618392,-0.41806802959454764,-0.3333480013362898,0.5384963041899276,239000
-2.477022172257194,0.19989295105357924,-0.6652635114498865,0.7254130659422536,-0.2982000848357185,0.650585837756084,-0.43665893677772516,-0.7027753730684264,-0.25743456862296954,-0.7586556711754915,-0.5561292275510182,-0.3248015293834587,0.42931138460710827,-0.4610483877303104,-0.10419849891782085,0.15109909132918686,0.4133890669945598,0.3467099126009902,-0.8194130389620559,0.5226190849557726,-0.17210188176539157,0.07264915393658203,126000
-1.896816062345213,-1.3753951405172693,-1.3082347308406486,-0.4931743297824235,0.21682930558206984,0.5724948757652136,0.7172925790633277,-0.7376123537058155,-0.4003790120958189,-1.2811921712690417,1.019959055725523,0.0887643048692925,-1.0713323475377055,0.5499385002266378,-0.5521359572667485,-1.0165429701545472,-0.2824531371597831,-0.6238158963117058,1.4844464512075313,0.192125672958801,-0.5402741333613889,0.024369677396182524,142000
1.562663294146734,-2.5291511211997997,0.18012915008091043,1.8577917572231153,3.9040250029463226,0.14245399292059804,-1.7788753807340287,1.217390221024542,0.5386616911452182,0.07039548802386732,2.0671705433920877,-0.708963403104691,-0.5126607621953067,1.7896705656135734,-1.7828702412895554,0.9516811098069513,0.9392029259491808,-0.5612512245503775,0.031165299878104357,-0.26645574324994925,1.329362378705496,-0.06615923303008323,206300
1.1527020706500608,-1.7207462980312855,-1.0244185940245238,-0.8708997722360818,-1.0578362898868408,0.13954367993236574,0.20145430215575946,3.214632527107404,0.8824675301291488,1.0305448615641548,-0.16274662009845617,2.4598153776488134,0.17853869584698798,-0.6169462593434594,-1.148987687625779,-0.18682388290364424,0.3899291056673023,-0.19617692251019064,1.1296722966902402,-0.29794543044675065,-0.8059897320782041,0.29798466183814215,215000
-2.0111539577801345,-0.602742385592407,0.6665693199415373,-2.323633742054717,0.009431757726134275,1.730204758027022,-0.3014980057361875,-0.7177920567103013,-0.27978848858324146,0.035371134409434304,-0.6595067155109331,-0.10860962337917617,0.9989034176184711,-0.5196500341089232,0.17443690196138503,0.33830712672408353,0.48951864583719623,1.2516245804029007,0.31844769882904905,-0.07650186149389661,0.7563190548292525,-0.2423920077128036,113000
4.327216645458286,0.6261818046819979,-0.815575604937521,1.1665385485107578,0.5757036665415685,0.6417961139354529,-0.2665933737282147,-0.5332851396941278,0.32393762179799634,-1.2586517153670878,-0.06225928189286376,0.3399282945667344,0.08524205646677474,-0.14477659179513008,-0.5519072109363867,-0.5027263119553015,0.7061622236443127,-0.8197610483947083,-0.6029083715453549,-0.12672857464751738,0.4569180563591285,0.38344057107737417,315000
-1.432589230857167,-1.8202946193821916,-0.2870042215392272,-0.6701116195133432,0.43751423017518526,0.13951232960824192,-0.2857688467131537,-1.058019838963064,0.16192654262242054,-0.7404121752673973,-0.0795812086059019,0.16367769793247414,0.08358669052572798,-0.3578991609174321,0.19864382300399563,-0.10587749322090127,-0.12304543908467754,0.2648931735565,0.36781685191470104,0.46539688580971345,-0.06746612423846218,1.0369499707108663,139000
-1.0653609808107445,1.8508022118159966,-0.6345351557979528,0.17544602256535005,-2.2645698795040845,0.23963342260478043,0.7640905186136279,-0.18684431390607195,-0.19143601496694268,-0.9871973547016024,1.3802673015618532,0.3502838756481633,-1.545886493436629,0.2636275758455948,0.343628304729484,-0.11333340577962633,-1.233839381775569,-0.6694436286959032,0.34480388110633664,-0.8765031941063202,0.2246616669150957,1.6318101101209737,135000
1.4883716804787597,-2.85287481176827,-1.9723656102471496,0.88555463022894,-1.1106170408057014,-1.69709822558254,-2.080390580508458,-0.9493662231717502,4.319570995092167,1.906334040812736,1.2597739732209718,2.9646290616256423,1.1439886881272598,0.6767601352933891,-1.3503277532087672,0.4244775432420511,-0.42022552442461586,-0.5847547705865442,1.34247463877225,-1.9714850810294482,-2.044723089193503,-2.5807327466872194,275000
-2.9512019255011843,-0.28433616148672686,0.28818470874179275,-1.3442848526918343,-0.2491449679716893,0.5404418348785266,-0.5763731904048239,0.06487254701302317,0.12623977888531132,-0.3309421777067938,-0.4896644374562501,-0.45730328793468605,0.22929350103858667,-0.31463859262031724,-0.6450954365893649,0.567965387349172,-0.016994205320880522,-0.2419507124246944,-0.07902172097430764,0.2381262577181943,0.1265481528265247,0.18954289244677278,109008
0.7446269650141982,-2.0345096374746934,1.653118315588708,0.1521117642054544,0.48376244926911327,-1.0275447916792282,-0.09786917855096976,0.41316286641565564,-0.4724740287952853,-0.25398354744153345,0.17117518516944583,-0.7306835426067195,-0.1847393084988966,0.10728740216789548,-0.5658860916245547,0.16952555449627682,0.32713647287947806,-0.48794067034030664,-0.09905449823526936,-0.43116588670146105,-0.06784359551747013,-0.5435590601744646,195400
0.7244652944500459,-1.803874553150869,-1.242021834559003,-1.5406954783775277,1.2287383352807466,1.726851724001999,0.7845457188677697,-0.4732527796974786,-0.893457309646673,-1.262137207035072,0.7600396210138232,0.15851792520393784,0.26334528843300037,0.34868240706856596,-0.9457842509685079,-0.9409245671836213,0.7546921473760613,-0.2709532468127896,0.5812072567723889,-1.5279903499584069,-0.903459594720642,0.13228682948879714,175000
-2.3015722973436126,0.812116465401329,1.3943666813909672,3.34269911932238,-0.3540143119862028,-0.015355253592441423,-0.9581763384482578,-0.6356056105315829,0.03422726647120644,-0.12941370759161613,0.1417169517065871,0.7745382213523365,0.2988459816873968,-0.10051174038711072,0.9269167044736712,-0.005409548206623311,-0.25373377145695136,-0.46038221560912523,0.17248879120800745,0.06583971691597368,1.0573701909056976,-0.14083596237001417,85400
-3.06892517234576,1.7087404477020212,0.23130471817499276,-1.162089856891939,0.4985934363016746,-2.463196869923295,2.1183030877608044,0.6955361355174301,1.5517995721485216,-0.5512571380047401,-1.0544770307276181,-0.45242050670345074,-1.0899844203081872,-0.8159283133676735,-0.7654882548050984,-1.1282759369294284,-1.2276046726576701,-0.28647547563669457,-0.8072895176280036,-0.3992609472910877,0.26525487847466617,0.15926158646461852,79900
-0.7975785327931576,-0.0019882003719522896,0.6944397585419471,3.5571203751591898,0.20085405510304113,-0.44717313156969674,-1.1714117971604054,-0.2752053627818323,-0.6163538631559722,-0.06142905379786364,0.061944285294973374,0.752425741121392,-0.26350485624017417,-0.37752759834636795,1.2104985912878103,0.4219329575918834,-0.4013283306528948,-0.5364624467386879,-0.44378654699122105,1.5360896245605171,0.9805013861015047,-1.0451261520502584,122500
1.1816583579258821,1.4560691206164522,0.9378354543949107,-0.41562335263622685,-0.5028253834827549,0.6258112838057351,-0.21240612246615512,-0.2888188403938907,-0.12270599003545749,-0.18841392779477145,-0.6977231316476407,-0.9494400279311787,0.36592717531907376,-0.0013032673519535398,-0.08718950992336284,-0.0017077580370136961,0.02194136670591982,-0.008350819717572998,0.554101986415664,-1.1443448652359554,0.12623957473722325,0.708200975747276,181000
-4.93955812820978,-0.9130974668343497,0.743177777971846,3.196959292113282,1.4421929888489038,-2.2098991518830906,1.7286309600700223,0.3367765524068096,0.9687315009149325,0.14441951113949653,-0.14353098693964805,0.8844727104023055,-0.46330336342133793,-0.7186766071867863,0.9494547251157585,-0.6420322874203176,-1.4782417140490682,0.5028845970579576,-0.6158640449597994,-0.7642609607243666,0.5322330564036151,0.02839178741008986,81000
1.0977396498422676,0.034615557272491056,-0.6226665835110757,2.2703713584441787,-0.7633449684441411,0.7605499870395871,1.216757717596808,-0.3963300874758868,-0.4531311825167772,1.275933886358164,-0.6137678550278254,-0.650445613237943,-0.28809503418560767,0.9274351456643792,0.4247729443359684,-0.3783036723990687,0.10196699930956492,-0.020234975901438714,-0.2363509581719966,-0.19442088349762202,-0.5449253814526106,0.5893614758521274,212000
-2.9826369109535467,0.7068612601134445,0.6318782953050595,-0.34628594478042124,-1.6557652364917959,-0.9290114100281425,-1.155321639465333,0.46104304883840413,-0.4451310392229259,-0.42058033750369545,1.214746340010959,-0.12093951475663269,-0.9055072327083973,0.1808039623154255,-0.07751272138389889,1.2249114914379544,-0.08306894385467069,0.24569178931162014,-0.9100687658734501,0.609486064294156,0.8173380692669073,0.37569597755873924,116000
-2.940941878093296,0.02467753562793173,1.236781588917496,-0.8145629278703231,-0.9720220628434076,1.0357181600432275,2.1012691322039765,-0.3896753419795998,-0.3252338169730348,-0.018971604059553948,1.4063167951208357,1.0987843861641569,-0.17074313619484582,0.14047394777677938,-0.2018923272844701,-0.44274158001201297,0.07143659225735337,0.794065529108225,-0.364235091942781,-0.23894874087838053,0.2335165383245653,-0.32304078079913795,119000
-3.382125645202271,-0.57987280929671,0.4004663574832559,0.430191342880994,-1.1968476714649618,0.15924741736236817,0.29285056458224973,-0.2744357699786669,-0.39424009566403123,-0.40915135209163284,0.7321010198270603,0.5305817809414318,0.1044326190754648,-0.3088622849752917,0.11885284801725224,0.1658179857471224,0.1518259820954355,1.0424877626694824,-0.40484968722823644,-0.3714416000038743,-0.28674710054191244,0.9632623319003216,90350
-1.756227870744872,0.9589832035133815,0.2151077023812998,-0.6390516198823528,-1.6945851528613924,0.4125188807799875,1.0512571238571402,0.969246540302237,0.7037400469360363,0.16274768965379985,1.574014482038838,-1.2393190606962694,-0.6182834230457415,-0.216858204740552,-0.5950081744854473,0.7307424910221949,0.26246489154280656,0.005557414166077662,0.11319884208251577,0.0827309946594369,1.1073885783911497,-0.02757618670850365,110000
5.551156060283814,-4.202467061738656,-1.5535218490394958,-1.9163950015085593,0.6701675335581613,-0.5626390202428301,0.6544237151778485,-2.5197371065357643,1.8958059743331777,1.7039233640934726,1.0759049565496697,0.9555427969669323,-0.10893815497482742,1.6600336171961805,0.10694620225294264,-1.1583907650308274,0.32282720842455404,-0.42000373282578307,-0.7325212906169527,-1.0428326950209508,-0.5470362982143662,0.8390166047820677,555000
-2.1469372704172303,2.4253047545791997,0.07148080268930743,-2.004228955007179,5.606920576392573,-0.7804179905838802,-0.7198530180407624,0.9431855922640667,2.3144110055892573,0.6404928253324954,-1.2339863332587029,0.17572425942274836,-0.15897969832439313,-0.6720221691606146,-0.3813884405582396,-1.0327903238066842,-1.406422714201784,-0.5308240740896416,-0.7667691300829728,-0.24991127493574536,0.9653946020209506,0.17411449713512817,118000
-0.7788556011714621,1.2776755405261757,0.7455627937200378,-1.0623159088707332,-0.6814840668262051,0.19326778853184703,0.4980862598338238,0.2496590628797443,0.1791457276141555,0.24554923745920823,0.9511216590863073,0.33859588739611934,-0.5499681309875065,0.26325933861424045,-0.23961384368233563,0.7734683967581355,-0.3745091976622233,0.6024040016889832,-0.4573137752934646,-0.2578869477036041,-0.31852423051937667,1.1152455068291465,162900
1.1511554860961206,-0.14765830358316975,3.166925158664277,-0.08850087094692666,0.1225807971438399,-0.4740705820168349,-0.20013817336671372,-0.0244188010141751,-0.6899352698204424,1.097777045937621,1.0048070469438843,0.7528962366801567,0.03695524824825296,0.19995520624805163,0.886790442313925,0.5513319477014758,-0.25842192437331746,0.6183575958480189,-0.014185445731215728,-0.4106874487321448,-0.11570158187855929,0.47050744287533464,172500
2.1730060040043977,0.811905179173351,-0.6781698503773692,1.6330040027151203,-0.007704076819900379,-0.1263955777300946,0.24599038472990578,-0.16673351961403388,-0.2544271812371591,-0.5395917954656311,-0.776710040699548,-1.176576921241952,-0.2533533589251367,0.07015205495002785,-0.549294967125211,-0.17593844240716103,0.1752517043528205,-0.024748472509764016,0.5717425520648487,0.2750194636254821,-1.0656529796896705,0.26750294038582056,210000
-0.58745409249407,0.22876884703675548,0.8585578033801003,-2.751907353063885,0.05408124924320887,0.15714540055523343,-1.0274759145465657,-0.47577404641128296,0.2559023145584884,-0.06737417259363174,0.07957798650503406,-0.11444065337360465,-0.6652005425197949,0.14011977097834924,0.30046297665057503,0.7948609008672579,-1.045534906555683,-1.0217032416111267,1.0307160035653842,0.23532014346706182,0.09243604248101843,0.9967310262849316,127500
1.1496955566244758,-0.8878566746780202,-1.1373297668037918,-1.921770757153316,-0.8977438284556299,1.5809689863421243,1.1032156523164607,-0.5074871465970282,0.046452740535448185,2.151227667659428,-1.2237836935956181,-1.2941185836457243,-0.10490439501688928,1.909792127613456,0.3639529639435154,-1.0355309001161699,0.3634036987409276,-1.1268909446165414,-0.3441221106066886,-1.4790092318530623,1.428023896702516,1.4968466054675027,190000
1.6752609763943769,2.2773314398088362,0.8620398935660581,0.11397140312825012,-0.5345532067715488,-0.06446274273209264,-0.7241833109325243,0.1305274907770955,-0.7998662406926685,0.02340826477782762,-0.5819241472808779,-0.571358273133537,0.1928629039720834,-0.42381758045995427,0.38999015034361756,0.3309728410673295,0.026157293050576718,0.1371421353060476,-0.6562438164508289,-1.0429616822260475,-0.9303934445782939,0.431211297070644,199900
-1.6246971934607077,1.566846729904484,0.18621672081651258,-0.7318838494400597,-0.3136526019136148,-0.357516293830852,-0.9638826260537972,-0.16993514046078978,-0.36794385774208405,-0.12774932586843377,0.24956051662205725,0.2258562712777716,-0.12469347078071324,-0.33381108831474343,0.5008521697525783,0.4888210938069846,-0.2523829714500656,0.862739117828474,-0.6974248649310046,-0.16852216800022732,-0.7065907980677909,1.197016628978,119500
-2.317520015359748,0.6731940996165119,0.4546351189790129,1.2057592284564942,-1.7753838668863575,-0.8527081552315371,0.4861486469915463,-0.19711831298177537,0.2119588869449546,-0.6239530929242179,-0.3759719500598833,-1.1774126680506365,-0.209730666225155,-0.13467329340310538,-0.7012503183985088,-0.5498435120724631,0.6089026518666352,1.209716625119364,0.1186583439837136,1.2335883363598543,0.7724285195827364,-0.20367701959411888,120000
-2.3972650074476216,-0.06328764611516975,1.2319896444503102,-1.079386848756569,-1.792305940607591,-1.3570733581381702,0.8521542855364782,0.3998127580733345,0.012069214909841086,-0.38914487694505895,0.6593810423573037,-0.6162208156411609,-0.5294630230720571,-0.11892385803183154,-0.8590563236518165,-0.0379450042651405,0.4967000508698381,1.3625795192105812,-1.0290006947456791,0.5192436872924977,0.9939528572581219,0.21293609825446844,110000
2.007484482661538,-2.2028290539209356,-1.6365164380998924,-2.0912303715072396,0.6478824745384697,-1.25680833289884,-1.5853400273515785,1.0101625481486303,-0.650452418952688,0.36785661234968486,-0.4821347152850162,-1.1191710075174628,-1.7550141856075987,-0.8653164184176353,2.571145498285834,1.3207759087761046,-1.1879828990012413,3.032792158871602,1.8180662072591982,-1.780623404088755,0.8665474318946466,-0.6323167697083338,280000
1.4440615489179112,0.11674104407106656,-0.29914547348447,1.753923271552688,0.11824662877652253,-0.27909398760129256,-0.050017033456155865,0.14154410256342226,-0.574910235692344,-0.7216672610845384,-0.9287160405369363,-1.4898528220477858,0.16876149579678051,-0.04618148483831878,-0.7973205251050773,-0.2308574685529645,0.8010861124905411,0.040898081908601926,0.10756857933329149,0.19231185754533503,-0.3171602535369638,-0.7737490463546788,204000
1.2094271802053496,1.5460676122138846,1.8470958417587955,0.6040494727071539,-0.5884810161396852,0.8925781041270133,0.673531693079648,-0.19421302848213193,-0.11483844565299937,0.04956445548721118,-0.5031274213352143,-0.8104206636832882,0.4906610453870982,0.28871556693040484,-0.47749257462988914,-0.11183237407615998,0.2705034843580058,-0.42784950768730534,0.5206919315468606,-1.2614957342201765,0.13971275536580088,-0.2634394976219005,210000
0.2913141602086921,-1.4854109736820957,-1.4908121855132266,1.2728190021414283,4.824220683293715,-0.29902278567749857,-1.7981035517201227,1.1566568535987658,0.49068553576097373,0.11050844398846413,1.3035607721133482,-0.5217295986698636,-0.09044117534753071,0.9985286453317068,-1.8582586824669454,0.5422246327995285,1.2581716733539112,0.6111958532026205,-1.2916564319765564,0.4259447230747418,-0.9964343869083782,0.21859590995662068,188000
0.2911837027397569,-0.8790918558782326,-0.29596009347187713,-0.3102408119052322,-0.7580880844067996,0.015509886139023857,-1.4098443450881746,-0.11665473762493002,0.27450001840378563,-1.2957647869857514,-0.17377808447921572,0.1845469910661586,-0.05112416821468467,-0.7925255799307104,-0.09068735648632806,0.17859543523038046,0.08217348928973456,-0.9552688671601154,-0.5614996759760323,-0.09104196597087554,1.04938287989983,0.8844775009822508,175500
-2.338347686440618,2.0004560027755813,0.08826807397543185,-0.19618981869438654,-0.0561073612009863,1.2991479007328435,-0.9688459111060026,-0.6903494633202903,-1.0650191074986863,-0.26952007537805406,0.8027092101646504,0.6065917192658327,-0.05718148140487898,0.48242773571064446,-0.06260891734561805,0.2971173584904834,0.382646115080086,-0.11440619959769727,0.14018140007765498,0.753152666996006,-0.722210161151598,-0.5649855526064675,98000
0.6363718057896725,-2.9395314259478162,-2.7668750808135525,-0.8733153127601774,0.044513810333634385,0.44833498774686625,0.6956673634614202,0.2417181718736818,0.02564147948290747,-0.020617479993081413,-0.634520790589779,-0.4985008517919305,-0.7484374472738623,-0.983971987076768,1.0860844743178875,0.5560135725655593,-0.2296538472170261,3.6652278347148806,1.5401093475200436,0.09739385865880856,0.516634335982321,-0.035551795868653896,256000
-0.793770496769254,1.5331250265768137,-0.061180223767135895,0.2584632924726742,-1.4788193115872408,-0.30338710497048016,1.1771843950251941,0.38578368907368904,-0.15533212252628342,-0.00026344621304261954,0.47310305680231013,0.19419668647042287,-0.9262431405681869,-0.1876563723242688,0.07493233076938464,0.6394477397576864,-0.8130440526468581,0.4818579234107076,-0.28824114444499926,0.484775808021567,-0.11679129929082592,0.7983095285931064,161000
-2.5165496157345295,0.0799488036997653,-0.9311518669368568,-0.452804839913349,0.9429327460522436,1.053055812405858,-0.6692252759943182,-1.4305427528757029,-1.4384369341297294,-1.2713451470994537,1.1524562356426746,1.0199642769941797,-0.8139573130395437,0.38954475840843433,0.8767678342183853,-1.2171532380399268,-0.5833439676146704,-1.2139666126470556,1.2278233770391525,-0.2213453866520831,-0.5156439863687297,-0.5429783489522733,110000
2.3027826150517647,0.7110122976688399,0.4633613646850528,1.8983070600689642,-0.17289763505785646,-0.7019507460223673,0.16148722159051748,0.008994138975156113,0.19502412572774896,-0.9654726115271635,-0.4861570871956759,-1.8869760055234766,-0.6266710205752516,0.8037202722043185,-1.1213713831114873,-0.453023194536063,0.27174639581590254,-1.2501273586166561,1.2566875789815457,-0.4547022773531913,0.6477118020268174,-0.578812022843277,263435
-1.3586606183352743,-0.6537884548012288,-0.9321057799273054,1.5309473793190236,-1.653401830001755,0.8292931860207912,2.328462783417071,1.2390587305781777,-0.3862344796933219,0.8569212333175027,0.7302648037144243,-0.13233394129426349,-0.9189749121655038,0.6963129432850921,-0.8588916257969315,1.1163624738469897,0.016792024987192698,0.18659952451465303,-1.5515958114033894,0.2870206857155926,0.37527053063482174,-0.18212913750058346,155000
-2.7285768221131828,-0.6502947340748438,-1.2417700629179578,-0.9021305756538389,-0.21648789775133465,0.19099436275113407,-0.9443061620596809,-0.42305228619624624,-1.4179693398322128,-0.2545402028302762,0.7755414346645908,-0.18433443258468338,-1.414020111229439,1.313421520766036,0.5371822862317339,-1.2407930564412664,-0.5269685561624199,-2.228471441343982,1.207631813111911,-0.9516936204033013,-0.25384159172772713,-0.05653432054044426,62383
-0.9676195697424702,1.5025459528627785,-0.8462542462705579,0.6421393970339356,-1.5541485786962013,0.2037974589736607,0.16880808766378835,0.2475010738426424,0.2568483604848596,-0.745689411202302,-0.008247118363785154,-0.42684509791375147,-0.5428506190748233,-0.20018696483238238,-0.045019670547117675,0.5173210727840534,-0.44644455836347685,0.05318711733545822,-0.12268903093007823,-0.7698707891904251,0.5710154990984635,0.9585117855407493,188700
-2.5397871166051234,-0.028189277349458246,0.5325917108024992,-0.5146401199137666,2.014871596784226,-1.2175260786985218,1.281387050348677,0.46646851786235155,1.5332044623017285,-0.5165012766726118,-1.766858799945859,0.04972541179716637,0.027640956848499564,-1.2272629403354498,-0.3042788049477092,-1.1637225449763795,-1.271812775748159,-1.2170422908017864,-0.190337689932958,-1.5778124760349663,-0.15095021905515535,-0.0007146070423076737,124000
0.7281498544363452,0.0935216106109294,3.1336934276991117,-0.16030076897432083,0.25713600223130173,-1.0818862976552104,-0.09243396142454456,-0.1465811313435236,-0.7718441433814679,1.1264909537603498,0.9233123215154423,0.9045625765812417,0.07899512520001215,-0.09849370810671312,1.171011596943134,0.24666566783852212,-0.29157722446616274,1.0293397769223052,-0.4994967116684912,-0.288437455739331,-0.6875643278657028,0.6093173272578319,178740
-0.25065161764988925,-2.2966808464541493,-0.6510715788338947,-0.7970715994139009,-0.2618869178321959,-0.2078760507269794,-0.9744443167159638,-2.173140950709878,1.1828511204599779,-0.1625134785681842,0.6571239851296188,0.33949578711827,0.8015150190687376,-0.08049990029794556,-0.2705067120638762,0.6749023615109723,0.020803785493150793,0.582806467210479,-0.46502939447696745,-0.8109648019793237,-0.9635370147935548,-0.34248520702987056,167000
-0.3371042604579753,1.1328143126916475,-1.3442636302619224,0.7610710211059721,-1.598603431495849,0.30661074930002424,-0.07772798634429855,0.2598953601025824,0.027871347990380924,-0.6709401791392238,-0.26380243748567495,0.43079698448228476,-0.43712371757725965,-1.1061606190778652,0.7033883346708267,0.57798024605743,-0.8332527185986741,0.32872209441873035,-0.8889344433494157,-0.04063339002885634,0.48600484131408483,1.525988246120988,146500
2.7069740114799186,-0.12579770852927627,2.312675807948299,-2.857777301039647,0.16922492395316913,0.1948733161030157,-0.07718588623139742,-0.37356657321885944,-0.10169946145612695,0.11036847857731043,0.27933662558178546,0.3079209539558415,0.3660274966589499,-0.220779360203764,-0.11749247891531794,-0.17233522063767145,0.4442639460593795,0.34880771176415765,-0.5155216868846699,-0.6379690513191916,0.49977592865677267,0.6518202869493926,250000
1.0146259292140472,1.1881130105427244,0.6113993533096275,1.0587927170255083,-0.3065868548087742,0.6100649281071088,0.047400999640844405,0.11054779577194401,-0.3322415125516705,-0.1879037181764925,-0.9239037726137899,-0.6655617240203282,0.4034255672370149,-0.2828083857060925,-0.35643140637216747,-0.020279462236320645,0.3167891823278866,-0.2289042197036397,0.18202539277553978,0.059135241932020396,0.025986659513062924,-0.686863742354426,187000
-0.08993483182895978,-2.4664050054371613,-0.8683214404821401,1.7378158906788774,-0.9505469973823741,-0.0919985416691054,0.4802547668318783,-2.933344717376465,0.6352141533480135,4.382025956505957,-0.4575896081028689,-0.7719654445144649,-0.14558429277846702,3.829160590093768,1.4534456065675674,-1.8525344661320355,0.488091620477038,-1.7355796609947245,-0.8436251665005706,-0.5116907787378188,1.2983881593703326,-0.3474061095045862,212000
1.2302984370590646,1.9981298249250423,-0.647598732895689,-0.5408462624666536,-1.879408285071366,-0.9583160417458324,-1.9193973122232035,-1.9180861725057428,2.1243032345580417,0.39199307282141127,0.48334819023526104,-0.6638123466353839,0.14258604917264706,0.4580080989348131,-0.39137928080936696,1.4153214195449373,-1.0655317907369022,-0.3953914451983106,-0.3968893972451412,-1.951682740480232,-0.6589855241861062,-1.2557982665844785,190000
-1.4037697756004883,-1.2046678756825446,1.8958743676884227,3.21375447105006,0.5311269332061255,-0.37476452128938126,-0.11805239236508529,-0.20563067111058356,-0.2752237417435471,0.3541130902641751,0.8755806059493849,0.24265603749525438,0.29565371625082254,0.7388634469689976,0.14340157194095987,0.25496247427208946,0.42815449160410063,0.384102630155328,0.3409883774465085,-0.6328808100959934,0.6444844359449055,-0.29236397788431284,148000
3.90310009795606,-3.1321697409354514,-0.027858573717923312,-0.9327809953655197,1.0490311904615752,-0.43378515683815905,0.011661063279946551,0.4712817666305639,-0.38218042997337986,-0.5800121347516374,0.24691512297123855,0.21823014577568614,-0.24069209454692073,-0.5442585450185774,-0.18337227089335564,0.2194405510382483,0.2938558475617215,-0.12971781839044283,-0.3011887676958388,0.017081927782853362,0.2327323230755435,-0.05282618943492604,440000
1.0364266871790817,-1.9750874996930816,1.3197034682206263,1.8661536857946377,1.2409364046020677,-1.5301100146378155,-0.05999960986358639,0.31673784774762537,-0.42862918354596274,0.06186384407117425,1.1044757020063338,0.1785741609188814,-0.28617716751303046,0.5438528009688393,-0.11579947673450602,0.173609676614521,0.4004341614039228,0.06693270349012762,0.04283996985897075,-0.3482780603543708,-0.6554819922887997,-0.33637684653662947,251000
-1.771885372732404,-1.984041288455917,-0.5886444089158958,-0.46005819381533253,-0.7207840112354881,-0.564707106313481,-1.3096581313949878,-1.6281886927176203,1.346928728463852,-0.1567292409109645,0.5834372377272221,-0.47062648307376004,0.5089829362527327,0.2683334767146248,-1.0671910410726684,1.0648645770910232,0.13255453051645674,0.1706218489523274,-0.5675887219839256,-0.2778985844185467,-0.3861054232602739,-1.4481127887144916,132500
1.4642969405732797,-2.1234568796719575,-0.012464657538555194,-0.28058335214469704,0.9965270036710636,0.4408929116483283,0.4113044081407861,0.034475478806031856,0.0047429972730558085,-0.2175281840744639,-0.1420387177324283,0.3005396158369491,0.21557607918850566,-0.4827293667856412,-0.34506068760521713,0.1011698884052139,0.2198402121774622,0.23728077948139034,-0.2574438405639173,-0.1124110000324905,-0.5759281530776802,0.29143992450225176,208900
5.999791455589456,1.0500594470610687,1.649460223014405,-2.1414375112186397,0.2697769304255003,0.6348198582999501,0.6164323215302207,-0.2904228174677738,-0.2811530037871017,0.41647318381992915,-0.46858874892504426,1.908706370997392,-0.04277959104830453,-1.6715431616537684,1.3621996190345251,-0.3951279156044079,-0.5375723956646137,-0.12408878799250837,-1.6511173269870771,1.723044814808171,1.5225084010514187,-0.7554399558024008,380000
3.296086017574913,-2.6717214159352483,0.17375835982310284,-0.10978989339579068,0.972998679150202,0.012465909231868053,0.16923798597219877,0.5597168836011359,0.14074113611093408,-0.421998098853873,0.3287578098165283,0.2701632698627391,-0.5749006809824477,-0.09290883269698193,-0.5867628712636589,0.4968832941488268,-0.2152449705690225,-1.255663357720137,0.2660052990033443,-0.05178214611105589,0.02715195367186772,0.05547443803918061,297000
-1.8318755935297246,-0.4206860858927576,1.3007671406909158,-0.533727070547087,-1.0422438731611494,0.21885335673958176,0.34813629647719974,-0.1672484148802452,0.3171602270151004,-0.32286411623990147,0.5867612456686448,0.8639471941787252,0.13675815354706788,-0.5215148987926258,-0.4282182012099535,-0.09205967824366941,0.6752027577924191,0.9069994117295498,-1.3566488984040355,1.176805210719969,1.7991569553230304,-0.23527195065916726,89471
4.488278455633593,-2.806477657450542,-0.30672525237326403,-0.5823262226151356,0.969193984372683,-0.32786536360520546,0.5896679712557905,0.7266003193876709,-1.018718822753508,-0.005986030874724796,-0.30625892118177966,0.7282980522652324,-0.12320968413157699,-1.3801548354848931,0.1686587122401282,0.2611597102389004,0.28399555899823953,0.6800742595291919,-1.1914204634676093,1.4612235943051755,-0.6246117637255004,-0.7432657944716723,326000
3.723840628293215,-3.3372219508502705,0.15397566848446356,0.3206239578665867,0.9328376818080396,-1.059369507451508,-0.8037572153943364,0.438452776221957,-0.32885359115701035,-0.9647632760384792,0.6999830285431344,0.966198753735635,-0.37342439344398703,-0.7681567654175532,0.12229478819119793,0.07586417464508696,0.40546003644369105,-0.5399376860048809,-1.0167923402861452,0.10925083004304398,0.7000993483815071,-0.059823671580094544,374000
-0.5550662754430986,1.5596932621399537,-1.1582579150006833,1.2198141040907489,-1.385517650011336,0.34210536920042767,1.617870036286858,0.04169981970653438,0.5922510864976649,-0.7415845621288469,0.7246315292231166,0.07263526659947404,-0.9964233301437022,0.21203710313188348,-0.6964393976760309,0.46323614245837286,-0.5056770287125064,-0.2668725008701538,-0.9459766214099421,-0.12666893413548405,-0.25295307849943777,1.23761969598916,155000
0.03797937600041253,-1.5788751710580224,1.6808707083585177,2.0071851468293676,1.019709541416296,-1.5743109921435954,-0.272236352559537,-0.3322404177436401,-0.31370443930335296,-0.018859723819207225,0.8324839581404497,0.11278904486687188,0.22301566134742543,0.3864454825642162,-0.2092841027798061,-0.5702358290657285,1.1204814764362654,1.2234404130044358,-0.2537744461578144,0.33999408304058776,-0.17895038921355957,-0.33569103231094166,164000
-1.6587597650294568,-1.3837706989845024,-0.006303743823129536,-0.14676182486114425,-0.4582767412138574,-0.4807654075798034,1.2086712000914914,-0.0388498229854993,0.18575686479914497,-0.642656156077009,-0.029303823007373712,-0.7865286359652417,0.07697406026305609,-0.14602324055872729,-1.478494196810463,-0.4198441077502667,1.0608776884569038,1.3026327063351344,-0.8064909052758111,0.7403309114363912,-0.054107844710426956,0.004848894490021328,132500
-1.5229875867475258,-0.5265983083764334,-0.4676010912372291,-1.320616441374936,-0.8728461916132056,0.05963217182882494,1.1581583046035948,0.15148119181368133,0.028874736110024994,-0.8873488247392526,0.9228736511266094,-0.08395967141923125,-0.9702057381740705,0.21662550315301235,-0.8695145190072932,-0.5615407482843328,-0.1735530183080207,0.028368710131840866,0.6394297734618786,-0.28196689918107204,0.09256307701280894,0.3971948864597384,147000
-1.1611120511893835,-1.3933882013175718,-0.8709827156553822,0.2945070689081921,-0.5017525054046373,0.5751756727247874,-0.5880693853467923,-0.005827985205490216,0.03563780465614867,-1.215629755460288,-0.27122825833670017,-0.43194132697956067,0.2373228135351213,-0.5065765167230295,-0.8877860707382427,0.34516381874411767,0.8012913668162795,-0.20584052528674918,-1.1646201778948382,0.33687469699301753,0.701575203101515,-0.04297120000926059,156000
0.2344611465784532,-1.2089990519363776,-0.8827657047661287,-1.057510749704686,-0.30692982375022787,0.15953765370367592,-0.3796832143241022,-1.0184911086523252,1.1612565265153778,0.83303461103062,0.39526334700529336,0.9381125257569706,0.7550128065007753,-0.643806502328093,-0.3871029141297873,1.2331747840961973,-0.3419967375726142,1.0993459197376516,-1.080518357843399,-0.010508587085223961,-2.1860523791100523,-0.778296903345773,175000
-0.4470713081059313,2.5426480937766684,-1.117655446824801,1.494538750539954,3.682157603203716,0.29082330680957746,-2.210640330070563,0.8237201585378969,-0.012312012891029123,1.2241980588070809,1.4707576196393766,0.8141977151074927,-0.13649496352135462,0.7361947706032037,0.4497511538380885,1.0092226466168275,0.05303853387055272,1.9524826530701382,-0.2885130540640186,0.7904713066952326,-0.41444316745028237,0.9121579027005575,160000
-3.6526645837441576,-1.5139665070184325,1.3582259103133716,3.3890342605454893,-0.5082979361864087,-0.3117107963783177,1.331148985442599,0.32774713620441337,0.39206979811578097,0.48163703061566193,1.7208865122823442,0.675982764926732,-0.4018172463396463,0.7698549931923088,-0.09121319048004263,0.666490003056513,-0.19231535287657575,0.9572705734430753,-0.1421261108608737,-0.29609646287197333,1.0019397935322127,0.17291397224763913,86000
-2.0199011321769538,1.9764405720820295,0.6478065175281987,3.0880589139724313,-1.079783567674042,0.1004170591025554,-0.24294937451560797,-0.2501480392424119,-0.2621199808576018,0.4784148037730418,-0.09632995635373434,0.34121909002478723,-0.13614617427904058,-0.1761515202741252,1.0618613326979809,0.5539828797701599,-0.8420238047076406,0.3783009979936735,0.23077710698192247,0.37495195373535606,-0.2407528902893652,0.6647583080255458,115000
-1.3879839648955905,-0.08237729063725872,-2.368426835705632,-0.22109546165658828,-0.7087903597240639,-0.5541085040924264,-1.0512683089317274,-0.2688220342180261,-0.5293519884355761,-0.6573885747722166,0.4282054219719767,-0.24413234381104731,-0.8744246156282984,0.15719979085634794,0.5441409301702017,0.27678921282097174,-0.2749056864595675,0.29113993078314787,-0.9180113678466513,-0.3884186422938213,-0.22089949650620624,2.214459805575563,133000
0.7589356828304935,1.4048108387841214,1.1988966310425349,-0.09621376071645239,-0.465738346402811,0.6137273861021922,-0.4806071886063496,0.18075444918049763,-0.8032458883451129,-0.2178813428310001,-0.9852560805025342,-1.2251930727635616,1.0795283619857226,-0.34675972933225385,-0.30300101509583627,0.0029018550653845897,1.0113644637396688,0.6122218783663224,-0.638785491484095,-1.739850450680978,0.2557818925691683,-0.44111911532070347,172785
-1.6527062506465084,-0.49392356929847775,-1.1130782876443392,-0.6993379743440666,-1.0373627624584054,0.5916754419136789,-0.39466022553638713,-0.9238355121425256,-0.10048397199694425,1.312313909204738,-1.184401390272864,-0.5622513587495237,-0.03789636710400161,0.772209226188292,0.725352664622592,-0.7729599588617274,0.1188503844493855,-0.9205663796913061,-0.947487192783043,0.15823231825727987,0.17472292747572832,1.6133621391479178,155000
-3.5223916640384414,0.014354927611349818,0.474755441040321,0.16633280332481507,-1.9000206853496155,-0.391216558022678,0.680514383385705,1.2892381640340869,-0.37276388195754784,-0.3098340108718402,0.9047692008602984,-0.6535982530464546,-1.5953219300870662,0.4086053534106901,-0.571227358559994,0.9346088812971144,-1.0105470866009476,-0.9248383119810055,0.4512050084656415,-0.13285359219677886,0.9666215832152733,-0.5744420277140255,91300
-3.8587635997034595,0.430066397058919,-0.6783997323163125,-0.6027885275067011,0.8881966883709692,-4.106990637912376,1.4825028871085806,-1.3230965282458416,1.4439668023276357,-1.7202563636334687,-1.6328930171131935,-1.9070235450067652,-1.8741061166438369,-0.12520719271213504,-0.7828175066735615,-3.9786204877183224,-0.6268593489996962,0.8728764928803436,3.447967339612026,3.2341929187778753,1.027425140956809,-0.9995790210450842,34900
5.035623915819284,-0.5465716954087856,-0.9138687460238336,-3.9887787896374487,2.7469883930938384,-0.6171915043007395,1.4713897137426022,-0.18362017877628944,-2.0011222988617634,-0.6554215251901346,2.284699493557842,1.6169202988046172,-1.61729393502585,0.2631339698777774,0.1597383913880343,-1.9060318536248084,0.02911633681649978,-0.3098763714729728,-0.31624913484984596,0.2720604361750308,-3.1438912358653623,-1.2564740116241384,430000
-0.6357737994293685,1.202627658623861,-0.8835110583992655,-0.3738538669661679,0.6291710717358914,-0.18802522319877615,0.30625195452660553,-0.2794957426931859,0.20300711802846202,-0.5108274623134502,0.03547338152995545,-0.43108440426193584,-0.4972202618305801,0.3345477211210643,-0.8865589675855962,-0.01650912603533052,0.20714617274213626,0.3555827659551086,-0.17772322014970968,0.9153352154056547,-0.7532352590445345,0.10656234597564727,184000
-2.102939698062668,-0.7467546540850375,0.704042979532192,-0.38418545516626124,-0.8679372660489323,0.5999205315751649,1.0273565825320572,0.7352720780631408,0.42911382547654237,-0.10792791481009692,-0.023774084257436507,-0.1256171484987888,-0.08234581901171557,-0.27644457975294373,-1.0629606635231696,0.5992910261464425,-0.127699776972921,-0.3306951167784171,-0.4306256087109214,-0.21659088224174652,0.4215450103335569,-0.05803063889125391,130000
-2.0790475668531414,-0.5983658016430587,0.062157476894743775,-1.0197235665863877,-2.561457235242774,-2.0518870415893318,0.05802372194731521,1.4995350655999884,0.9500853770259063,1.6984348919458574,-0.537801993114015,-0.07022625112981318,0.267779598600702,0.23856588625278086,-1.036614859184196,-2.7878290964884336,2.0000759737995035,0.9214246845385491,1.53167697241958,2.0259949500579064,0.690082403840629,0.07932110977086254,120000
-1.4484074758072876,1.2924489201762683,1.1294545445625033,2.969246328633394,-0.144638319683139,-0.12171236676886557,-0.7388860538871161,-0.42792260809380434,-0.29663929477235534,0.15946248620317643,-0.2254683930267824,1.052213062231373,0.35577418119841375,-0.6377809168803948,0.995321940909455,-0.050666718972168366,-0.16840686068264638,-0.06800376398329348,-0.6816557935462929,0.9878258215064463,0.39009025463130337,-0.5280134475239282,113000
1.3248641957452014,1.2681828126238694,1.072757377824465,1.073418646312992,-0.4142005387656852,0.7935189789807058,0.8720094856600452,-0.5601575550060779,-0.15787107375077952,-0.20457656818727968,-0.7163403902109379,-0.7085744521024533,0.9753616101900702,-0.010338367087511305,-0.7191335897470561,-0.7700755422317077,1.137910684994825,0.8259677727112726,0.23654219855323194,-0.39871837871265625,-0.2751871562944553,-0.29380090901690226,226700
-2.0658019838541404,-1.7308616987524668,-0.8964943555458306,-0.8120603505211049,-0.10100939260770482,0.5995331857088321,0.3142400167112335,-0.32811841161316274,-1.305025948427848,-0.7642316299374411,1.9620601422227175,0.09628429250762652,-0.2842865838205337,0.11474393006428577,-0.060846317606378,-0.9215535891374084,1.1315348621628964,0.0018696088174134185,-0.6740750313651261,-0.07505170959342847,-0.16012658216986078,-0.7505146856301629,140000
1.283300630199334,-2.9026655923107922,-1.8449231895175975,-0.5223306800425683,-1.012676649625616,0.2549254232302167,1.6549529669671594,-1.3501819414114717,2.364706704955711,-0.18681540648779843,1.75831459778696,0.6128107872412494,-0.28516988396579196,0.5006621255489025,-0.9540906599750317,0.7132110065971811,-0.5209809777440145,1.3761409370359683,0.38082451615769725,-1.2225143118684323,-0.24467298798217754,0.9658006178278222,289000
-0.39241359672665893,0.8141319397432818,-0.26329889321309313,2.698821151290751,-1.334082261647416,0.07646911133833381,-0.8693226248319352,1.569936215935758,-0.22081642472761664,3.740772410259499,-0.9336397354430315,2.2989985743333587,0.35604346113144536,1.2614468699807682,1.1977513018244574,-1.2124512761361037,0.1817381082989463,-1.040112319501621,1.1687973293274887,0.25880083784105895,-1.0745931223877836,0.6740606073273308,147000
-0.38513671193702076,3.32785332924042,0.1499926282279481,-0.22311819909236616,3.2024405571986323,1.755157761531577,-1.6269659798929195,0.603499790090452,1.1871372527278659,0.9125968919087288,0.7261755968170678,0.47904533056364085,-0.1355001489955254,0.7722807907485967,-0.922158844635543,0.6345135744074849,-0.19174837124723457,-0.2855389034535177,-0.4079577073065786,1.1598420443483282,1.1439108170566632,0.16004471135612136,124500
2.121565463725279,1.3243637940252861,0.3087798650126476,0.8544051107540624,-0.714506653282965,-0.7676426340347344,-0.8897296419455973,0.26712580341398057,-0.7636330010020426,-0.49975719076856967,-0.6369849237441507,-0.7732508929285784,-0.1855272702995047,-0.4943090023521443,0.340844044849568,0.09878941437746064,-0.024403022454115648,-0.1328102782438151,-0.0793513676035125,-0.26938416376696267,-0.101263151095971,0.24823772671925579,215000
0.30998370179634516,-0.4513889984198617,2.8906331410970005,-1.4768216285650937,-0.07227823397728284,-0.37549509750296944,0.5049917951989633,-0.014442035889884035,0.19193516608794764,0.3354464819970491,-0.06638800489568986,-1.0537266588975425,-0.12444105492689712,0.5527177958891144,-0.7374502428611664,-0.12130585237194477,-0.009139325515074799,-0.30776952650697603,1.2238805439806972,-0.3838998792312254,0.44470055234502376,-0.2773501025844944,208300
-0.7131391539193853,1.6138031607290884,-0.30736791581763334,-0.2819420919601818,-1.7134703828942457,-0.37281255841135863,0.8797145455617555,1.2368256685352896,-0.4359731821354855,-0.567413818928243,2.3242750251747113,0.12109676855400929,-1.8602693408446107,0.8878607824923942,-0.600946599718933,0.5821520282980176,-0.48173817747604686,0.10695629878128676,-0.33980892594725265,-1.3919704504383175,0.4624244244244633,0.5365061144982429,161000
-1.576572164254564,-2.0732646669732087,-1.2258758503173377,0.12390804441889847,0.37853678429051474,0.2982965908862516,0.29862397178858396,0.33295577032612417,0.19893324830222378,-0.640039025590364,-0.7256276520476485,-0.4737607501075287,-0.35724997263569164,-0.47607287458663,-0.9335621081129918,0.45228309383736387,-0.2097975117337651,-0.5318808846656125,0.2710791299946206,1.6019254435879169,0.013813619708623248,-0.5084998065345608,124500
-0.6083087634502812,-2.300568369752721,-2.4511104172445086,-0.08669218758400321,-1.513373337492387,-0.09167769083121932,1.1098189628583268,-0.3507811026242297,2.3040500816131453,1.8965378029052737,2.2261347668198583,-1.4774632983159695,-0.08225378252286736,-1.8967243454882396,1.5415537428930532,0.6357967107637044,-0.8259381458929911,-0.5093901502091808,-0.016276888481455223,0.28947314130203994,-0.7938525517919617,0.009598260197171303,164900
0.8368272243478976,0.024804261140762195,3.1039900534468585,-0.108019888008576,0.28520624612639406,-0.8056747176771524,0.14602345284071666,-0.3309937452694785,-0.6677032522204671,1.1705528893422636,0.8503083128812963,1.1690437004585619,0.2853475050541611,-0.2793761147755865,1.2730584808055507,0.0005047688958887281,-0.08165268096159246,1.549126622691322,-0.6252439219919024,-0.20451769093901254,-0.4296582081243569,0.4664251941902034,202665
-2.1649616216656997,-1.5769158174247393,-0.41943562646114624,-0.27780630187269395,0.26555025419548295,-0.060731590687576185,-1.534046084925774,-0.2672674310498025,-0.8354948422750406,-0.16301753436406657,-0.5140849847584517,-0.9252564905518458,0.3459632408593183,0.2495477460944749,-0.31032915192234617,0.2572833445510422,0.9401901408536065,-0.2006628487070327,-0.8673957098446822,0.04765179326872721,-0.1892753033305794,0.04387697636571386,129900
-0.8816490798267754,0.0077286284539763205,0.667399721858964,-0.8799399653215806,-0.45329212679138925,0.6727671415022242,-0.3959163857530276,-0.3789881823102629,-1.628276258406809,-0.7166466641241839,0.16143970162896465,0.011612258830734731,0.026004037501592237,-0.3493647058714882,0.20067396585804984,-0.6515715532839926,0.3662071638111762,-0.6446158351088206,-0.03980406238339053,-0.16747599281400277,-0.48738482665526683,-1.2960927820341601,134000
-3.6985359788121084,0.1832394986399929,0.6181919072640131,-1.2550378293493625,-0.049561872575235706,0.2190232151847379,-0.888239592228747,-0.7124509182561094,-1.05721669258934,-0.4561863392057985,0.553386258786189,0.4167733047651265,-0.12854573931503901,-0.12447207745860155,0.7055946749545504,-0.286278649470822,-0.06031806862159666,0.28648252235301197,0.2801541361106795,0.12491767731371224,0.11465640159546736,-0.6038773389034392,96500
4.717525325403728,-2.3476990323176268,-0.050996270400868474,-0.06364937225052476,0.6709213745153993,0.014226395392894529,0.31440856452392946,0.08137250366681172,0.3082176360140234,-0.9022326186498941,0.12227453632373021,0.07595516875922749,-0.49131312866872295,-0.16520388934944868,-0.514112305724621,-0.044967503282658076,-0.003576059751893075,-1.469457271548243,0.3112903181942854,-0.2560487580193985,0.2516925184089344,0.1987092926768546,402861
1.1127524722399456,2.1666820062285495,0.024073981851188,0.3555898422192004,-0.6864531036829724,0.6059678479120127,-0.30042573145839996,-0.4604203304407843,0.6171061010021548,-0.5103570901577122,-0.3615452548937284,-0.18922339599098453,-0.3247196368235992,0.04712766948496095,0.01911463131922763,-0.15192548337171297,-0.3266812479729302,-0.24999976272046884,0.6450259927231173,0.315166417958348,1.4706169182786708,0.6651347378371525,158000
3.948572105079589,1.7266735092365755,1.0337448957041624,-0.10615795514160856,-0.12338579207427924,1.618169557939964,-0.37240073326723727,-0.17460254653712803,0.339287822894163,-0.21804791148986086,-0.40684432326182113,1.6840724896023358,-0.1296496892867218,-1.0683835137430502,0.9756733005004365,0.1474122642176563,-0.8872434978365699,-1.7164032500299637,-0.8914362892627838,0.5307650275026631,2.460721334689772,-0.4108356834951944,265000
0.853110847198324,0.28083336324280717,-0.05776056360134053,2.023612699663453,0.15501628640087523,0.36448366042539654,-0.09822202958633862,-0.14163002387695078,-0.5261676963484077,-0.7297130197062991,-0.5587651481407941,-1.049849633530899,0.6773579442352199,0.07430470078960133,-0.7140132351310179,-0.16097491116515636,1.1045108173954121,0.17444790783639225,-0.3194987465752786,-0.9188232345473857,-0.5478422959767664,-0.35809254090703857,211000
0.19112389209257996,2.051031361908042,-0.9015382217349424,-0.5400171243840381,-2.78978125201587,-0.24725406114982382,1.3293109416735607,-1.1540132034826236,2.177584204242594,0.308413316937896,1.5272869730180993,0.9258832114216702,-1.1142164643868309,0.0712975217336105,0.16787473713721995,0.9751320981890447,-1.6857467559122659,0.7450317370003783,-0.818491150909139,-0.7285956003003999,-0.08948027711134407,1.0616826790062122,234000
-4.121533931841483,4.047198310489065,-1.567937413170246,1.9499949939806223,3.3823916311736375,-1.484981348037106,1.6507262852835107,2.1242858844243364,0.39472303438197315,0.4959329357160973,1.1911941934345303,0.11732498846029107,-2.090279727886034,0.5834128838348407,-0.2920774068463075,-1.5546031198208878,-1.399371853046211,1.1978109617418384,0.01608604104779193,-0.302760291471403,0.8395891075339882,-1.3871826050815022,106250
-0.6373572674942113,-0.4975499111401623,-1.238669673772544,-0.9600479540849429,-0.8269384518699167,0.21540717482877883,-0.7556380315751707,-0.829699074389892,0.2794462132970933,-1.0411500802048383,-0.5547856141342387,-0.0038485029223769137,0.16686903954050972,-0.9679353998852405,0.3469481080955633,-0.12218580841262906,-0.1550143872715743,0.6509668831974462,0.051806909893491224,0.1450021302383644,-0.3389037593917989,2.181155109735504,150000
-0.37499810322869837,1.1927043318570028,-0.6201308569407336,-0.6009752625092877,-0.771105486812292,-1.0556817529632951,-1.5024516024524657,0.09861337858738835,-0.39551343555321405,-0.6582889854358672,1.2159092355912624,0.22854751183487468,-1.0986672700470594,0.10168337705494379,0.392298721793,0.6610513362358761,-0.5442186483743144,0.33200134702208906,-0.24002405867557983,-0.08876159014338868,-0.755663220138117,2.1050593563867257,159000
4.1975373901236015,0.14386772248580074,-0.578955883878433,0.7940473107226422,0.3754073041041989,0.23948293257546485,-0.7106529033895714,0.10577875888881931,-0.31427898903955626,-0.8991063369402745,-0.4551308026485416,0.2935395929155355,-0.27993841526148994,-0.7780091022874134,0.31812139233619885,0.06951834235648653,-0.009816196776502051,-0.8960298722315502,-0.8446022589348513,0.49406659436237693,1.1530536758324288,-0.3717057596274983,315750
1.0710995012292195,0.07496873056833282,2.40764034868579,-1.6130645739680922,-0.2294683840407867,-0.9986138424398444,0.20272034595354266,-0.5249098841038586,-0.38265458500405486,0.34370644017306906,-0.04095848945692723,-0.39584926196085196,0.2732941456227959,-0.20692470886239858,-0.1381850929746574,-0.6155135437103606,0.5840478781315205,1.4402846692221913,-0.1334952748576699,0.21723179737858794,-0.8033099600275797,0.6920497215376097,176000
-2.303756812154904,-0.8160551154916053,0.14263726992750247,-1.0293214082967144,-0.9337778371111973,0.04470084682887513,0.9029055097503188,0.9261374777347569,-1.5392734929408411,-0.3153223331989425,0.8593528818634846,0.2837764115895492,-0.8386941818396892,-0.50284288695328,0.1367417873580038,0.040628496135891104,-0.278404695535475,0.23506160171318705,-0.5061748214646123,-0.12661080738798566,-0.07091718068259475,-1.4768399522291167,132000
4.64743370390197,-0.24780768117385862,-0.8987451906084433,2.0801070551932828,0.2624232623485574,-0.4934342467161058,-0.43642206522323157,0.31904043379825997,-0.12871499146000615,-1.1136033091378552,0.13315824732508336,-0.4204455965661935,-0.809502680577172,0.10053681046026035,-0.11743353287332932,0.1562996992747255,0.04575612363911728,-1.1148239142853604,0.42821138357909366,-0.6328332876710435,0.18396295236226518,-0.06061498086430134,446261
-4.917815371517712,-0.5465491712890769,-0.826115668678709,0.11081925153133619,0.7069637399404266,-1.8147693642141083,1.992979813710258,0.5544475953682683,0.009238655615951484,-1.4521050217812697,-0.01934941211493031,-0.0443367522599002,-1.0263839944054642,-0.8002262295572856,-0.10958996017697337,-1.6012140496441702,-0.7667550032734167,-0.04521309817607496,-1.01639270204711,-1.818551962959013,0.2953152253928141,-0.8018717723040637,86000
2.4026534754281212,0.10559702982310328,-2.4990544427104915,-2.252366746595905,5.24779002336462,1.2954849045186703,-1.3203031716582665,-0.06476896326271575,-0.5558190606120506,0.08962358248401421,1.848946277225484,0.8634748043980041,-0.552311760823955,0.6821187798245683,0.23189361141694242,-1.0054759698183786,0.4542015592592123,1.8022146374662176,0.5888054462004454,-1.0090916341424778,-1.9909115114145404,0.4721260960590389,200624
1.347420955813642,-1.52533231311319,0.09260245600231612,-0.12927065807462548,1.2418340147248725,0.004884230285689168,-0.2712062457456651,0.5194795486743824,-0.19685007496122933,0.07238336281815319,0.09231584407015705,0.34518744637701665,-0.3286567533467126,-0.25493437575584127,0.13119250196473867,0.7612281370927442,-0.5575086715989588,-0.5446626974107097,-0.1397804211664713,-0.11528285438731115,-0.2305533048139741,0.19573709538236195,175000
-1.5381032505454608,1.7418081363087032,0.3538013568161228,-0.212085266032026,-1.1205900671637503,0.40034115499610967,1.08092056422739,0.807581635392722,-0.47843250046059416,-0.22080950769322313,1.6246458112226532,0.18410886071687846,-0.7975579875810302,0.7135946290663014,-0.9028460158009259,0.4186362250649379,0.20610697724104657,0.3961891009634579,-0.7312572634533714,-0.7403285008762929,0.23591632033679968,-0.23667277404445564,128000
-3.143619801787864,-0.4534826919838408,0.6156106164111661,0.5330221214341564,-1.7972096320022848,1.319514765008678,1.4316828219899151,0.11845250819371972,0.4608654374747867,-0.04315136327266002,0.13487690591089116,-0.18604622731763445,0.059575948834406395,0.02469318245413013,-0.5346650737529793,0.6675325327767913,-0.42451886382230625,0.40477412640498567,0.5463798085341808,-0.9629703644377308,0.6292202864988093,1.1851298448623355,107500
-6.700061299274486,-0.26627796229115885,0.8181615285917335,0.5238926135813796,1.5704086612862256,-0.21632612256493372,0.08773394981632905,-1.1677423254885524,0.2849933136784181,-0.40854191699662573,-2.712651504647277,0.03730884547380504,1.6930313339465892,-1.8804429997132501,1.062686773125512,-1.4096573534858836,-0.5101461963152617,0.7203874723666591,0.04017472798228537,-0.6907678008862482,-0.29518075595269005,-0.04677431558929479,39300
1.4682555380708455,1.4359382542096089,1.4228044896406362,0.4595171281945442,-0.9544573349046221,-0.8275530616509348,-0.9487673807907109,0.27560212381973,-0.8453840036433826,-0.17482409688360603,-0.44897027037555676,-1.1020269123939554,-0.13772072911247757,-0.19167696284041605,0.3860905003237527,0.2905744005180896,-0.14369606771712853,-0.21204378158418993,-0.0006408860387110736,-1.2091587424990013,-0.18894228828645288,0.43575181556205606,178000
-3.404752595021172,0.5067837635975183,-2.0857680443348117,1.84703900494171,2.166367578202315,-0.9273717479445702,3.0028024987242294,0.2727826849861076,0.22643282285215352,-0.9155223151829022,0.6405831669940845,1.7304943620043665,-0.5799376315038968,-0.638685875052217,0.16720671476064403,-1.854584414127113,-0.543228686497794,0.8498589536027273,-1.3569566920882747,-1.1063445758346035,-0.39464566136903156,-0.7519273039926796,107500
1.3109255760478846,1.8164886227648784,1.683112324417677,0.6547558567362303,-0.6411946296961145,-0.31846148471507957,0.45102377298266294,-0.24478573015320274,-0.3043559120379159,0.19304439059276457,-0.7321798535126102,-1.1174360186558678,-0.0848696357974147,0.1330910865768603,-0.23820040558228125,-0.4060347432323964,0.17831250819937045,0.2415873332182382,0.7869971457899383,0.5585662880813446,-0.1388752245730523,-0.7208324198137829,188000
-1.9213720372983403,-1.1926695436716728,0.2366966751075885,-0.46574780873899335,0.029017376356440854,1.260566139025754,-0.29794335768546754,0.333052687864837,-0.5864462193909983,0.19014257549927685,-0.9117693331278361,-0.19811174230536924,0.6874374165880305,-0.7355337974394239,-0.3153012829075574,0.8935418960612271,0.18707517802243498,0.2044755936505833,0.04212889539092992,0.5782859967277185,-0.5525001578947604,-0.6428687773422368,111250
-0.5665567788864315,-0.7623794322343405,-0.6010519749567594,-0.022463944203497132,-0.4658813309422545,-0.01564275142316242,-1.0704807106405398,0.5677784223293395,-0.9896682075852384,-0.09715576566239996,-1.5304044470292615,0.19593378414485377,-0.06387045503558911,-1.9868562505822955,1.1819136507982602,0.9026412125282867,-1.0022457206947168,-0.4052541323774869,-0.8017887791441549,1.4061277087620445,-0.6661827104178838,-0.2773606540770307,158000
2.393587719146406,-2.6771332838169766,-0.4467293266722837,0.3516816310327733,1.151397551396927,1.26706910913878,1.099127578002761,0.6880156882872253,1.4595388243621268,0.3603429285284994,2.134321934490341,-0.44327660833573246,0.697497385567567,-2.4016657581411107,0.8475539694549323,-0.3583172827065295,0.5376961952309626,-2.019136779853534,0.1672205259576312,0.026511115893814566,-0.02967640080079132,0.2541187857099354,272000
4.034371400537607,-3.182714541135282,0.3568707435582311,-0.21781128224701332,1.0437307038968395,0.801802028112737,1.060479474714459,-0.09739667256207589,0.20384214723171842,-0.29462869659080554,0.3520916779327128,1.5050767636177516,-0.011767225184901989,-0.7667762768264844,0.07115944596129813,-0.12164727926433197,0.058579489197000116,-0.20258279552057487,-0.29107159741486405,0.603767982717581,0.8715110894502638,-0.22300909682320202,315000
3.1376561600426864,2.7003421024057768,0.6208226578922763,-0.1492100910534085,-0.6273972240550191,0.5782612671161643,-0.3984299964085676,-0.3575277293620841,-0.46872376735405535,-0.39693204086338013,-0.44930058838144055,-0.7179866279759017,0.3597550764509471,0.017172293892195774,-0.21468765807574466,-0.09807308178311325,0.5924072397189346,0.15113139070931167,-0.1616052005039272,-0.9236148778690259,-0.19050604544890637,0.5819532344068729,248000
1.3116287779022413,-2.076855108620081,-0.9761040585826384,-1.0316065147143978,-0.011348708314299155,0.14724763472163013,1.046069546314238,-0.9756286991084627,-0.7541141907495442,4.189237409902285,-1.3272841983422823,-1.4988505115582127,-0.6604246204990727,3.272702309867997,0.9315974866322352,-1.9542766179561175,0.7347354386454437,-1.513541657998712,-1.3076275170765306,-0.4328026781284632,0.12149314167469877,1.4827645040885422,213250
-1.6410097563067745,-2.3033717058700085,1.5846475027860178,2.730471609392182,0.16305559939623115,-1.028803807364385,-0.008501863964116937,-0.25408625252714845,-0.5920154767699348,0.5336925969958056,0.37067347106296095,0.306175563961955,0.04675354064044709,0.24765309774721456,0.8065424502113189,-0.24726793468578795,0.16528361430445762,0.09283765809603822,-0.3670225697861133,-0.08997218535625201,0.8146468916049051,-0.3967767859911627,133000
1.4001825532177996,0.10460894154546317,-0.05908884587161501,2.0407109196434123,-0.33950928235448347,-0.6536792232273799,-0.8650032887251373,0.39973045159342674,-0.9020097778851011,-0.5059259427207097,-0.48647105964132614,-1.2673007680412223,-0.16386965497816267,-0.18576393814275743,0.31263179361856624,0.41204196044287755,0.1925688051206695,0.26324572336087565,-0.039779687040344215,-1.4998138538719354,-0.5048776820274378,0.05476390385864914,179665
2.1076514174716476,0.6481778879061878,-0.7703624861144661,0.8380345897325794,0.11183465002329643,1.1375444767767964,-0.7060308265422853,-0.16488155089782663,-0.7113491575323485,-0.09181522067827601,-0.7370399997321879,-0.10507900737129054,1.2228040014914996,-0.03508982590618212,-0.4727632488423168,-0.4923978438297973,1.9393808833061554,0.1932531799204051,-1.7118872448541034,-0.7318620380154477,-0.32556469451390785,-0.17904356272579264,229000
-0.7710019217063355,1.298414926546968,-0.7640950865186906,-0.7280399228056691,-1.6119759786300216,0.6750395603614797,-0.4090056580674567,0.9493255717758713,1.1155679255621402,-2.634394018701407,0.23499250111706815,-0.37390155372720696,1.77134931854007,2.0786429695699584,2.1406751808916114,-0.0779434432680924,-0.830908574690427,0.998511156105899,-1.05816273173628,1.5667873083824144,-0.407565309282865,0.7924835910523819,210000
-2.380540305202206,-1.8112960587559763,0.2530350271415647,1.3159164571528166,-0.2755847239182311,0.19097032330913746,0.01654381818417712,0.243553109574869,-0.5204776528436733,-0.07769831775743447,0.6297715551351883,0.1299156464093951,0.1696125114847761,-0.06937509153836026,-0.28568088801974334,0.8484630481764673,0.5122755140417217,0.9219352502177819,-0.8058986062273237,0.3565539831751625,0.13788184609985818,-0.11535885267804155,129500
-2.230993567343813,-2.203849026499773,-0.46897345636503873,0.5090458927582329,-1.2829794823006715,-0.009503043883606626,0.9056068721599643,0.026934199008347846,-0.7987943609327869,2.262779285746522,-0.4041210539908858,-1.1664792658910126,-0.7203220526204054,1.7702700256711077,0.16378389239737082,-0.34892252146368574,0.6019840007076993,-0.40135807369152665,-1.371258673262067,0.4948377656067794,0.7860874587235215,0.07313489423250251,125000
2.6507726813230046,2.591134964881965,0.6376699162990119,0.3323036382257213,-0.7653020877575104,-0.489848734279517,0.3050840653094689,0.10808085591840534,-0.009796300379995331,0.019825167942961464,-1.0239888455503907,-1.6215793398106781,-0.880650813922853,0.2648185496052897,-0.32878024498912095,-0.0958194597903392,-0.6914767111156189,-0.5831704685358778,1.5620242581983266,0.5199743919517661,-0.357948768485719,0.05020178289041403,263000
-0.8551734603163619,-0.37399990845304504,1.137510310171447,0.5662019516300402,-0.5170392572683987,-1.5409120119256137,-1.155697203591088,-1.1983523624985608,1.8516329018090285,0.8921600758655482,1.44913031439486,0.10513816610992864,-0.02038230270391355,1.0393037709551005,-0.7139567418010972,1.042543765414023,-0.560744943219303,-0.026735486096187488,0.3046648274265508,-0.6472460145857891,-0.30910276470335735,-1.4608274573831752,140000
-2.918040506046903,-0.24772868189744748,0.7103630107779477,-0.8473738524999851,-0.3168499934239193,0.3672311460970383,-0.33345454075785913,-0.15624541552757745,0.10888982191563414,-0.16826571158763742,-0.1505288899950206,0.009540650413839662,0.1763573189734344,-0.29420667611724677,-0.43059319943562724,0.4587530740233403,-0.05121408277526669,-0.1632212094194637,-0.22992213433672737,0.44725270725140487,-0.24736875527288898,0.2575847011787479,112500
2.9509542286105575,-0.2527231535814916,2.342772697408413,-2.6748053313134057,0.22471879113265866,0.5208745499546736,0.5380211857737417,0.02155904914504875,0.04658573497222026,0.6333678954947524,0.18120774968568396,0.46748888762783813,-0.28175216483269316,-0.15640204928438733,0.10449700699337731,0.38456371847938786,-0.6125912731920158,-0.5390691355277204,0.2603327034330379,-0.02690605892960276,0.3345851787137618,0.23095277600492423,255500
-2.155160655410103,0.04063187247097378,1.1936640991283531,0.359053884217574,-0.634561470444226,0.8598285043800532,0.4518140767532471,-0.012433984886588709,-0.0744776404506841,0.037965590321138644,-0.4401784433428002,-1.1380329025730016,0.47488969898717615,0.4762114061398792,-0.957409165616397,0.20702195307914617,0.5746211533024846,0.6511934299414374,1.1894819933393663,-0.31245733565638134,0.416458853942224,-0.2390438539775383,108000
3.4010214969127923,-0.2252773150679077,-0.7121288933086442,1.9664955573299894,0.00389295550352013,0.4521311821580947,-0.10580732092695018,0.4819699218346828,-0.6172350685764393,-0.5438940279589737,-0.62802430227496,-0.42641597731341985,-0.31232002118056246,-0.4289337720746481,0.007957997576643748,0.5216045687155209,-0.17165302398750873,-0.8113545212749698,0.07155511112884999,0.19451226172134398,0.047782558219572495,-0.3903754085856309,284000
-3.0858546344639897,0.3728549659943699,0.20795924709378785,-1.787253154350926,-0.5139480272538555,-0.665886427260358,-1.2119436593459745,-0.5923764936630386,-1.0145745725855382,-0.6965009207396089,1.1589393116266673,0.6189701155738215,-0.7825407897934088,-0.17355907196047599,0.9823984412905743,-0.13899751499427274,-0.49595967465850743,0.2971487888646721,-0.14437181835991678,0.18951709567555242,-0.044780865696568035,0.6089509979955545,113000
-1.5286210695107152,-2.438659371192999,-1.4473287926326752,-0.11846925150469066,0.00405752215011832,-0.5575492060383967,-1.1801139949519894,-0.9427983432439316,0.1495256539854194,0.03930231017125338,-0.2536521056755261,0.22593751793498543,0.2903063955058616,-1.0109037604398918,0.6057926562071928,1.1171520385643845,-0.6419506732097211,0.7887547116759708,-0.6283658795028209,0.32707855634629585,-1.411908786199179,-0.6761355163949513,141000
-2.9448377398003065,1.0940915848240378,-1.5752871704969296,0.43979908160033115,-0.7631704487621381,-0.3046714946636345,-1.605767932457432,-0.15183239624758732,-1.0447778662026612,-1.5410285129218144,0.10172922707973237,-0.546735840357654,-0.5079473991150164,-0.19983843036039792,-0.02212534066975574,-0.3832051411711519,0.4434442026936834,-0.10436545239525932,-0.011749300574100872,0.4623817339408117,0.02426134904319526,-0.705437390111811,108000
1.2126371693837081,0.4063882736191582,-0.4460138719936966,1.394193350254699,-1.6136528455580463,-0.12081598792101869,-1.0397504723472277,2.644118637556293,-0.08305964888489653,1.2045810837317954,-1.296173905047399,1.3044355744669733,0.4335879241247149,-0.6084780296519956,0.135211048764255,-0.3702700391502891,0.23891341107095715,-0.05546541684860828,2.153557219422437,-0.928324757066619,-0.9383317136276327,-0.364528931486241,175000
0.8700015663122775,0.22444536808433888,3.0706701580836784,-0.2524133678949217,0.20941405929480172,-1.8477740983393554,-0.7602764220182354,0.28388590617765724,-0.7281995026610869,0.9433593099177313,0.997095022596812,0.3835018759169728,-0.5870470399933441,0.17142704989005214,1.1574024553879745,0.5682969818730579,-0.7386836129649884,0.1872055210724962,-0.08686007428786649,-0.46178794171806753,-0.3732755720360555,0.5369007290180804,234000
0.0642419958983242,-2.136305420397485,-1.5845217565270169,0.7017939912270984,-0.39035648774508624,1.121259066412953,0.3324063748744007,-1.1436183563713456,1.6828109106648597,-0.7491339286442943,0.14493192885782663,0.3432105896817315,0.20938542769175314,-0.13579459670332086,-0.9179370842374518,0.44344397900185023,-0.1631922142721996,-0.58874145561263,0.0583386730769681,-0.3144816779103359,-0.08991404059524395,0.008001559180646258,121500
-0.3185810777584367,-2.87533589864308,-0.8779772195657453,-0.05428612402964657,0.38979552174724436,-0.2192234021885379,-0.49686401029293564,-0.210370984189987,-0.992807539655379,-0.021514925357643766,-0.3857489511235677,-0.07750858785886695,0.2085387825791486,-0.551707602575674,0.42762537321115074,0.25524167440789725,0.40957690126895224,0.65684742751077,-0.6472675944801706,0.8218376437737125,-0.9463964195536206,0.4493354415715771,170000
-3.1163936002132346,-0.4901554725315573,-0.9875882354015724,-0.7846128691447283,1.4171214881620082,-1.4746087919990618,1.5052182907835514,0.2890549687096956,0.980001525705058,-0.4702413936121433,-1.515015303548355,0.07778790349255013,-0.7584012310277528,-1.556413323178066,0.653482433061347,-0.5095517056477115,-1.9079201316015841,-0.04966183955256782,-0.5994338774016772,-0.747682320644557,-0.42402014969075963,0.6129557793836445,108000
-0.19820067976325192,1.7869871124688743,-1.171847932909978,-2.174824514790752,-0.82426791757032,0.011295637681893579,-0.6303332255704179,-0.7726127597620965,1.401928665096905,0.7371816978633258,0.6834391324933398,0.2506828867200628,-0.6286068189628721,0.16959343410691194,-0.17796451544323869,1.4659213212225364,-1.0010243482146544,1.1024183666621108,-0.2658187067392318,0.05407848366188066,-0.7261406822201337,-0.4472546397336993,185000
2.5249680713301688,1.0400994069473921,-1.0828772230821415,0.9545194263375533,0.2140935425492172,-0.2238239557649511,-0.6361698967074104,-0.01372162183243449,-0.5363321113909805,-1.0567940392515234,-0.551972872290086,-1.1505886370092455,0.1910150721868179,-0.10289557444214484,-0.4697270578913688,-0.0984853446434322,0.8047147083898556,0.198595974046118,-0.5533458018228613,-1.2496056886484128,-0.8817122596168833,0.5687321214708912,268000
-1.6365573236968578,2.070866757894141,-1.1458608713772518,0.07983147986935117,0.6212005923779069,1.5682085133424728,0.301493433134584,-1.6928301821336142,-0.6056624431631615,-1.0093246548471413,-0.21777346532495653,-0.03116453119194711,-0.299177426904553,0.44655686841210285,0.029583896119322852,-1.0985322068210028,-0.15876778476855458,-0.897520802794907,1.1995386909913799,0.874458595930566,-0.601705171778926,-0.9007551923016626,128000
4.075760992329867,2.6501180621567433,0.8725330684690294,0.08550722155493465,-0.554008889550561,0.865963006563516,0.20854308581337735,-0.12958380040870154,-0.38354256235534756,-0.028059753001446867,-0.3748570022568798,0.06642379888174138,0.002418048568241221,-0.2770228260505815,0.229288667955635,0.11956536817797736,-0.09904253836948984,-0.45900664207232467,-0.2987725851017457,-0.4681726744046319,0.0011511213291257678,0.1248903050058406,325000
0.9563714373879928,-0.06914046011693104,2.6811205371371116,-2.035540002511841,0.5195755973740739,1.4633675340060062,1.3730093423727336,-0.38071431890532004,0.4655696968962124,0.685423365584238,0.029668239064019317,0.5909362085371432,0.5923719707126551,0.03497341380914379,-0.5049729131003283,-0.0776584975991166,0.027425392962952835,-0.2759306121632659,0.06087246378494331,-0.5878577722784433,0.12097801133092054,-0.1973289176920523,214000
1.9771755640526087,-2.338197833704508,-1.3486649324591222,1.91042498814133,-1.307856767752449,-0.399777056254596,1.601882201986701,1.0198282244117176,-0.1082033993628606,-0.7065161534222655,0.6537130644555602,-0.19471666577079288,-1.4373347871433353,-0.30050282372021486,0.01509549038704764,0.9854621395566444,-0.8712541111199927,-0.396908687775258,0.26785545781112524,0.2817006463727731,0.3845442917932676,0.18193216064497547,316600
-0.8887445982892205,-2.249366351157497,-0.46504731976533065,1.0311236022431398,0.18150381387610354,-1.4093204841491962,-2.2269984529856455,0.08410743084277619,-0.5231909795304454,-0.8312533715728536,0.5224303905369153,-0.497860239785765,-0.5579747147001123,0.028418110170537025,0.617130485191217,0.8964400785741714,-0.406658256839615,-0.1489234705779591,0.5445925031507304,-0.8401222226101229,-0.0940014742126761,1.7304361381006088,135960
0.3191174723643109,2.5816005443313066,0.33063445366055094,-2.3432032031263477,3.957859615714414,0.5215595325267508,-2.1372799819267185,1.4434048839559208,1.1936093446554277,1.27837409060184,0.6249397619573192,-0.4082918362779226,-0.5978284643914911,0.964992472521102,-1.5792757971524667,0.9699003183684701,-0.15741609617842664,-0.45218978452577696,-0.5273394312924701,0.838562578469719,-0.0224348683669841,0.12508468203462103,142600
-2.094631946632652,-1.6420536813658808,0.23772714516776516,-0.10779525852094399,-0.12920252819113495,-0.9892010443440628,-1.168619770244951,0.4265620452166955,-0.604434502950192,-0.6569983601298118,-0.07676305557698478,-0.2495271126188839,-0.5361717235881565,-0.6796857323408839,0.1955832846114331,0.7837158372069534,-0.3627640088195846,-0.6565971750101166,-0.9588664052130829,0.650316972014116,0.5981914564150693,-0.4156849341905956,120000
1.729772441938005,1.4958768923156234,1.4344783460980077,0.42162601174977293,-0.5943316609010183,0.4735096625939639,0.92526984615318,0.23417212443054877,-0.33616378497543364,0.38494311154579036,-1.0920949695899624,-1.257910373317134,0.0009182928021540042,-0.003903472712997895,-0.3029627674104855,0.0008046500631303534,-0.14152682738936398,-0.10533348819476665,0.9830572285199835,-0.014008775108520282,0.0849112209751684,-0.99633146982391,224500
0.7552862722020721,1.5246709286052311,0.9947435627101999,1.0905840799649402,-0.9032758785633533,-0.41220995115266157,-1.24156531506829,0.6045477498238333,-0.7094030219022165,-0.14525640044572674,-0.5319772275564145,-1.2897209676187698,-0.2754545522696387,0.06035889646281827,0.35641713749805565,0.7841960362000207,-0.5052397335740412,-0.7605770682274862,0.5255372393318923,-1.6110624533468592,0.12553654862995742,0.4156395905280922,170000
-2.1118996432385932,0.42036570099390097,-0.20359435131342396,0.8613127354851657,-2.1410464620141507,-1.301528520584794,-1.4279995813096835,3.421156157290914,0.4604841235957977,0.4797944758349041,-0.38644040804685553,0.8859458864900562,0.05377894587494252,-0.02388129012479271,-1.3214457827931017,-0.19438468134375086,0.7127179147645896,-0.7507819572312245,0.9056880479314309,-1.2245384385042053,0.6579365215496173,-0.32070106814189203,139000
-2.5683884697363157,-0.0860761691529844,-0.3207722683139123,-0.6058322770059826,0.08287436257986841,0.15649272714877205,-0.9773259899576079,0.11776329288590179,-1.0471098278436,-0.6739546545755972,0.1085059971418544,-0.12901582823703384,-0.5670673141762607,-0.11869935385974377,0.35252878233589796,0.27855518718245215,-0.640699480606171,-1.0371360147371254,0.8545314846471396,0.24548368719160746,0.06004642925724318,-0.8216535017249055,118500
-1.3290388730510514,1.6131203198675046,-0.3819803840515193,-0.9161589077466145,-1.705661348373365,-0.5254778717278031,-0.5364542441721487,1.8191269157847412,1.1023982264352044,0.8830911179155395,0.1661338099446949,2.098249953354045,-0.27133609849606066,0.23964897361297915,-0.6691842600113397,-0.6670871329097476,-0.08852977029448121,-0.15504940806800296,1.7633968967244733,0.2468168390268486,-0.5768473910016441,1.302504312762874,145000
-0.6253041803855367,-1.146255979001725,-2.7498467449347768,-1.0401610191930988,-0.10815285765609688,0.0316268408235195,-0.4670384063475763,-0.9648277633559071,-2.437030032321687,0.7803072575190753,0.886635373361155,0.3225910461390316,-1.2251883895326598,1.3633528974011804,1.5678438922164106,-1.965251489201607,0.4617690036939359,0.08373544052617313,-0.9251566373809517,0.1048071436136345,-0.10169416440507206,0.614461230892178,164500
-0.06751626212739573,1.1510637557730603,2.9932654443458087,2.087088385661273,0.07700123119426079,-0.11050643765173387,0.9260882040207769,-0.5804605344997923,-0.28949156912830104,0.9637104391826656,0.733165283161251,0.39549969194385015,0.6359154193353296,0.6843684879204982,0.1757063890435674,-0.4526721128786629,0.6351292228200061,1.5335400223299562,0.47017790534893805,-0.33284706066509473,-0.018652663501391553,-0.198824901133171,146000
-0.45550895306515193,2.05842865729658,0.12285229753021927,-1.592804122181325,0.7554411114594034,0.2531893766808528,-1.392746147649508,0.31965378828647606,0.328914393678943,-0.39119003700311267,-0.64893420738346,-0.18544979374947088,-0.31092030303623447,-0.22387866836280218,-0.2530722770417192,0.4638958342582156,-0.558681168290458,-1.3178019706499775,-0.24909704164814445,-0.044539662777420205,0.766434089443443,-0.2955654078264983,131500
0.203823721899312,-1.1701935464491797,-1.4190025200333554,-1.0541634475851671,-1.9777784661760134,-0.9149462483696335,-0.9528659843408234,1.9009836881830269,0.23608039050850507,1.536206160236935,-0.8419186287743989,1.8067648193572075,0.012271276892499034,-0.2953509622403714,0.065568450325186,-1.1362196352741851,0.5945990812198055,0.5587936567255072,1.2149625477688342,0.789207923330791,-0.5739506563924904,1.369679768822548,181900
3.9692247899641284,0.4126042230796082,2.3285676439849334,-2.9158091374896795,-0.02543116266728448,0.2847157234377142,0.32943352847183327,-0.7471646033421164,0.6327819779530247,-0.01162357186578801,-0.07393673523959167,0.03068667003105689,-0.248665905999271,-0.032909302762988195,-0.012979745195582322,-0.532903311995078,-0.22706979752779916,-0.645785865581332,0.5076612868929142,-0.01094254018039825,1.1607177712226084,0.4230895315108106,253293
-2.5623288863253513,-1.1868123906654258,-0.338493135766723,1.1183340519398077,2.1932638312016794,-1.7275203668900965,1.2402155084278041,0.2047720664823905,0.9497419625264316,-0.94691290188601,-1.7216380215738691,-0.1834639785338891,0.4837221724392125,-1.3571759775142975,-0.19667638054540762,-1.5379026607494244,-0.2667291543668517,0.10900066245050478,-0.9354938382942897,-1.7645358206940478,0.23832084914942644,-0.1903673897981804,118500
3.936689665418813,3.909761716210683,-0.6586251240580057,-0.5126369807152188,-2.2130854212692235,-2.649255649207144,2.8200493023796818,-0.26471685737330447,0.9643769190564802,-0.4764180106411701,0.8750866440972831,-1.4975909755784529,-2.545512359340004,1.04092551725758,-1.2087061454817216,-1.5714028857646472,0.2824244923668358,3.034514166243809,1.3368864289816962,3.314763037929952,0.8756163381322659,0.5342515642888832,325000
-2.39936946979596,1.3074607399125637,0.09108513967989601,-0.7028298284618845,-1.2445235777777,0.1248230668000577,0.5721730592778425,-0.6324167559799108,1.1202870230018604,0.2772440695464212,0.9811408946682698,0.2302309980344064,-0.44233974881682614,0.4553774611760784,-0.8001747833908125,0.7108750618555465,-0.7386027351885398,-0.23223631173188766,-0.3882795097000287,-0.37518667540979495,-0.26555470289852845,-1.1402435932712536,133000
3.895287937241792,-3.256426859922243,-0.39220650237714566,-0.19129562925761026,0.7733332829212588,-0.46041040338138595,0.21829029732384725,0.08559920476500975,-0.7904106869709683,-0.34086738507425957,0.4258030114388879,0.871542383344181,0.007631913093121257,-0.9504468316777553,0.46679422747845833,0.19199420372307963,0.2832043846805671,0.9530875797222518,-0.6712955801985281,0.3545292730907004,-1.097215577169048,0.9732139049552436,369900
-3.0926469726693426,-1.6254089313406181,-1.189435651474027,0.04410421581987454,-1.0536656478835902,0.22843446471193257,1.2898118236574614,-0.3174573690907234,-1.1393788437997865,1.3769077558079028,0.6733804702081059,-0.4126465793308905,-0.9803741827146032,1.9477081556782465,0.3137376522715689,-1.2235153356959387,0.6950467199616903,-0.4398705117447729,-1.4316663040114017,-0.7087637540799258,0.807103046169526,-0.1280882907955177,130000
-1.8612029957594676,-1.986581672488095,0.43514137393439395,1.0172316030152415,0.17059221069956054,0.5565031219736528,0.021942789922068967,0.09502370962565969,0.051979797258182796,-0.28447752004444954,0.3808088322502006,-0.43202384265450294,0.10864588935101024,0.4820068568862716,-0.683696079068051,0.6913022431574012,0.2659634112799235,-0.1377669015944394,0.5101308261571579,-0.4900751759612004,0.677664675004552,-0.06538029204911612,137000
-0.3939549303772317,-4.064490923184759,-2.2462153158975826,0.603191222786948,-0.5669925080514727,-0.5246933852486184,1.339262233470235,-0.3975893719310255,1.3551407746825093,-0.7453949497318841,1.1875103690461923,-0.09840584279965289,-1.1132963165282774,0.06523019423081504,-0.14660852179495046,0.5970941527814038,-0.6337403367189881,1.5423351963200906,0.4725189461053544,-0.9761317113711319,0.3443964434280815,1.122964068817694,143000
-3.495344203823199,0.4236619388225904,0.43196737197022206,-1.1147756110078433,-0.2931762555770802,-0.9702607652788267,0.5233331520877571,-0.3107956605390016,0.08315165082013778,0.055685597945335785,0.5722836432295865,-0.03262739522204102,0.6542768255671273,-0.24474150795464247,1.2123871460655247,2.116051217391772,1.3090905929069274,-0.8635641152897175,0.8768582593333447,0.4273534724682163,0.9231856498596683,0.175536118062984,79500
0.8757403913305637,1.0539504594946616,1.142822636020385,1.3959999265567298,-0.49597796565454333,-0.021891263370882704,-0.2902602292801773,0.21223430326094755,-0.20950209814407486,-0.3942405585138717,-0.4672516203401177,-1.1550296899056853,0.18759959888729605,0.2867531642534195,-0.6281291821121139,0.018489417371788157,0.4026944128377293,-0.6791622156762045,0.5461379057944163,-1.0941987710534145,-0.03133144003669441,-0.31794351692792727,185900
5.810254107364076,-1.3600922567099696,-0.6734024718992705,1.1828714694910059,0.40714714641496613,-0.4470433642126123,1.2943888318007246,-0.18412363527008233,0.1829643976805437,-0.6451824401794308,-0.5519138581418711,-0.13446172967616243,-0.7542647139711891,-0.4232575361541006,-0.39720078632828515,-0.879289375223203,0.1462141016704475,-0.027275306419164615,0.9439139519888415,2.2008288849016764,0.5459248160876791,-0.6415071373823341,451950
-1.9389364183955642,-2.430372702689459,0.2666254134932507,0.9118565037385514,-1.013008607329867,0.14556623612802042,0.8500892052088257,0.7234069929570711,0.07111583799547039,-0.6146880460432287,0.7948858385306767,-0.5513303183397735,-0.16240416096398785,0.21579564333054252,-1.4159274049414001,0.7671592599284345,0.6525513437917955,0.20599096205785541,-0.7290303147871072,-0.5309588099698677,0.49030061439092987,0.12867486790461252,138000
-0.9649979669200393,-2.5950152877156363,1.5542408209646423,2.102648034054482,0.46737275688032187,0.5440145422676451,0.49318420000971736,-0.0774575174707401,-0.26515973788308234,0.14637107181356407,0.430613155749672,0.4221965920825688,0.4338322951688287,0.1401986469008938,0.10210012797070851,0.41538236723676947,0.062078575470461465,-0.2113472480752886,0.39478976413970585,-0.3439874575265221,1.0021786399399024,-0.5217609299885299,140000
-2.2484011554524357,-0.1151288328742724,1.0767225978374866,-1.7163351702157026,-0.40254432842957394,0.9183330706345326,0.2811782898833006,-0.14487550338425229,0.04193177693714489,-0.04793863206666867,-0.5111895414981047,-0.29214604285473394,0.6496957321959179,-0.4064838407627497,-0.6751908888871547,0.25368895164457034,0.23186757482651338,0.18601348644068522,-0.45710535710142963,-0.12105181623733191,0.13896307805603741,0.20812143934777025,110000
3.4010549268412427,-2.6408925677441784,-0.2512522714830379,-0.16153266726820933,0.5206663742433528,-1.5717790150421322,-0.93800374495605,-0.4548112569264174,0.5764016391390031,-0.2130487343891083,0.7700122255804974,0.24160526873238172,-0.146295466185675,-0.18804629178914223,-0.6111805528272397,0.5241877257102292,0.24933859910817796,-0.06518426885769582,-0.8397641998276012,-0.19278484469568852,-1.0881066441076748,-0.8088924004636739,319000
-1.9284091860182706,1.7321010757089081,0.40431416689381305,-0.23317725615313897,-1.3454546602244912,-1.9976886121889936,-0.13543445643128427,0.37898929658830066,-0.04509876141572372,-0.6348905418415977,0.46182002437664094,-1.0317320626455135,-1.081672455797133,0.29149619997435405,-0.7963644420482269,-0.004939041474746406,0.2114404456531041,0.6618271532373161,-0.3835407177236832,1.0333395286401668,0.6718383701658506,0.04360142358554381,114504
0.6552691029100756,0.054808404455730556,1.5982071070233235,0.9971809047340875,-3.508975061880175,-0.28314360221352036,-1.6891991500088586,2.3245228060822583,0.4855658110965795,2.2590931968788195,-1.00915944414143,4.729208807248377,2.1953271431403927,-0.876747074617059,0.45715364042645373,-2.6293869165464705,1.877070162813693,0.18626964319821226,2.333288963136532,0.3737447413384666,-0.24514260636922391,0.25250002063247157,194201
0.7769130279192971,-2.2808554229394113,-1.4749580341319353,-0.07567009334549259,0.8708886670237403,0.38206756648408324,-0.735617325563488,-0.05669486532387971,0.04679792689501472,-0.6267542298799866,0.03989403627198391,0.7781704413934765,0.5082422233841536,-0.49584001911525843,-0.33167762238128623,-0.28888594895172387,1.1466752038866692,0.35058710740098425,-2.0293539701225884,-0.22801804430961645,0.38615087123261244,0.8550319968072636,217500
-0.1369406150783653,0.8452649835754099,-0.591104854451928,3.456035989216958,-0.555877401621555,-0.0006422479426313272,-0.01467480641570975,-0.38100246184458353,-0.9767727279728445,2.6463765047834418,-0.21252246626460403,-0.3564565339586833,-0.6999740043645379,2.0120453897612376,1.5310503851418953,-0.2603099752933283,-0.19182983584682559,-0.7851200753044139,-1.0948373116413679,-0.18352605231081764,-0.2836718208768056,1.001234493262704,151000
2.8468006349515886,0.1794333203420645,0.10480396835082123,1.3590366659206121,-0.019367312875373705,-0.4009813735022259,-0.2453131292818888,-0.047136275260763805,-0.6754585847119086,-0.5945493298379231,-0.4531334053004449,-0.19748667226133435,0.034488855754439544,-0.6825382429362301,0.381022847185817,-0.18937304229433116,0.25910354791316237,0.09601749423460434,-0.8918442257361421,-0.3061060268481572,-0.0443371235601888,0.013216031104315074,275000
-1.2491417603439252,1.814102457134365,-0.5187200717364673,-0.23907526338088295,-1.8362373921897686,-1.8454223168164798,-1.7314911746509012,-1.6601977562931425,1.2802022233914234,-0.37523308277137946,-0.1296082296359457,-0.9930269549973358,-0.8928340629890235,0.10977861377864201,0.1392170331770131,0.23133534497898886,-0.9832031893875451,0.10382957431499451,0.7668743884826714,1.107176436413155,0.028177416383498653,-0.13461320283135,141000
2.299601123006508,0.24679591444085333,-0.7167852463970256,1.8173976944971828,-0.12635678291048275,-0.2456290378753294,0.3239810957915159,-0.6880351103598165,-0.7268112500097675,-0.8017126219785421,-0.6160223846315456,-0.7492152910113292,0.5175330824877606,-0.3818198601767821,-0.20673698165065693,-0.7690590588175253,1.126713800478629,1.464324102213175,-0.24405281617326555,0.24381856089526588,-1.0334905022352883,0.43078478282341215,220000
0.13192902460956635,1.4822953507031151,2.879176545119963,2.8685770948514113,-0.5064919523601303,-0.1707589476899735,1.0108489760323442,-0.8343368931764749,0.326831187927856,0.7053548294537813,0.20911368334543345,-0.429847598230812,0.007368231694968251,1.035019180494687,0.03756771485287663,-0.706944686785645,0.043656953192297024,0.5313544654277814,1.9383122502377168,0.2771699156125156,0.6517062074777729,-0.3756342361504943,151000
1.9005132053631313,-2.0724296289248163,0.12772819825451878,-0.6304085752310044,0.822740777038948,-0.362037293339477,0.04852720287613168,0.6176511907836899,-0.19980211843066784,-0.2425507661214245,-0.13381003004694975,-0.5001283011086888,-0.45398507711644553,-0.17646490527134712,-0.41307023573754204,0.5461151245301479,-0.3078311880535928,-0.5982052536645892,0.25493345191036787,-0.48814240831918304,-0.5815607378037543,0.2213207106269758,221000
2.1224876855762838,1.2793385390610255,-1.7671489562992595,0.3422813082787466,-1.8407859766395709,-0.2242545536519903,-1.1125607888972977,-1.7234196939267374,2.29410673874087,-0.21111669758030172,0.5463848985145799,0.09623327582522394,-0.509203915509657,0.20893902924782987,0.24657921378322983,0.9313397079630599,-1.6435601379798783,-0.21403267234923437,0.8807092815954233,-1.7067502613449133,-0.17325449897182515,1.2366062111969542,205000
-0.6426086893404908,-2.1714729584408974,0.21679966547005822,-0.08901370042687351,0.4070800276755115,0.24506138714817421,-0.29385646083093214,0.8334157742428229,-0.27320949753021795,-0.26262230263808856,-0.5923060158552137,-1.252971293172098,-0.34256435082792386,0.06980510709141301,-0.8522659090543862,1.0928965393018717,-0.30209370511221945,-1.3522913612495167,0.7243924272557853,-0.3671209768529501,-0.03767183710206214,-0.7712827885113106,152000
0.06892616910354106,0.6162396180846169,-0.942446469398696,0.26051930467739953,-0.19318622315418976,-0.8057168373088617,0.7461849068488066,1.7758933314066108,-0.38987770780042785,-0.6062175844287707,0.4631281319239949,-1.0109658563473245,-0.7038238813064409,0.08501077542987395,-1.465544059194207,0.873149986347017,0.3578709211132114,0.2676330676662969,-1.8565994057837183,-0.9755024173799972,-0.7878537003927572,-0.05054932073029666,225000
2.6136239193480533,3.0826094912758335,-1.62146105421994,0.2651794483679716,-0.83357654001765,-0.16879254633178575,-0.4626865780820513,0.18868034917130083,-0.09256823812580313,-0.8874764598980313,0.3250089507090198,-0.21793270781427918,-0.7849168594288274,0.05340363782377915,0.2549060315910535,0.5532702921627942,-0.38939594492136526,-0.04277481630273013,-0.24104715117021228,-1.3424135136025896,-0.6806796347112893,1.9057624775410562,359100
-2.3231395774115513,-1.7957512391189072,-0.7220069640846808,0.15256505730784678,0.8622818308972162,0.5428885286609859,-0.6448006558168252,-0.3297402459713486,-0.42265040390481123,-0.8865908732275257,-0.3462745796056979,0.3103575533360527,0.5116370769665302,-0.7032564386334234,-0.381224906519784,-0.0676831882334631,0.5631784202318888,-0.15587407673170167,-0.825302277400817,0.5867634681359678,-0.4163997877480567,-0.44374411929816376,118500
4.374110451284838,-0.5906884549951118,-0.43924987059030146,1.2496874360584163,0.03668650124742414,0.24959500424562542,0.8399231040411791,-0.633982115351529,-0.017396994789764565,-0.29795527199385297,-0.04863478404178715,0.26022565348270954,-0.5347687870107866,-0.21471173152124123,0.3972658410587448,-0.2192730772343735,-0.3578078274729557,0.20171518709637978,0.8915709172214716,0.7983195189186618,-0.5067528947751624,0.8937628717418987,313000
-0.1869781085665978,-0.4525648918090081,-0.021983358679536328,-0.4222111762556179,-0.8948968132193816,-0.41184754454514183,-1.7084366955274752,2.413114489799874,0.8920723121771752,0.9064003835602377,0.45634109452184307,1.9319640722652114,1.0014575901986624,-0.744390537029001,-0.41488879120379696,-0.8752861276403946,1.2316560712457774,-0.21286217756383646,0.9286946424798983,-0.8022928964167391,0.07282584068324796,0.8558880933703804,148000
2.7992527568440124,-0.6457176469881905,-0.28994282478858735,1.4570748104555105,0.21077697388513345,-0.6941308837738491,0.15381804956900716,0.12152361043406541,0.163163976931217,-0.6185248485538775,-0.32794086030043945,-0.9522313838984083,-0.915718022004581,0.2135982441326672,-0.2587434041170574,-0.031743669073488946,-0.455920336379603,-0.9018778105782386,1.2691405602203951,0.031598845121063,-0.11434287358556008,0.09136357595904644,261500
-2.3034964111553204,0.11529663160152488,1.525401123498542,-1.2695833120108198,1.2852089974380514,-2.8239052520197583,0.7499512881772757,0.7498669912247468,0.992312000884743,-0.5550100088438495,-1.9042929846868404,-1.0606371693564278,-0.38233146766792203,-1.231665206596574,-0.16508167378016836,-1.180157636037564,-1.2479342395857438,-1.2330283283937855,-0.4023960628327781,-1.8661549662327566,0.12674578760277808,-0.207374204471208,147000
-5.025451014796108,-1.0776602017728647,0.3521209036633772,3.1595858370164422,1.4496267779385625,-1.376362463817349,2.375948889001646,-0.5089243392168395,0.8905640439525503,2.217223509117185,-1.0894446722410294,0.4574879871069226,-0.5030541481335498,0.7921351582334821,1.6264347836071449,-1.707524427792785,-1.4411465673449582,-0.44932329384470193,-0.39792154711851124,-0.5933630821280034,0.9166431412275173,0.27525020513620035,75500
-1.3619944041541145,-1.6059710232613496,-0.6544544736013383,0.7102718423609568,0.2041466159497612,1.390861015268651,0.7104939927028343,0.3113856542367039,0.38350428749442667,-0.24761737261738442,0.34727152913929715,0.3892792401814218,-0.10551195139265257,0.11247974114531109,-0.9042219520729526,0.9177957318217206,-0.040935428294203366,-0.37170556259780135,-0.10039722228575293,0.5685843872519916,0.7188863086550886,-0.12133696514137729,137500
1.1911857608370486,0.19831958282234524,0.2590047079612355,1.6720941412643673,-0.2343087756924369,-0.4953436310349636,-0.3833000030501381,-0.17540056041684232,-0.7833469210176428,-0.44843613724392073,-0.539769116504999,-1.0326273389840182,0.229150808283728,-0.20961373298298283,-0.016825521854460426,-0.10497357500351398,0.5299579971892429,0.5841805248551322,-0.2747532067183233,-0.46452062391724136,-0.8460284628025094,0.3541313450596657,183200
-2.5287031577764347,-0.2847812127343326,1.4517237644377032,-0.924480619729484,-0.5918876141231879,0.512118817675897,-0.4930935430667511,-0.39959083550016405,-0.18565855289520627,0.05371508511965034,0.33969209970199393,0.11717450692898651,0.15613914930467385,0.026727987027626354,0.03450329654850849,0.6419101203106912,-0.009124999830027113,0.19792079513883357,0.12741484073451353,0.33833114000541753,0.569208163218395,0.1835151569594652,105500
3.8790858548915628,-0.11787765244777194,1.7293195055351789,-3.114054505270657,-0.6898966923846256,-1.3181766957923058,-0.9817599263442305,-2.526460084278904,2.5409419714655397,0.7856048939269609,1.0962644921441422,0.8673020591666342,0.35461836172723543,0.1174942853159309,-0.5146566698916164,0.16250379918312996,-0.41318100587046475,0.08119447094085475,-0.9119403046898381,-0.6216344419592152,0.2953057498047611,-1.5714571795597803,314813
4.22648992819289,-0.021850218603060287,-0.8550864342092727,0.6425087056924422,0.3368418817273975,0.500225472936742,-0.3660907776137305,0.06926601115109807,-0.2032798914424612,-0.5824528656180997,-0.09568349734481535,0.11036176697952679,-0.3860137068041212,-0.30418250384696177,0.23665140250478303,0.5237554979933565,-0.38690442443017714,-0.8192656143818339,-0.13281927806529273,-0.7681607464987499,-0.58615202574995,1.0855481652866945,305000
-5.088615340378819,-0.04515242244884497,-0.04402618822353688,-0.9137425746207006,2.6118893671356354,-1.441215359089539,0.034238567921966966,-0.9861031041822387,0.09362773832037997,-0.9410867645147302,-1.3444284854198048,0.04684281163812527,-0.4835603681096833,-0.899021330888441,1.2015359785317963,-1.6026590657110202,-1.5704970676982184,-1.0632377494175194,0.6795878218270485,-0.6359679635122361,-0.41607538996807963,-0.845539266647287,67000
2.776108936901645,1.5395860202121867,-1.6980140612148136,0.2829731176681751,-0.8276051924173549,-0.6076495399122072,1.0121405531380876,-0.14921534932448982,0.5368284174421195,-0.2490638773309316,-0.5208852066734715,-1.2507015379169053,-0.6570968206743241,0.6477782791886171,-1.1907690052325675,-1.15478778563597,0.8740564290212439,0.7946312603312847,0.20024495129473704,1.17710552125176,-0.2458585176998485,0.8880082226834835,240000
-1.350488910043445,-1.0820432266390672,0.5740418127314071,-0.5328821460269445,-0.33146921987139544,0.9540199288648931,0.006110238941214791,0.5920538219391708,-0.02564120134049972,-0.004441179762971911,-0.35624431068224016,0.039586789049576146,0.02334065606026834,-0.4496251673837411,-0.6578300702939688,0.96158861034668,-0.28118295680207245,-0.8936569067334245,-0.05325318641387536,0.6812113520467179,0.25873715450222456,-0.422679992996864,135000
1.1939089914149874,1.0461507441060984,1.277131075360027,2.4900210929535347,-0.11084849369430233,0.09445892095026906,-0.975383568516854,-0.4695009918700223,0.09276814636915363,-0.4500627207050808,0.1945895042615086,0.9071518205552104,0.5757062316545837,-0.29304606385237114,0.7168583110034499,-0.4510100532097211,0.21888437364579302,-0.13857870298272296,-0.46192572169085755,-0.6549078389468344,1.7622001258325517,0.5954120772669292,168500
1.1848773891377662,1.3400891768066578,-1.611703609419055,1.2307632397348356,-1.2041250601790385,-0.39998854076998797,-2.50673461566795,-1.3591606438696424,0.6442740782026988,-0.7595284336230268,-0.9747384948540734,-0.6917552208578027,0.032165190243344154,-0.7107275522176261,0.37546857381524074,0.8691195904131979,-0.7079379825884967,-1.3186332450092049,-1.0746874432325708,-0.17604482244615524,0.02827099656441478,-1.0781674652722306,165150
-0.6075455327713152,0.20032243347340015,-0.2810027428389257,-1.6709312297999905,-1.966837436694109,1.3359339778134276,-0.5143114940417917,-4.016056108980352,4.014457248623266,1.0883261951853338,0.31629698907104187,1.0843752128979876,1.547017448851961,-0.044101507985586014,-1.070231401157648,1.0645262123838117,-0.9244816935758394,-0.2795690204444329,-0.9161734854019467,-0.2994759834103954,-0.17781103135023693,-2.999313778128081,160000
-1.6420248620612214,0.2886315695176432,0.43047166740422715,-1.9756907140520386,-0.21665356989126264,-0.06840791726431433,-0.7960219053951207,-0.11029169444171037,-0.11197053945886891,-0.07261562583300472,0.4182198178414203,-0.746361917786573,0.05592381913342799,-0.9289688495838003,0.7548350501077858,0.05481771611529557,-0.15392262503462878,-0.2414225934244672,0.22510060526182535,-0.4395995097162274,-0.24627539662964637,0.6948696971074104,139900
-0.983191834006042,-1.052949233534764,-2.0611147084986388,-0.3560708472547362,0.47393189620220666,1.5083510398159001,1.0052645720126163,-1.1840857634260313,-0.43327301216798736,-0.6360648711028614,1.4613196607743208,1.5824041145928145,-0.7728595994595692,0.5708027361874051,0.6073845707281947,-1.1816611481755996,-0.458392094489507,-0.28105618812665606,0.492891125971061,-0.5954865990834838,-0.1431716363378003,1.186064750501333,153000
1.6712849437686155,2.08378364840639,-2.555127130433983,1.0362702583200294,-1.9036677191925273,0.2536111877390164,-2.461415551411789,2.0403481573768127,0.020890226603207846,0.3121993338895833,-2.15188039103686,1.8305517294126525,0.3352602426407601,-1.5763655354639738,0.5020079535933445,-0.33760527191970924,-0.235899177047579,-1.3116074093796344,0.9787034495676161,0.8540152273215854,-1.3706684024603097,0.6818929562739835,135000
-0.2424307180467467,-1.3288560263909026,-0.9125660492435838,0.7479526366316014,0.36855353064193624,0.8607194984447591,-0.5703091173539597,-0.5070586177986389,-0.48973643045559023,0.6892136641346476,-1.0098663447505534,-0.059309203816122126,0.14913496532229978,0.297408524760395,0.5344545974316782,-0.2153115132050677,0.314297902123022,-1.2427778191762586,-1.0438302503066736,0.8433847555944066,0.8476522518985927,-0.38219125105716084,168500
-3.11234251307127,2.4088524886996914,-0.998088924313483,-0.9078813638197583,-0.47498426461409193,-0.04439391896062208,0.039744919689200416,-0.19984825681415375,-2.3440834450459187,-1.3296641168964392,2.3136563012814126,0.976983635612907,-1.2926194971456357,0.49722929633877155,0.4566691407048812,-1.2124377599401333,0.3409040811419974,0.24474109182182663,-0.5056895725794388,-0.574640896828124,-0.44916489391951847,-1.652579633097061,124000
1.5191211791148318,0.10265435736451653,3.3447431554408182,-0.26420702673464613,0.27373165487433104,-1.6280116659837924,0.044244741348143116,-0.12327937754654193,-0.3451392119081227,1.1133482084796755,1.0696500731528582,0.847672343160769,-0.6374743495073346,0.14412536127246672,1.199192462755047,0.10122812682026154,-0.7761272153025153,0.4723708666542956,0.20203583460304958,0.16436460861539595,-0.14192672010846236,0.39493782226020346,209500
0.9982783468150223,-1.1569597123894593,0.17193577073709965,-1.1307196106784356,0.5804897668783706,1.2287602492264211,0.29127213900526816,0.09827024830930299,0.09135643081052393,0.05889186787901442,-0.23716534327370312,0.8411443740521747,0.2982338547324646,-0.6716790329417325,-0.0529230743942719,0.48222255020560595,-0.33945945147519313,-0.243286452115684,0.10112103459415359,0.05348483769490752,-0.4211645446511639,0.5151830898892044,82500
-1.6821347795533224,-1.4139376763075722,-1.2289621068436816,-0.6145370998933835,-2.194096542282868,-0.6720555435042705,0.03272010889848255,3.393646840925174,-0.4674600886074647,2.8814827059980357,-1.4679386582406186,1.1501154636015245,0.02589098491613021,0.17756208765479548,-0.5059320160223036,-0.7067070534891621,0.7056628077189491,-0.9675944525277994,-0.6205506658954034,0.4336281478994294,-0.5299747458796831,-0.48689030896391705,139400
-1.7958024336936909,-3.59981278640528,-0.24694863585551766,2.589489863492554,2.892341015473462,0.8669174006367875,0.14514174348035044,0.38874176637465807,0.7114349692422633,0.8852958898958297,1.7985917592560368,-0.7276965221472591,-0.31310013467079173,0.3274930002745026,-0.02752631514722032,0.6300131183957213,-0.07008674115267642,0.08336105098647208,1.3242032238983346,1.999868767805416,1.244459882053909,-0.3869932299839862,144000
0.05513325272058643,8.431866580809897,-3.8912377059178933,-0.8849697773834837,6.002935188726274,-4.780763843775428,5.125562893009565,0.6577695104129243,1.8508575549011386,0.4649073613767247,-0.8732697572710798,2.285842043579077,1.4833296596972263,1.17595226967102,0.4000888318009689,3.9341031036391834,4.663407755236756,-0.37570846375445266,-0.9104020699697182,0.6757843786421319,-0.0015763704492992598,0.6513565376300918,200000
-5.645718717840339,-0.10892501755144418,0.39420524030260296,0.09473695030220067,1.646959752972753,0.24383697693920006,0.7809442895360411,-1.5985710616977458,0.8848106165961588,-0.23942532765680535,-2.3077702866737493,0.6758136225981399,1.1806332427745727,-1.653182203596856,1.5286161084362757,-1.3613725504465672,-1.3869523654636078,0.537928532787576,0.9443110119170781,-0.7071932831273708,-0.3675843614864298,1.0108562812778688,60000
-2.0604760699470153,2.8889473950561233,1.10787027317114,1.1542849779100703,3.7229660112511818,0.2792262369430023,-2.11348764654409,0.7184911845544932,0.9076472744697134,1.583090483263023,1.0379775543090144,-0.14501701369251221,-0.49251223979777975,1.52026771462951,-0.11979455982516982,0.8354523659535101,-0.8780406742038198,-0.09889225501435583,1.1231859569494202,0.3607955746816497,0.6678666898753064,0.28561369885214416,93000
-4.734157032990151,0.5926998666496421,-0.7577417611261809,-1.580992541737238,0.6266006241848668,-0.7967244176069113,2.2204269928793416,0.48355192506054995,-0.481229368289247,-0.4808454369196901,-0.4650339141207303,1.1232490605590277,-1.1784404470664762,-1.599587368254626,1.0260785050826462,-1.1262297474564964,-1.9823589815860398,-0.21874801679914815,-0.7187789820400721,0.25948843480047695,-0.2566181278612376,-1.2321303787709268,85000
2.018110417365208,-2.739891533252011,1.4056165603854334,1.7928646264584105,0.770384382880703,-1.8035108635947272,-0.6977250596340572,0.8043257512688502,-1.2653157122078782,0.3438716847087813,1.3769430481027636,0.3995036490611079,-0.7054728890416055,0.17695356558366981,0.9294220069976121,1.0988922004010646,-0.37668909851036636,-0.07105247934064576,-0.010655374727662346,-0.4034586402354518,-0.7468193529794602,0.13835102462421506,264561
1.9945582267400466,-1.980051366721218,0.9824748382653407,1.9317737086794806,-0.16873276034837503,-0.4033559099866858,0.26799552069210153,-0.7773916874394395,0.3436555423379171,-0.323102755466516,0.1795041002076145,1.3891951237331908,0.08818550055655038,-0.8641234830367718,1.1471559686184103,-0.879869043640017,0.02373029512276078,0.6716464997661243,0.5346693592997168,1.082832141662001,1.8170574656111855,-0.046114109979818345,274000
2.341822791181782,0.3100343271651497,-0.13185780625682006,1.5938766675255474,-0.1333645685602456,-0.949788871583119,0.3843518443836403,-0.9684671773410463,-0.04204917877311305,-0.9281848289665714,-0.4927498610441471,-1.3526579728470498,0.056382022132687115,0.25400978328790547,-0.7379343906236201,-1.274042969954963,1.077725936778669,1.1166877355884723,0.7396213971256771,0.6006703081894339,-0.5754352404294807,0.5841628599258358,226000
4.347574364159631,-0.24339765779388972,-2.6562322122464312,0.7629699300985471,-0.0633483550647484,-0.415497458111516,1.2249845606098944,0.18352666650360336,0.5180714206285789,-0.4638444964392709,0.49825678867327544,0.37857218346204946,-1.5735328150010044,-0.2260987370359076,0.24727815556296978,0.37667588864627133,-1.143373765616399,0.4660748390850969,0.5524013926186134,0.6415431729679084,-1.5689124634174114,2.2624053540405127,345000
0.28700389945148824,1.2112334028534384,-1.1126094504191946,0.9990332232153037,-0.07370464519138942,1.4106195002135085,-0.7302192410011984,0.16552281145702977,-0.8174398401768601,0.7002336388815675,-1.6433719550497645,-0.2697428719389617,0.7264254696159297,-0.21315796844714366,0.1532682045286748,-0.09018301375269602,0.6874768516761315,-0.6366776542766976,-1.5151324339700334,0.33538877954983026,-0.03551432074487469,-0.5546935281969992,152000
3.8734117047663568,-2.325332706917508,0.6702931601617308,0.20571389106276888,0.16043624722709326,-0.6476243381956228,0.4618304111202871,-0.12723419667543684,0.09903891100270883,-0.615285515983718,0.07055313210438698,-0.6067229333120985,-0.7826309207700991,0.13346564657767482,-0.3232223082828103,-0.15995082250805767,-0.20377136447469452,-0.9824551570360087,1.1871495705494606,0.4091859363861611,0.24846097146020027,0.11005730510723039,370878
-0.3490890718241763,-0.53381270887462,0.24404929202753792,-0.19822907905336826,-0.41443683594587755,-0.619416133647045,0.3189858544325876,-1.7642418476785158,-0.26729889588266836,-0.8245630580025158,-0.9539934851138421,-1.5759940135144548,0.18364261279455152,0.11204817175141243,-0.8321026614347035,-1.9075566172381335,1.5431935797495249,1.6271639135884421,0.9176090194347508,2.499727055811269,0.20883105939807903,-0.6669102910983089,143250
-3.1885938897766497,0.28054865179652727,0.36689202736337223,-0.023642085499314753,-0.5918894855351773,0.8640208268434956,-1.247822128296019,-0.2580367839498835,-0.38288185076141673,-0.36785171359865426,-0.6475247523167564,-0.8035409759506318,0.4617612237395601,0.0377675211390543,-0.5034853468204367,0.7312940518653603,0.318288189175724,-0.22203765436229658,0.592217687395312,0.267535072462258,0.16267350117034235,0.07143780468942579,98300
-0.46012826484653496,-0.8162746868287035,-1.2951329954117896,-1.784907072480594,-1.1340258831044976,0.017131993199753923,-2.1628958780018013,-3.074620429875344,2.796266943091713,0.29917328281151434,0.622846882454431,1.0829946231522192,0.7139466123933267,-0.26985154176162396,-0.06525367438558353,1.2315691779791098,-1.2167184605209551,-0.008037774883200602,-0.19449074782381326,-0.6554151817658799,-0.8041136248105655,-0.2398363492677748,155000
0.18150117786738776,2.493388315696536,-0.7745567460258661,-0.35679210795808736,-0.4593198674573832,1.6191243742974293,0.055062548106070454,-1.5699084561991872,-0.6043219761807189,-1.354806950133026,0.462571812132129,0.7531822992105408,-0.7260396151776581,0.24803664838435918,0.23918427748629406,-1.8089760819500451,-0.19274228314849534,-1.095699461804021,1.364167849247612,0.831049534922093,0.7143801541084756,-0.58652612064405,155000
-5.134119824519421,-0.8246004434146825,0.3853594704564569,2.833697037642509,1.294663747545998,-3.3698790434448096,0.25064374136519246,0.0745773197614871,0.40531771821270657,1.6425756725555594,-0.834129050033545,-0.40864400860287614,-1.1030580863803539,0.9461800684246862,1.8213621275513991,-1.4610494113281247,-1.3138495885146666,-1.0090347393307224,-1.0151962253251199,-1.3890036969399886,1.323611953429239,0.3884958658537148,84500
0.7958566793393096,1.6879408250562882,1.7104597837803353,0.6712399579320796,-0.8796785301401338,0.7760751580072307,0.6519607516609026,0.06844963160865306,-0.2498699401312701,0.09543104004910591,-0.2004110998222829,-0.5397511504737156,0.4981686132783644,0.09631531368375751,-0.4508712321558948,0.10474146652852041,0.4253591548429724,-0.0022660693123125485,-0.39218827418823865,-1.2187693993520197,-0.0153430369202036,-0.15054493410552366,205950
-1.9037422558074926,1.06807560161315,-1.0293062835883082,-0.12485342118423137,0.46447673372073095,0.46100573723270166,-0.8451081686459518,-0.12636262457448155,-0.05129078435285637,-0.12122030371717782,-0.5751098790621405,-0.46865215520715275,-0.7593005143332597,0.020076306646749677,0.2816389845773485,1.1010538121536666,-1.2932068383289606,-0.8444095633521596,0.6729650108295783,0.5636921301303474,-0.648601634357057,0.5577399911819253,108000
1.2708858566719978,1.3387893262418982,1.505777567686605,0.43283479825906446,-0.8338914336625447,0.13779666758128675,0.39995912443249415,-0.839416382936635,0.14025428707840723,-0.08112223722740514,-0.30846605327158233,-0.7900685866785049,-0.07242902690032825,0.3368480825198287,0.19994445227253665,-0.45598832897579783,-0.21215657639552335,0.2391420404295048,1.516821271782902,-0.324384839319226,0.35302758135067847,0.6711561828791747,191000
-2.4825411131418185,1.8398237583131476,-0.6375365066910152,-1.0916860666145727,-0.9135604913686413,0.5363140068769304,1.1763199043866082,0.1787887474010941,-1.5379984657711232,-0.9378865857788108,1.920685911768051,0.7571861566475285,-1.3728518266028384,0.42254562210660473,-0.03752009109301544,-0.7352714371461565,-0.1738039762762246,-0.12503087060765428,-0.216670106456342,-0.5516010326811053,-0.06658837673817447,-1.3928063326824378,135000
4.314740612986026,-2.984613463738059,-0.6887564051633078,0.30269413755373403,0.5753644064998558,0.003011556965762897,-0.1194094892440735,0.24796353473267865,0.4140360734039465,-1.2447102573602649,0.3496313975027072,1.135801985600291,-0.543005785178654,-0.9025548850178882,-0.08500755596966436,-0.0034095661242585108,-0.034840616283177105,-1.3506504452507917,-0.8287940340048148,0.8395090513607005,1.3914372318859447,-0.006398855912107289,350000
-1.9127898243208248,1.7086976810787315,1.5946521177344484,2.737954675264926,-0.13603799468116234,1.512750148654909,0.18783398670952076,-1.1315109502887155,0.6031821968284189,0.31367496583199367,-0.12451369192581616,1.5289544424378536,0.6352198001276542,-0.19843804965088616,0.7629214264711831,-0.25281608166052766,-0.42976208575888636,-0.5116678319058795,0.061065383581091086,0.5481486917356381,1.1905146030574616,-0.19438971919068226,88000
-1.3923102579033118,-1.323417485693024,-0.4786475613426757,0.6035054729878203,-0.7215015632031322,0.025176614999612112,0.5026207601088151,0.49089090256706114,0.351799430091992,-1.0146405748032652,-0.23309038794775777,-0.9135190250712444,-0.27484094213682847,-0.21845074278805374,-1.1337482435260808,0.31257384066005917,0.25788448681822657,-0.5780995527658503,-0.6972501631967603,-0.48597130947821726,0.47895366590772415,-0.12358309220892423,145500
-1.1282806914267562,1.8622391000679468,-0.00986849005292764,0.15110377828788607,-1.1790123498679097,1.0132108428806155,1.0999576766346264,-0.9145680929935989,-0.6580269914959721,-0.6024068289691863,0.714877553934784,0.8290459557276869,-0.10449361485877148,-0.18893469882719788,0.5490472097795013,-0.7761823887700712,-0.07045345906247656,0.5386856244292108,-0.2891779137908305,-0.6451110368061216,-0.28828803907939227,0.4366645685724611,149000
-1.4142604138259798,0.6257518328432607,-0.7944161901824858,-1.2815585448413054,-0.9898089589692292,1.7308489957331135,0.018472577634925134,1.210176387356172,0.5735457727436662,1.511651827751751,-1.2600306844158666,2.721636308340146,1.069753246211645,-0.8360272155834764,0.26260253733627004,-0.6053024638772586,-0.09116013957239737,0.5462020122546999,2.0701120175386842,0.48771762597018065,-0.9070750033665539,0.44995244505381715,97500
-0.7491858826240553,-1.5797800742221115,0.12784526280395783,-0.9810147738162586,0.03089200223009285,1.0384058573935702,1.4741995566916652,0.05968702213918126,0.3688736188644501,-0.23915945563807733,0.4837364496166671,0.04732812806172811,0.09950572538781807,0.1009949568506865,-1.2787660590945167,0.43201224116523124,0.5487606333776889,0.34219184038829903,-0.710680896842584,0.030501965074195645,-0.0819409098267451,0.03999534880009743,167000
0.9833177437323207,2.581365336084072,-0.6768447489360795,-0.7050212042624241,-1.1590667924553621,-0.4480331431835233,-0.4778169315617954,-0.22300609320437179,-1.4145332291484178,-1.6325814822311933,1.5651151575945892,-0.05050109192484948,-1.744255235798557,0.547757296114175,0.291216533767337,-1.526626594555836,-0.07064626185029768,-0.5536131786007104,0.5341988953984229,-0.514310137029378,0.9745456534322002,-0.6901595406453273,197900
4.979313236261217,-1.157716152981278,-2.8570795731206973,1.5186740079538323,0.008041305102264092,0.7871149414725993,1.0417814515573278,1.665424848392106,-0.12989076512620312,0.8308780562858045,-0.7300037139691974,0.4318265018109084,-1.6216854691466076,-0.7893054600423026,1.0390897633475258,0.8700064360079808,-0.7459308688251386,0.49477916019782947,-0.4798568891385648,0.6612373642794637,1.12472305922268,-1.7487150488622314,402000
0.19770859551276057,-1.0047867882235486,-0.36972860426918286,-3.2370709754997558,1.1774569332335683,1.4057786469967009,-0.7308370792502066,-1.9468288241409009,-1.4410681540681793,-1.357089336695115,0.9882693653534154,0.9116352249956987,-0.5953429231110584,0.16769984603403862,1.3906617410028668,-1.4185897703085393,-0.7108313381615656,-1.0459749946741865,1.775355922283849,-0.948083240829005,0.36724877843222786,0.2208649705829195,110000
-1.2750374457265814,-1.3013678278335914,-1.2136999743374124,0.08637398525464739,1.4829010585695892,1.1515579013079968,-0.08146688357781727,-0.3414548513103966,-1.426484992476512,-0.26155734282814913,0.8241745092333742,0.10924382605192053,0.14152823518439184,1.102879649210062,-0.47116083286030547,-1.0699501237798505,1.1612720997314452,-0.23151969899368657,-0.004368107009474172,-0.9023377832458536,-0.6794976690174419,-0.9141647427658613,137500
3.299916470922761,-3.5678842922486664,-0.09083293891349677,1.0568659876021904,-0.06938677076206706,-1.427002057014998,0.8482910753408882,-1.2578419289012939,-0.45659318777499897,-0.675111203391684,0.05687645893885843,-0.11886755658539444,0.0002428770604936736,-0.6837502362634945,0.4549624617522552,-1.3436659829985538,1.3917766784999195,2.721572565569703,0.729897503923755,2.0259575466533053,-0.5021327197661171,-0.23615443335131542,423000
2.972052515179071,1.3354057417964293,1.2791972329953352,-1.3924503978829839,-0.46126161425275375,-1.444910318540485,-0.6555591606757231,0.184434702313816,-0.6155358604715088,-0.11769798520015382,-0.6472904267577044,-1.2171836710757107,-0.597950122190076,-0.3100199445344736,0.36667803644953917,-0.09168919260220706,-0.3511795757638636,-0.08614940663003975,0.24442527580835124,0.06582273566307835,0.12226939382684991,0.18757645523687647,230500
1.6946115871914456,1.45900068644623,-1.7250432497858377,0.394286925076819,-0.9865869959169091,-1.0337500160709439,-0.5158884236512978,-1.2059193290619765,-0.37126706023635747,1.8293136193609725,-1.7067423923601355,-2.064971562566165,-0.7677261011493686,1.9855949465889018,0.8663127278510192,-2.2957634307924595,1.0758872793815342,0.36840132858562946,0.14703110125920366,0.9791017714946142,1.1327626774801376,0.8054673059794885,129000
1.5971771789368006,-2.1391795472841233,-0.165735865136278,0.2496022041762192,0.9039012784076779,-0.5793751657764251,-0.3342098810480229,0.697179603685772,-0.06226157537565934,-0.4136348627127877,-0.031910323126443166,-0.07165018789206408,-0.6641895417298503,-0.2920601588597184,-0.3521437019643976,0.5991111853455643,-0.4647295861909732,-1.113305701642986,0.06131664629720892,0.19095509808204902,-0.49284544294820937,0.13534128354659528,193500
0.026695122422275525,-1.6611464609260738,-1.4060534806516594,0.44394978255584966,-0.5141833228305593,-0.7787792564758463,-1.135235743775993,0.9439063377682989,-0.8756479544052693,-0.7150192466646174,-0.5092817482736127,-0.9012193017121846,-0.8708031029050873,-0.825145738748985,0.250636350976121,1.2955637351409013,-0.4912007368095359,-0.4689952420816215,-0.501074746453655,0.4639573362480046,-0.5867348030911727,-0.04111176059984742,168000
-3.155153140837979,0.2017054255160866,-0.26117504847569784,-1.7822567409850758,-0.2675297841697258,-0.06752787164176556,-1.593691092062977,-0.6181649671912858,-0.8795427589323876,-0.713795421410892,0.05724339397666084,-0.007121853224958751,-0.07188118469994176,-0.47510070134020055,0.8678455631689089,0.10687213409378474,-0.2199727148153748,0.5849580984764158,0.13097767106345012,-0.07787877167265785,0.10133053589550171,0.6658093423906036,137500
0.6585290501200154,0.414573670007303,0.9763158285215428,1.6314775473955443,0.023346579229864564,1.4737003494442393,1.2714999746118971,-0.4069843254595483,-0.35687377898249495,0.18344265990060588,-0.7346815429458184,-0.6053694953927424,0.7947451902396168,0.048070539222235927,-0.47808072757689274,-0.07855488945224325,0.5133770029165607,0.266455827189322,0.06652020906448788,-0.47003570461328364,-0.6014302374384797,-0.5941875214030033,173500
-1.8252568578255837,0.22690943852289042,-1.0012631942662713,1.1615717733976902,0.5231996361439222,0.521268648867606,0.22526780609585606,0.3741617278359521,-0.1138395753814103,-0.2095570022064548,0.09753201185687393,-0.07741309948191319,-0.4895456531645802,0.21005287640372355,-0.417010880071225,0.9582065367021629,-0.5231961544542356,-0.41937295816267117,0.08274072937119212,0.4208700516808824,-0.6996819735136898,-0.1221415109016527,103600
0.06957271512837418,-1.4900698320111712,-0.6240479185952327,0.26187205525434337,-0.5300731506147275,-0.3267613294625771,-0.5400356144762958,-0.06969144009537905,-0.689404899128938,-0.6256538433526525,-0.4876181776891689,-0.4984558822816744,-0.11519431645297623,-0.8537701564557193,0.15868772171509693,0.4309405551330567,0.16172420362160098,0.4277216175396002,-0.7052945681414972,0.721483470152658,-0.6907969628131362,0.3699611743063627,165000
1.8634279928394721,-1.8695109884420493,-2.3791260959894407,-1.1252399729537013,-0.6477245686111034,-1.0960114120850426,-0.19434770297124826,-1.22990460254312,2.2191875300781887,-0.4782460906154178,1.1113168904799327,-0.07519688800105126,-0.15275570500722338,0.1751992683098726,-1.374971611199201,0.65082666690009,-0.062150297399420844,1.1086607115839129,-0.7664349311865353,-1.0966415669235503,-0.8470550933490893,0.36252517258732453,257500
-0.8280490206575828,-2.1848135042155064,-1.3192014180838436,-0.11940527827165855,0.13933255042724124,0.1666498740719734,0.2560120582123142,0.807356673874174,-0.6086720249109345,-0.09953284132303654,-0.5842166858297283,-0.016419573589755886,-0.6135687689098339,-1.0059217859818446,0.13583966301778724,1.3220774940686943,-1.1079453444444707,-0.4971791464202327,-0.26376018239958254,1.1049062713822522,-1.1994924940140577,0.20650971663418513,140000
-0.3407000990372246,1.6507602883341228,1.142912885487325,2.4674945263699235,-0.3115663007916101,0.7379951708893989,0.2581547367589324,-0.5118734299166218,0.15041769880603706,0.6227761027831745,0.6890769783167527,0.9484435570064472,0.1434242674866588,0.36452705930097173,0.6090889315039298,0.3497881150278072,-0.37942654134785403,0.4665981122916782,0.30446008362697313,-0.19840647365919709,-0.5589094965105719,1.0125799565682578,148500
-0.9985507917364652,2.5139310220699986,-0.3984345423328382,-1.038893010834344,4.608859948331299,1.2784954419699956,-2.9107300349386396,-0.4379960868965678,-0.9081071205822075,0.5500027084238677,0.9475972266268077,-0.10099215359039339,0.23151645782384483,1.083827267635557,-0.25735351940936485,0.0446749277301166,0.8874892476411093,0.7993149776744973,-0.17279281479926425,1.1049121888169438,-1.0500650485605403,-0.6538866255324983,87000
-2.978454362496559,-0.23758814397734307,0.5599459366181202,-0.7773496444477662,-1.5207461717987218,0.6184625143563482,2.195590084149517,1.0137578780422936,-0.894996081233974,0.3429930260828333,1.1104056636249893,0.6682241389914925,-1.2381808501937774,-0.2600779341420954,0.03508196739907559,0.5842066136407238,-0.9981261205773035,0.19769842338911361,-0.3609782598644195,0.5572933737272844,0.1471549888361833,-1.2292874920424406,109500
4.379344135023961,0.17136206184823233,2.3129593554593466,-2.3707900825828627,-0.014075195334649501,0.4574088005869292,0.7340772582768009,-0.1984263278379954,0.13432760983405892,0.6579541466549451,-0.37768400032137095,0.8609044502035629,-0.5515062418300726,-0.8269720197092263,0.7655448079608593,0.013064351556021985,-1.0414217032081399,-0.8783099287517793,-0.03404492396135497,1.3069692871138487,0.8131404101558046,-0.4117446604097432,372500
-1.7158338305202356,-1.7898289517663333,-0.4004927553572796,-0.16734256553773005,0.5479637433387404,-0.2148705759240162,-1.6512270320748315,0.12576091771197503,-0.32773867384589517,-0.9758697633736793,-0.2350824039406147,-0.856362904611111,-0.030621137829530094,-0.023784820220704224,-0.7082792893461041,0.7062435171349873,0.4308264620648581,-0.7857145311054299,-0.03578083581546816,-0.0057618960405931875,0.02702125709589493,-0.17949151808532635,128500
-1.3431264342413394,-0.7661560494656734,1.0020707380877865,1.1558760723785462,0.44565237654764805,0.644257055948644,0.5290010999151121,-0.2514663844209674,0.2545446882475987,1.1331919820764003,0.2325584141344047,0.6667074209791538,0.09095928636598508,0.5131131672685455,0.6915449613637983,0.215492450420316,-0.74680216414358,0.10235287138134254,1.079321943334228,-0.6998045655964975,-0.23300776250462077,0.9690205113496684,143000
-2.105839155439094,1.092128669380305,0.5469093636490348,-0.15302744429931778,-0.22113276058190118,0.5648810066682385,0.41620384605241517,-0.11044307008271932,-0.23544082810477024,-0.33548473607706214,0.2902100620424871,-0.00628498535681869,-0.24349879025468946,0.28859462346971415,-0.38738603224767804,0.06843729665945333,-0.23847499421925267,-0.7068981064989966,0.4071234887406082,-0.36838544618809227,-0.21982145858758356,-0.3553745005653796,159434
0.2581637184431554,-2.443222562316464,0.3189030702710701,1.3421379623279825,0.6546635127884698,-0.8392516883106172,-0.4898481706443857,0.7299900214634948,-0.6247208417823379,0.07148237298714812,0.3970782038424859,-0.08636876505279707,-0.6960910071261915,0.04411932683851517,0.3793943937323169,1.1978646060429927,-0.9274028859855176,-0.9954779150025661,0.6020195077100605,0.036915948546372895,-0.34200890467310385,0.251131961307548,173000
3.327109800326864,-2.343835875459898,0.24959663688315423,-0.5860363254706851,0.781984027499316,-0.3569403000424884,-0.034338063399258476,0.5134395438127334,-0.5960239233239232,-0.32658202816187887,0.23538759929845823,0.12455632570647884,-0.2686727420690985,-0.40111929501034677,-0.28841273462582706,0.48037797913636193,0.18186026905250718,-0.3408254510530909,-0.47001670529821565,-0.03045184820855157,-0.5086850234478668,0.09214741679211767,285000
1.5075085319645007,1.938316541908074,1.484809372146654,-0.3020077560073203,-0.05040195703238805,0.9931199446677426,0.8935781404264223,-0.36737387257030063,0.43329459165166667,0.41426376650159036,-0.6778240394429633,-0.6235225302448748,0.07240590364335253,0.31442443013691873,-0.43323216367549644,-0.23947273075183093,-0.014822157958764999,-0.10060220657413375,0.9790054743987492,-0.29196957396201645,-0.011676247693090428,-0.5897639240446421,221000
1.4023935279114101,-0.008632276904003462,-0.6335409484672628,2.223627650567912,1.0166550289834517,-0.8339744269584237,-0.6305652068582986,0.5018437740911019,-0.9271682457059753,0.7716221524021785,0.4799471891574715,0.0593192810460807,-0.6382119490772352,0.8035765277730157,0.7200696875537521,0.6422090969984796,-0.3270476203634977,-0.4441126358208297,-0.3714155059266152,-0.4560307876519022,-0.9845724466607005,0.5513047054885453,207500
1.8159855213084666,1.6355933350695515,1.6657062939501834,-0.3368998693161382,-0.17717982397140264,-0.6885720731654073,0.5404512154045327,1.0514869224208885,-0.5551626552242706,0.43425749906361205,-0.10535066914373792,-1.201950268662612,-0.24827917428814042,0.33908997592403906,-0.8265872279265347,0.2536308417841053,0.2753027331238528,0.48079157623285773,-0.07468394508255287,-0.6481190280599973,-0.2983855680851252,-0.5569751182379789,227875
0.08006589925255088,0.9613496452183029,2.0548881793502707,2.4801390118011293,-0.3160940082050805,0.18600184698199254,0.10328641094243536,-0.41807142111297485,-0.5360973923564543,0.20787859291029362,-0.007145778500582913,-0.26821091615713377,1.0884013558710701,0.2584680885405167,0.07505847874641852,-0.441890612379599,0.995842031607446,1.1041483677960287,0.09441229972490021,-0.991412258630788,0.4407797068042595,-0.16077558284160814,148800
1.379599217929004,-2.4029799588733463,0.869480962496982,0.15873944095999445,0.09917471547174818,-1.2501548656759032,0.026516183249087846,0.7756733458165543,-0.4429961357517726,-0.2686339809041918,0.8145678603033146,-0.34467622464221986,-0.749246903002957,0.06060542513246094,-0.17850355127605408,0.7448798923608737,-0.29088623262618407,-0.454801097424695,-0.19476300929197832,-1.0316735856528918,-0.6781945522509476,0.6161273381390887,392000
1.0275566852564197,-0.12048577223679831,2.706018171320334,-0.36925101534796656,0.41897742420979417,-0.5353825226914557,-0.0995554007697244,0.09972213643898388,-0.37379082411823067,1.0195572920071188,0.5189859752816344,1.0099667048150165,-0.04787776369838195,-0.3415900434808852,1.1425203070732244,0.3012687170779367,-0.6147181867470725,0.5569470647418169,-0.2913564034823792,-0.08080176820491097,0.4313571537087625,0.18634249820384577,194700
-0.6066421337884585,-2.6369864183075697,1.193665021258176,2.029775655645333,0.2387416764680335,0.1165260771982883,0.06796155669351872,-0.21404524173164496,-0.43165104999092924,0.05984169458586827,0.5596189053526753,0.5590742146921591,0.3064518694702176,-0.08737886516859035,0.6280371980191761,0.44680719270810565,-0.14700550354983308,0.2537350152196223,0.29477451969623686,-0.5411793237181858,0.6132105011944149,0.468195977810333,141000
9.291066486374131,1.802044321743638,-2.8143771375723885,-0.2559400905641293,-0.10591281104473613,0.9013116869277439,-0.2953833977866534,2.1900703588767723,1.014071238053582,-0.002577042751254777,-0.4894802763941973,5.315778537662408,0.4759597440252001,-2.2979070329001163,0.5105768028421699,-1.7223177450878493,0.6861680941197302,-0.42806626097315426,-1.422262428394933,1.012175771608931,0.8711457512099784,0.12573866217283697,755000
3.498570872913686,0.6338146900646567,-2.085198206831463,1.9090265937926099,0.2918530900732427,0.23122695332379448,-0.4288829463012541,0.1993832499770153,-0.7920654137391776,-0.29342479612108296,-0.7089128548657343,0.6371328369038068,-0.32267794940302136,-1.4033335440523569,1.4595244132388832,0.43535477178682946,-0.3802950091755767,1.0589350059327718,-0.9210987547627679,0.0021086788909596816,-1.1626134685410892,0.2319534061584388,335000
-3.0542568212141705,0.336019763968395,0.8409484986556033,-1.9872641707282275,-0.5442266145560479,-1.287696641059243,-1.2879844711793937,0.10298224596953001,-1.048613115585783,-0.7933285434119215,1.1167076656110988,-0.15384348216220026,-1.1438832967978467,0.15015779436940002,0.310795114625331,0.060816927636533534,-0.4002554091380154,-0.6746427781448779,-0.18573622838711176,0.039970106414143135,0.3947269815887597,-0.4867917984971921,108480
-1.7288770263668114,1.380397955155183,0.34437002439863235,-0.16244349397545604,-0.802855867578581,1.5985477931832894,0.06963194282411447,-0.653783946072862,-0.13462632586378354,0.11402561912142255,-0.37284617122571867,0.29984697249238557,0.20104344768150748,-0.29852400321527395,0.17539164397889695,0.6505055406314453,-0.28179504019942236,-0.11280101160943962,-0.019117058216597062,1.3562257753878812,-0.13922176835084799,-0.1208954909483626,141500
0.015590931809236637,-2.426401934534329,-0.0955989940571446,0.5430720053670826,0.13202806284182608,-0.7159982577490251,-0.5959930247281083,0.5510961117076577,-0.644160990141182,-0.24920616254340958,0.38902520804678015,-0.17279850032064878,-0.2431817273617489,-0.2931625204674239,0.13712259590681583,0.654219321032836,0.22014481346281592,0.5664678459013153,-0.6722040919182509,-0.6694578007292233,-0.5059108583209126,0.49662809984339995,176000
-4.239595024937267,-0.5644685838629787,-0.5495529677842058,-0.18311796207588713,-0.8500623442394755,-0.253375382260897,-0.7618756099713089,0.010051141951853203,-1.1141346203972613,-1.1754690134304995,1.2010217867814916,0.43942723345577017,-0.3929018072965465,-0.18940440648807375,-0.115661327686741,-0.175557465894479,0.4659026444861731,0.3877038507795878,-0.653158975545403,0.1726508562155834,-0.015557759463115476,-0.2927391929291933,89000
-3.203649743133925,-0.9206847148501972,-0.8746866204054765,-0.9067063941275956,-2.23541423615351,-1.3434580242853662,-1.8503216551365231,1.9218056268278445,-0.11286643102506977,2.3920636725263895,-0.8273321181308116,1.0840542371226323,0.16496215887505716,1.05337942705061,-0.06609095808691126,-1.480277319514939,1.3141063328702072,-0.9290763540013821,-0.41194683135615956,0.09642002660630472,0.369250559109302,0.7089741589461542,123500
-0.9941892677993375,-1.9592859784252312,-0.9134973552168123,0.49805484235705344,-1.2199008037040138,0.26881145726213795,2.8540150386398344,0.8412384250987928,0.16603102921234492,0.7827901249262447,-0.3874889307120705,-0.4878660643165543,-1.1492778288808199,-0.17555915446219997,-0.7268452736562678,0.5268069556228011,-0.8612808373540493,0.5560087686834153,0.024745108538459067,1.8772232276517655,-0.43661298502702395,0.16924242518422858,138500
0.8710758825287289,0.12090506102390804,3.266131678533905,-0.3088795765149707,0.3634587185764217,-1.2330464339068352,0.7277344100860572,-0.11034862998477012,-0.20542129148113336,1.075645870601035,0.44950998446127033,-0.14828508602077672,-0.3072434960016196,0.5119925700187608,0.11306950761268579,-0.2664157848291984,-0.1377549214645133,0.682507332529742,0.8855763488529346,0.852301887026191,0.10320161208709469,-0.5580364452523112,196000
3.927259254118277,-2.62777757336262,-0.09719035645968663,-0.4512062932409198,1.1122680244408338,-0.36712949438527515,-0.40956120481912106,0.34603935405416086,-0.3213790985682332,-0.6520258007921796,0.09471260596035859,1.0672205757149433,-0.043232781374559485,-1.1426422563058292,-0.004639514458780102,-0.07307885583132845,0.5488886073155188,0.009331564337191648,-1.4545336347172217,0.8060142715617141,0.5639092811445044,-0.33398541816475136,312500
-0.41413687890427026,0.3918024325128525,1.4027516138498064,-1.5518658072794742,-0.5330062813691188,0.10308756537890017,-1.361002928426353,-0.5836567329238143,-0.4529401751374845,-0.5642290929999015,-0.6210728595716891,-0.24373004014090935,0.5093360232114484,-0.7284034260413632,0.2054992036184028,-0.001101664937929166,0.4306399262604957,-0.38332537362886704,-0.8823530810008413,0.13758550806071676,0.7298962214586795,-0.18180032550071543,140000
4.692025586296119,2.5546972812280293,0.6701678130217528,-0.16465175446403044,-0.48280583321207493,-0.09804152432714343,-0.45901522855255206,0.28396373412148285,-0.8073146288812566,-0.03475982406101241,-0.8032576369300094,0.14483541338208705,-0.2784213892696634,-1.0270553945693706,0.6691812809491798,0.049679737969396724,-0.161421695558525,-0.19136811653355615,-1.090256342468677,0.8357149722894454,0.42135552565563167,-0.5725565243906191,361919
-1.0562324615722851,3.5872217492479908,-1.6089806551081127,1.5377873433806182,1.3110512794517153,1.8618727035133678,1.204779801306645,2.58566857826289,0.6447427796904104,1.8845316684698659,2.257338491943465,0.6558368084149967,-1.5950218412131842,1.266758750871362,-1.0620431767908167,2.071139408582187,-1.1475341729135535,1.4069614611333259,-0.5682556960209771,1.0782853720067374,0.5417889263462552,0.7270224536253453,140000
1.186243078037059,-1.8171698782561847,1.3904295696843891,-0.7168578561528637,0.7538748549732545,1.0315522645374748,1.3701326990472753,1.4306939079830439,1.6112855614239296,-1.909286685522325,0.2175521306729451,-0.6073225200886047,2.1990340680548996,2.8827774626633422,0.8040509537021057,-0.4887916670635581,-0.56292448377954,-0.37296422806828256,-0.1881063940467374,0.15172743439253858,-0.8180486281586021,-0.6144455196598784,213000
-4.728907627108219,3.75021266993325,-1.1187901755027112,2.1718514167680434,4.362064747590017,0.5085192879450655,0.5906185163735942,1.9122487166493334,3.645749203065301,2.296155914869144,2.861507742069263,-3.000160221285479,1.2043007363200768,-2.883012233505447,1.7153760865704277,-1.4064463364240287,0.010576733163917456,-1.287050638868376,1.0262799940317677,-0.3870947975857729,0.6395969635078315,0.6689761864011309,55000
3.8116010813313976,-3.549290053803029,-3.866336532912009,-2.082072616427931,1.177836347311368,0.652323276960056,-0.3144914439834672,1.8840972581489424,-0.3752944731001924,0.7822507720620271,-1.4643064927156086,-0.31104547235905206,-1.5057291498873289,-2.2050172826662826,3.5678860477639347,1.466922161729706,-1.0741143031060179,5.369173301919678,1.907625238724491,-2.632863615440754,2.6428156276998442,-2.5954331982278838,302000
1.5197479185054144,-1.9277408189874978,1.3855589676896334,1.633221130545835,0.8698180414896708,-1.2155633225568396,-0.04603707036480395,0.5569869019743497,0.024830121879172794,0.28639785872273155,0.9677063129986873,0.2666939762545684,-1.1212626663058263,0.5325613227860635,0.4325446362731114,0.680151775262038,-1.0788501191697315,-1.0577622738896837,1.02619803092222,-0.4683385911469072,0.21154499109854374,0.20860973494949087,254000
1.1854043705603028,1.399094025036007,1.484902536046503,0.683187319273412,-0.8387162553989923,0.025319323017558716,-0.2616952278049267,0.01762073911356577,-0.6437349921136551,0.12449074106834447,-0.5079727407131468,-0.6881191954782252,0.20483461233619038,-0.23483568554181053,0.37290821122250656,0.21877449689101505,-0.11716041298798785,0.08396317915068191,0.06753640203510418,-1.0749758803505478,-0.4329294853316839,0.4254494387073651,179540
-2.579590405101995,0.11311971028305877,0.9053133844234343,-1.5761528917679621,-0.8766606914198867,-0.4193389277083454,-0.6918948859607009,0.6693878726845771,0.2628154421543941,-0.32308915200585975,-0.0359417969574,-0.8349242023331546,-0.7044301578909963,0.0044172539390269355,-0.7072933898087634,0.9154027032569647,-0.6105434640931249,-1.0440758321511554,-0.11377327749776371,-0.023106855067412623,0.8129460178042931,0.18806989044844694,109900
-5.136210595118074,0.35519199412185515,0.7411050148315865,0.12556762789229498,0.3834715438989759,-1.3939567764014862,1.6232343907694664,0.536525779878941,1.042122718581725,-0.4866213744682129,-1.4682631459624262,-0.4204051661313833,-0.06677990216652079,-1.1295152502853072,-0.1561034033839972,-0.7800976503777421,-1.1416361212414632,-0.2591738276647458,-0.5404093739403512,-1.479154761852383,0.4933888294940278,0.08207379141451701,52000
-3.7936266472402096,0.6571399789046869,-0.35926473372556866,-1.2276813327280798,-0.5929569884984971,2.088885106804452,1.4133716677283967,-0.6484214701670526,-0.2235469865574214,-0.08640201386192504,0.8317251891983802,1.1457266022165287,-0.18126460667944544,-0.0034457575377227763,0.041511978516247744,0.05530525518924969,-0.3658056822372636,0.6909353261060204,0.2308573011856913,1.0055217541587462,0.25595530278980416,-0.30640807987309615,102776
0.8584245023318943,-1.5304862499498777,1.237769738934095,1.5790651050570692,0.7000787004096052,-1.74170823296711,-0.09717981527903209,0.0008489802243595341,-0.2217544480053347,0.27821733790895314,0.9368923180077154,-0.07831852697675336,-1.0122819826776683,0.6469420438685021,0.39394080348994615,0.25496667160000613,-0.5858699697367767,0.10928533792884121,1.2091619880244375,0.44038764839262584,-0.46797940820965495,0.42694177675714573,189000
-1.1409296310165584,-0.8155188870067656,0.13038353285869322,2.071188611349532,1.0650909345568442,-1.7512221197447388,-0.9504204812923275,-0.8361158241749611,0.04453288389334087,-0.31729056929165456,0.052410918301855604,-0.5369159989008254,0.09141602424906431,0.4211495348514923,-0.4342466763712203,-1.0659139046962705,1.464523964956963,2.2965004795789863,0.6438058441593748,2.3442274497067186,0.9065310617980872,-0.6194173221330976,129000
0.371131323480872,0.9180909922451853,-0.004617294441368547,1.3566621206748488,-1.3093965438867403,1.755102819610057,1.745758884883321,0.45150639815834614,0.8807962314879505,-0.3793566287677901,0.06262908041869862,0.11828311264408971,0.15784805444556962,-0.03908518238996203,-1.2267720650850396,0.0481353111596207,0.49096132562468275,0.2973967791267431,-0.4350560450299178,-0.4383289724278673,1.4731314087801228,-0.22643540472594903,130500
-0.008243784918103052,0.2009057430012216,1.2187959093804885,-1.91461388423225,0.18189367400102008,0.7584721017077983,-0.4906193644283839,-0.21701033252664909,0.308870273990651,0.06257692679531697,-0.09066437213992656,0.06954963798958744,-0.05088622700085641,0.002017430736818711,-0.03291922693313786,0.49201037738240155,-0.5762814396038509,-0.6263105172654236,0.5665722896962764,-0.5210151073116837,0.3135655191540997,0.8600100118001845,165000
-0.6158372980388962,3.0898440469983033,-1.0762509238623985,-0.02910334425441961,-1.9695887526074443,0.02978686358591679,0.7648855570719336,0.12908788266961801,-1.0377311439750387,-1.186153654349655,1.7063907308991104,0.09871085869287088,-1.401158801748042,0.554285750537495,-0.22353746584796666,-0.29667357112375387,0.384842388328506,0.39630377723928484,-0.6986709487015099,0.025653934997762376,0.6633335589456002,-0.7793019438330682,159500
-0.1427904062906209,-1.3605534515120843,-1.005749659503926,0.18026781704058098,-1.9737522885568872,-0.5479249854686684,-1.3974364727735982,2.8831660766440197,0.39847839634759896,0.36943633394437997,-1.0277762664066024,1.162135804586109,0.13534260949884425,-0.674840883410708,-0.8763912581554156,-0.14156277490520575,0.2610467561990793,-1.3397825115119661,1.6742557169066585,-0.16446623293326698,-0.6464737484925689,0.2606731591215535,157000
4.112208727930689,0.09633673736435071,-2.033374737524663,1.1834847471914414,0.5591442720593541,0.4218671038378324,-0.13320872962495553,-0.3497583125860347,-1.2764641305140638,-2.0477166517791177,0.766297407251677,0.7856239977551563,-1.1688940690879357,-0.16182323682371516,0.09068649419435033,-1.7298386874011367,0.3053356977282706,-1.3781368024838283,0.3652289359131255,0.8785235880601754,0.9798190705846406,-1.610340416745065,341000
-1.70345867661704,-0.24474553324880757,-0.12956374310740526,-0.34902328356957013,-0.9396938860180002,0.08029024477941314,-0.9371419606792252,-0.39486936741738893,-0.19375890039289095,-0.7311539142012088,-0.656936097041667,-0.25633265272429373,0.5138637131690942,-0.9830098002870936,0.1563535909077614,0.07025705436268159,0.268656822600569,0.5366615388585478,-0.7562041581642517,-0.13934084034074098,-0.3276540594926616,1.075899872577042,128500
1.205713745260904,-1.387423384270408,-0.13103516898866144,0.1677975020333824,1.41082554815419,-1.9938551735613055,-0.9622080126609449,0.06475349156952362,-2.0519968781165168,-1.0596049376749914,2.732334400847166,0.8274707249667359,-1.7395156038763688,0.8897995636231251,0.8827665247455796,-0.9020187516927951,-0.194944994670142,-0.7497586376975186,0.5950213959796933,-0.9637904663329981,-0.9827657788516753,-0.6303349771592658,275000
-0.9327232325699816,-2.622865577852771,1.5882144248932342,2.12631368532916,0.48302362669135296,0.8944064662238776,0.8644005119794974,-0.08488901227100337,-0.08462533202666626,0.2867214666233779,0.3911076504956694,0.4698605000058411,0.3515185812856134,0.2398859977717489,0.04916549329776418,0.4876611857724342,-0.18468473571017222,-0.44305354217959086,0.7542954439756273,-0.27504070330798763,1.0461654845861663,-0.5660523101838829,143000
-2.454002835564319,-0.37599336542988593,0.7606300927473101,-1.1399780862219284,-0.8271325053184788,0.9840331324020316,0.012304868475174783,0.326695957942048,0.2687073927570844,-0.05773542625336925,0.012611140982168333,-0.45767024278875335,0.006831404870415454,0.09000588366210872,-1.0267746002131506,0.914534946852998,0.020469376655591502,-0.26244113908245936,0.04843821936076506,0.18307063032123824,0.47125279992855984,0.14841743384927292,124500
-1.5735708165853508,1.6708193912061104,0.1123104913029892,-1.1147049411518806,-0.33920804349149153,0.23965578545389063,-0.30789226053805874,-0.9847798002533019,1.4905552562732576,0.8105603656058146,0.11106863058799066,0.06351431836316941,0.5422067495299137,0.16431100647110577,-0.9864153280663511,0.9091845001160549,-0.393071425050533,0.27514023249235026,-0.8894053592089425,-0.48204221164386946,-1.3117537345714583,-1.1263302042777696,135000
3.739587834550831,-2.806224981956922,0.07837433634128421,-0.13543898649204056,0.984622851829203,1.0096916899387947,1.393043219017357,0.1759502904471173,-0.13742499828551424,0.015029446735537064,0.053271003253209576,0.9886566605946568,0.13616078105813695,-0.6587845726634246,-0.3399509480796556,0.17699158407670895,0.16281030527080773,0.021225263824544902,-0.2544841429935993,0.5377497811326681,-0.427185868663078,-0.15851191698653191,320000
-2.4006385961598102,-0.8896309095578917,0.16926105825724644,-0.5012267219955134,-0.6630712522195361,0.4043066254486818,-0.677393261293725,0.667681043443634,0.04347318809765704,0.9584804570437657,-0.03425285451754181,-1.4206810427700218,-0.3143669530584655,0.27131765068640507,-0.16548890407117875,0.6732434768919447,-0.06853215539073688,-1.7460578309166523,0.302835506509747,0.3492821674924446,0.3112541265947233,-0.01912741478280519,120500
1.280781866054878,-1.880852535669279,-1.1311158714023026,-0.0676880084224605,-1.2759865990702093,-0.10069483305990354,1.1837437268035937,4.361247758342867,1.8238077533805377,-2.5569230850302413,0.6073486987207608,-1.2822189164984616,0.5485689816360497,3.020023954771487,1.6273933382500578,1.1703622126043067,-2.189491543531822,-0.06395226713118746,-0.9650551699002476,0.6036014905602569,0.40412801896799977,-0.5835212070469483,222000
0.5496037056699108,-2.3143845383447093,1.5157798688809458,0.37652988485738687,0.720181476103442,1.0170330590484982,1.438154909983478,-0.07508760947032445,-0.23667248262824409,0.23325670110914043,0.10864216372012817,0.28655267857358435,0.6738243918825859,-0.08828198590097987,-0.5738739719662467,0.13945410279384307,0.4269795698995311,0.02433127913705266,-0.16542887963240785,-0.5258689312773686,-0.6011765704584668,-0.4179512699521313,194500
0.3810253429382987,1.2851247029923916,0.5134885569768459,-1.8304806199134163,4.022612035486501,1.4322783372516776,-1.228987824513135,0.4310966621373674,0.9986828591743737,1.2827642935138135,1.081405358662862,-0.24403179396627558,-0.2986716805094635,1.3849895209643799,-1.2958401277009548,0.7866083387676259,0.16655401900750436,0.3651931803543014,-0.006543293245527296,1.2774240072538594,0.6258177873140837,0.1246440663176537,110000
-3.4878195024452703,0.880886697107064,-0.653286702288924,-1.5904507540099273,0.8027105907724651,-0.5740786266487927,2.4580432434984214,-2.1213649690302288,-1.158963989910257,-0.5784919918724991,0.1337539728586733,2.2635902290722303,2.0975887998325615,0.9274510908111494,1.7584479438371614,3.209469849904374,3.855638283701978,-0.9058184060957998,1.9568077751822157,1.0744443110103437,0.6281271607113482,-0.3170278306138336,103000
1.686543060253278,-2.1747355420509304,0.850670373921971,1.877684938424876,1.146504943942251,-0.33157134823345247,1.8070987438009072,-0.5308835364462173,0.225444837442224,0.6600569748522566,0.8521786393755688,0.8824244882231673,-0.4053889230440079,0.4374094733744735,0.1618255355087469,-0.24999431269622815,-0.3187637828577868,0.8780378370377527,1.4100490363764566,1.2033828805409132,-1.1103300232947495,0.36136308358105707,236500
1.2410965922997166,-1.7006206043785395,0.3698470397822976,1.2789194008267093,0.7899563553993987,0.09184560047037207,-0.2958422619503856,0.32636445840771333,-0.24641460718776126,-0.26350305584364764,0.05733273344730816,0.6521653991596525,0.29473983277849863,-0.554698936694508,0.018851204131246312,0.19711544138181677,0.2506988578287354,0.011393163477969879,-0.8657522255603829,-0.5085076591285427,0.4466550306010345,0.1727760769723951,187500
2.4637385603688315,1.384480234450384,0.7250055235243463,0.25658400067311155,-0.3998520224117612,0.1666344765323816,0.1307800514509991,-0.08588190201261857,-0.18245902278844026,-0.007531516010172581,-0.6657842028966975,-0.1837301979711122,-0.1796883775154712,-0.4791968061485215,0.4375334054315097,-0.05851706393951826,-0.4403870305675537,-0.1680615488748898,0.3143111038834809,0.17012018481321595,0.10751855615010135,0.06285332334174562,222500
-1.5609728667670373,-1.6396157998560463,-0.9459451068223285,-0.12350277023309486,-0.02964124191268257,1.2333869163464442,1.0555640091065717,0.10540538083412078,0.196896475783902,-0.06172974036575141,-0.027302450215670414,-0.3266962152997518,0.2901651124076273,-0.9141156188577497,-0.15132146250328835,0.5384181706215329,-0.15742432784833185,0.10092052012344402,-0.049429635845243985,0.180561480314919,-0.7289327153370471,0.7278685654054978,131400
-2.1982851350003747,-0.11379452853781095,1.150125729809888,-1.5285373830701359,-0.061734417484338375,0.38908695663928977,-0.38519708457554147,-0.037296269796085094,-0.5682194803322175,0.24562972704141198,-0.8203998080634004,-0.17080309960539689,0.48480858388527015,-0.7915309232199528,0.09386675532380923,0.49972609664777146,-0.1348918571590726,0.13035093640381668,-0.48441013350839,0.49022070209533236,-0.46223387749767747,-0.3076031098656694,108000
0.4723430587821399,1.560131131382666,-1.064397597096,0.5777379942635034,-2.2282909788544107,-2.6807164512095625,-0.6560825888714554,-1.0613510757048592,0.3092994502092008,-1.312240976618748,0.381378600250019,-1.2051098273953917,-1.7027208893501722,0.18655558767687225,0.3627640276236412,-0.9517100991868854,0.015739834396071555,2.1116203600322314,1.5127982239724198,2.3925015879100897,1.0601277417504238,1.6863165578786676,163000
-3.476878312161611,1.357626235048677,0.6793439357568208,0.9435527842276482,2.8018579429741717,0.6895828473402411,-3.1264882261869826,0.6795115976982876,-0.1274343449587158,0.9705908886395798,0.38771095455651133,-0.8520169295814607,0.6519213685112547,0.7762396827946845,-0.37510533143173275,0.9187683949477672,0.6054376234335037,1.2542596566354691,0.16644615578633845,0.29526035466819395,0.6449296456018047,0.2557582551211148,93500
2.4658694646606305,1.7696252311650227,1.5288401636233728,0.2561197549931797,-0.9540687510173803,-0.4628577477526889,-0.49463314367600475,-0.5533692297589491,-0.6881821461379004,-0.2300845709054663,-0.19835189468555786,-0.9400434053391815,0.27127305915314465,0.07581992486363232,0.09271796348435522,-0.41109117650590454,0.7968127591496279,0.9816999560366589,0.14053327346575958,-0.5795878659133389,-0.12544716629593203,0.5206896316782427,239900
-1.1420092974417684,-2.461495883373858,-1.31178042389143,2.4261132120680857,4.270369791590368,-1.101335369859178,2.9043185590651674,0.4296038108714291,1.0091638143858512,-0.3688656618211183,-1.290270307461931,-0.08350718370158317,0.07294933243835253,-0.622861165201201,-0.5572368850350382,-1.16033322726286,-0.6737696440876507,0.03762759980206434,-0.8321862126918576,-1.8464630702789882,-1.744714195194447,-0.47493761785322397,179000
1.275268736608584,1.5755793869945645,1.6340769578356902,0.7285446232852867,-0.4973985990723682,1.0762599922298104,1.1386762361622318,-0.08094738888450885,-0.4131972762912288,0.5541079009253302,-0.8112737828138703,-0.4708019977271316,0.42490698289285006,-0.14088991500674763,-0.08664790704218359,0.05683027622520681,-0.03741522099512396,0.010502227653513413,0.3874465104245347,-0.09045099740547984,-0.44361865925124105,-0.743020208066264,190000
-1.8558036053089288,1.3324555044641762,-0.04327091683771314,0.5432657856025438,-1.062901268670182,0.43573185626149885,0.904517409064946,1.1415007110234796,-1.6538364266764707,0.08802409735209334,1.1397234575294275,0.27230569578749947,-0.770454053966318,0.08677046941048092,0.13235537078407827,0.6968050498808761,-0.12136280346979184,0.8234047343852466,-0.6039732874371373,-0.2321224174401297,-0.12927976862941448,-1.2585133913986035,132000
-1.897071733516231,-1.9604683737845559,-0.9848314013673037,0.4490387871423371,-1.7667877564208883,-0.3273289140277717,0.6065846474335059,2.987190655904903,0.5496957526188849,0.563334422819965,-0.13889382000402287,1.7160125195506364,0.3012394933982637,-0.41292672513420015,-1.8436737869493187,-0.32060177006811247,0.9703406714111567,-0.16652473523318376,0.08454130469486602,0.06290663101789468,-0.7337010113748146,-0.15156434452676543,142000
0.9010920670680995,0.08394808778522074,2.6123959881513468,-1.8499725849119173,0.09140081342243855,-1.2553928593508088,-0.61193237862771,0.6813962977762649,-0.37116418684729247,0.3304463000445977,-0.06633191581058041,-0.7842140945497552,-0.6069002304617667,0.04177719273732757,-0.2653250397750232,0.4415182328189767,-0.3637851286922758,-0.9057553944515478,0.027993904088888456,-0.14687680289379482,0.10635879968278009,-0.6116789852504949,179000
-0.3889003131168856,-0.19280302279506242,-0.7800441423287698,0.4555619111112804,-1.6970512975174368,-0.4865428171830923,-1.051574916596306,2.6832030654976546,1.1065562906358621,1.932782911612869,-0.2300364354531993,1.673065093400253,0.08382751070085695,0.12578199255090908,-0.7657562104628043,0.8103328372924531,-0.5173437135121817,-0.525339590482976,1.9438609396991802,-0.8227454380404966,-1.1008808011353446,-0.7145573846728569,175000
0.7602878929602123,-1.5791352579932345,1.3790653992122022,0.8066101565631365,0.6271019171642473,-0.8190131221958438,-0.09321038824013235,1.926976917060343,0.6115077547126255,-2.086386435102066,1.7892175709606248,-0.00011715033399046391,1.2983256145447224,3.6596803288764095,3.0160115806647,-0.21017544082066358,-1.7225858833023635,-0.23027369457350735,0.10525669461765493,-0.16102570318540027,-1.2338724763373152,-0.19496511007194658,180000
4.030141067109176,2.973962519090652,-2.05578340467535,0.5849703259252061,-2.763282226533998,-1.076259157501472,0.4421697408403738,2.249850789100162,1.579013327974096,0.21693514010482548,0.08787225694067423,1.591037488846226,-0.6452629214901864,0.3240203099208517,-1.578713116880807,-1.8965663750391433,0.9900957794515513,0.5149753021178886,0.7792986665366475,0.23280081238975925,0.13190739239096141,1.9505935542022725,299800
2.325750332979935,2.2054280887977806,0.15395614569127772,1.013632578301878,-0.4331106963427296,1.185116763701534,0.9478605039373419,-0.06006905764184932,-0.3293914543271873,0.2739414054192425,-0.8776334704582373,-0.21295896060611044,0.18512629635204977,-0.3382478067703846,0.016024119112160527,0.19907971597237176,-0.3411499677055693,-0.08678179773168612,0.3425621148745898,-0.007313079543614271,-1.33516508577007,0.22823147458249482,236000
1.2106404387092367,3.753346995346098,-2.0638499174356526,-1.4151061960437907,-1.3270442514774143,2.0663926916489967,1.4375555592152882,-0.4611705852472187,-2.805021823395004,-1.2944651309203854,3.3124511831688457,1.7778596388062329,-2.2940752610288553,1.0188171183540127,0.6565298866803596,-1.0453796881563113,-0.21880663257957697,-0.4917893062934091,0.36075869653161785,0.03405972455587433,-0.7328861699295103,-1.799393264242592,265979
1.9618438009723,-1.7697423546717566,-0.0800464689163403,-0.6889325048247035,1.2620599404355175,1.172597938226729,1.6227322848395898,-0.46030016845390537,-0.576562146172758,-0.3016418667306544,1.0041209160085907,1.64727429019649,-0.6540047442651244,-0.17208721772457555,0.14650768973662692,-0.9129698654119808,-0.4086767650970235,-0.622967436837801,0.4057036914386703,0.5140222265419789,-0.7599663928540569,-0.7617928391274432,260400
-2.93062951600672,2.092929129239382,-0.5858977860204779,0.23781884154037175,1.094861104852743,2.011460400256643,-0.56827299360005,-0.6651557277851151,-1.6415027760310021,-0.3272641470834357,-0.3199285145288876,0.26677458259108494,0.38507709099925175,0.22154410324125187,0.2078421089615889,-0.6139216210185428,0.005400565607180878,-0.6619146401458176,1.2113880579708616,-0.33031267638021977,-1.6950000918641144,-1.335455844560203,98000
-3.913210150682616,1.5322429784253506,-0.06993268330247888,-0.21826494916431863,0.216387884202352,-1.4669822932677061,3.1905779955040106,0.2688386452435554,1.964268347556429,-0.393478836224308,-1.305665862949437,-0.5296198217984136,-0.903729761771897,-0.6310946585229525,-0.8264606866088965,-1.420721091454638,-1.2191161002770279,0.49679013119958115,0.36274262915341204,0.057549961214686106,0.758025509239697,-0.06912192681668089,96500
0.510604966015492,1.4748962110148314,1.899595327801444,0.7361836653419724,-0.7023403248069915,-0.18711224321261605,-0.42726239108201225,0.01764119389509186,-0.5024291802886857,-0.11980468799719445,-0.5259757271378772,-1.1710334109644056,0.3516198485715093,0.13923259295696516,-0.3285545594042897,-0.06050386872226134,0.4814455325075659,-0.18523328334129646,0.08716281098420735,-0.9909020635739534,0.06740351094921657,-0.32882399560789133,162000
0.9053290829799535,-2.217133817094613,0.13175849540532503,-0.04724666950501921,1.0702314431099529,-0.7305569544614925,-0.3702049949805,0.7793923635533083,-0.771065597718266,-0.421760447316682,-0.18342448537263004,-0.6936538331457677,0.2029444993997218,-0.2957002865006513,-0.9030726605134605,0.41094069122076865,0.7993502253819174,-0.0884063932982255,-0.7909016351267885,-0.2397190947416143,-1.2426958895629885,-0.5406275074454691,217000
3.177188674776908,1.780754764687328,1.239324406125155,0.17860115578845417,-0.717331693888042,0.48487397305859237,-0.03153722561916499,-0.29199511024747465,-1.0117531833770173,0.0966286882668766,-0.4231695731888092,0.10740590966454563,0.5555963685222943,-0.7034127933602194,0.6276761995181561,-0.04592066567534474,0.44492078131085355,0.7896886527846049,-0.8704530176782126,-0.17589388830664857,-0.20951950166061184,0.10239874092019552,275500
-1.1265510745091327,-2.0294289363698694,-0.6348403495413069,0.2533102657065285,-1.2605671445547384,0.12177527432330768,1.625015346140182,0.7351478163233542,-0.26298542133451264,1.598318809991471,-0.07395663564751584,-1.0665002355488826,-1.0186969432977304,1.4401700159636555,-0.8031227935328058,0.14783501780824476,0.3112620842766626,-0.7640699615611927,-1.2549575270512578,0.4066501731622161,0.5293272230632704,0.021927578146152243,156000
1.013906112263599,1.43034571154436,1.7659613772837306,3.1765525772275898,0.36976044135608055,1.3983195189428663,-0.1571692625215105,-0.616511357315174,0.8178421371064902,-0.10807293983812022,0.07509648190798386,2.1384819342056947,0.8383528522465391,-0.49711978563096054,0.4130299146872753,-0.7189359885160969,0.2926169392673058,-0.7659471876897639,-1.0193493070123112,0.24054544012794962,2.528356344744306,-0.7250502975671727,172500
1.7504297516073015,1.624583474384496,1.6739946122609717,0.722059932159597,-0.5971069523108082,0.766569814350577,1.3078437373098344,-0.2667555257160144,-0.26951419232423435,0.38797070020551955,-0.7689370649919365,-0.6820736621594271,0.3512319157994129,0.006744991811123736,-0.25478429091186994,-0.32101285058398843,0.19116224885025276,0.26874555946481965,0.6526010359532075,-0.05351592893815278,-0.21674927260556093,-0.7050532770160319,212000
0.8652268929025454,0.6258611760002792,-0.19969690312163757,1.3278730868466515,-0.2960568264613362,2.167568761218968,0.42525319315017307,0.10582605120990918,-0.1059822885891069,0.24917871654396936,-1.0671067961680856,0.6994234224406817,0.2686286820132889,-0.9386970673252836,0.6268423685547183,0.6921315000343738,-0.9560711187721945,-0.6372471710355981,0.40900688440825295,0.4504765420044935,0.14779549951844223,-0.14233705810662678,158900
0.5751645107280017,1.4080639852678665,1.756936814499149,3.369387652155841,0.0965964353180102,-0.04894870455705635,-0.7396626561295373,0.01620975907043096,0.08770494034840598,-0.012346316671525134,0.421574502633685,0.7532523339181593,0.20229741132229417,0.21478732586897634,0.2875099487641507,0.003414991684278555,0.10159494542081432,-0.9090236088180745,-0.26468209616132704,-0.6723187625980831,0.8376922048846891,-0.39999282982583095,179400
4.263938589158038,2.480895562350712,0.5926401912596085,-0.16418032484337092,-0.4078430034203858,-0.46098519900314994,-1.0218284991194138,0.16540785142769943,-0.31392635868827806,-0.02898985151632963,-0.5286415563582164,0.0346612425481208,-0.8992716465845288,-0.395938641358319,0.7089237613626787,0.03344605178005481,-0.5422887505138089,-1.1328272478671175,-0.49143473112905517,0.7933270537240105,0.9618112611404533,-0.34288978722063723,290000
-2.6330175064562953,-1.1603487239061665,0.30947666045853034,-0.515559582543831,-0.49891212653564526,0.18739740204685168,-0.49077277619993603,0.31956382534828953,0.4810254637609054,-0.3992185055426059,0.4325561517950931,-0.8782972069724015,-0.12075284368953607,-0.3818917975691553,-0.24207216201922577,0.5804731968733481,-0.20380314017755635,-1.1119127120725258,0.8747250089470209,-0.10644270832517204,0.6023068037477902,0.22514617105544374,127500
-2.3690043190200174,-0.5329737422768117,0.6300619781103203,-1.2407359259309245,0.06855370124997393,0.30112972963877815,-1.0902100710331157,-0.3474887289392839,0.10709481544260309,-0.31688909320841174,0.24129542046414756,-0.08373076221507017,-0.36070825246341803,0.27907748483239775,-0.05825711125069641,0.8339962273566869,-0.4659834135076517,-0.918512994258615,1.0426131479958982,0.6631268505244824,0.4066587531685832,0.08914502415071318,100000
1.138594447677202,1.3313529476483799,1.6906805196762913,0.8524215712084329,-0.5578595523648258,1.227318009413771,1.1662408227511905,0.1288664257762733,-0.17378846835904443,0.48692623578972277,-0.8437240320017718,-0.7693320725104436,0.25981326540985883,0.11669723769668555,-0.36436447679066375,0.2314386833449279,-0.28669245348541034,-0.6423802160972772,0.8979400880325477,-0.4860808603763133,-0.13097729812682932,-0.6982138216043906,215200
4.357667554035624,-0.22688046565095893,-1.3623174339901594,1.85950208174942,-0.26757179411651316,0.055692233991319534,-0.710923515592967,-2.0952077393890693,2.3551306617644996,-0.9726538559625986,0.3748414576358107,0.6056128711374009,0.24766295667927182,0.1513888921112872,-0.9198530924099602,-0.336652251164095,0.12187917665742264,-1.0004179943968807,-0.17691819149651625,-0.17843420941956425,1.068655445494568,-1.1947163312639295,337000
0.4651899205662598,-2.088005992224743,-1.1841616457151813,1.9803340190722298,-1.376083983853265,-1.5120464470751205,-0.8563712364782976,-3.4035169886529504,0.559162636425854,4.4342260106103195,0.006001550521469345,-0.16047436212433155,0.24011917908106262,2.9931486159490333,2.0605835449051715,-1.5705852701119467,0.7272064633050133,-0.20560345327163423,-2.5880627901557363,-1.1251629205711497,-0.27775461792099454,-0.1874506035945503,270000
2.461944844593266,-0.3963940026111035,2.675412381276507,-2.1245191677907926,-0.1865769209833767,-1.113696540786766,0.41689619909391,-0.6098049807876662,0.4577571903583564,0.04989398491745872,0.2567840790466364,-0.15009075908503897,-0.5341383430379845,0.03310508634431678,0.1712646103937049,-0.8500685413716105,-0.15829816730547014,0.47399816850202786,0.9256668229929362,0.047875096418432496,1.290712396814266,0.4071716709757249,264132
1.3270571750756257,1.1910307763333847,-0.2802791877771918,0.27368909096074484,-0.22925577123438973,1.8681251258746547,1.4049687370125432,-0.48316739733776154,-0.8223608729229172,-0.054579065612181635,0.6669109816491224,0.12487685717742482,-0.028713575390870275,-0.4902076967570311,0.6924675019248717,-1.0157161842468398,-0.15869622349421525,-0.44770487514758545,1.3487383252437215,0.016492389826567592,-0.8834481341279797,-0.5541439198560998,196500
-0.48507390804592976,0.6822180179416828,-2.1299091758364814,-0.04534043307661716,0.2990663344451797,0.5741818300417509,1.2649369167074473,1.5127997308305638,-0.7504589917034755,-0.19324294892307953,2.216782636317801,-1.0658412439906468,-0.7775587739312271,-1.0339301509084613,0.05502516677907616,-0.15748375056619926,0.3424880614764458,-1.0342021749833794,-0.4736419737220525,-0.09772829552545809,-1.3234048722990184,-1.3645632972536177,160000
1.977315057053968,0.13321752312945487,2.429595664927015,-2.8369139858121937,0.2361287365479075,-1.4795330344078244,-0.5182912977153855,0.3150703091018042,-0.5273550241586986,0.4955707172611575,0.25503947609904903,-0.2677151068980139,-0.5685010163329581,-0.2250092731677735,0.38520668943802705,0.367604006698914,-0.5112607626332107,-0.11289294597043245,-0.36895380993224147,-0.36318526196121736,-0.8112405111389982,0.5014414801140619,216837
6.858026260335028,0.24547787775501914,-3.394290305972281,1.7878500154728079,0.5849908391927838,1.1744862517470271,0.2788785399536894,-0.1947106507385952,1.7806223362959883,1.0996916582838954,-0.49741897123671763,1.1429551580962949,-0.702877814571821,-0.9447336979569946,0.9872333554968622,1.6351614901971703,-1.6243667888264433,0.5178529527390802,0.08330018885460028,-0.7738611883689146,-0.3293559296885512,-3.938487974407258,538000
-1.6964245197114136,-2.140696258636115,0.5809950537382121,1.2157833877964521,0.5766075437584294,1.0292861653687682,0.306131061722791,-0.18223978830642057,-0.315632614131654,0.0735291419762839,-0.029999226134431605,-0.007580527231705135,0.5650415066045046,0.0885554264025787,-0.28572918292803834,0.5941943770710425,0.2419588127672638,0.08774651865857161,0.45332324783545425,0.025126075804274124,-0.005788976670422505,-0.3631002186335836,134900
-2.6524778501437596,-1.2799507295488135,-0.1093814373824387,-0.2009321209942178,0.05492836993730861,0.41787564367960994,-1.5144574071812738,-0.358351780005309,-0.6306988469861159,-0.7028966585876156,-0.27521630253101115,-0.04712689086567843,0.9750294616572203,-0.5601130511185517,-0.20495192324783104,0.38949200382291616,1.0360231880842679,0.6957026867318075,-0.39477190494401526,0.34780513125131723,-0.2624485863270153,0.11258402806529474,102000
-0.6021506448521532,-1.5575954320148033,-0.2988240693442155,-0.016963536823491467,0.5389999032958414,1.7040616261844952,0.7339422753285638,-0.587467888338243,-0.10175773217044486,0.6129883596557627,-0.3363052166155607,0.16231767532392352,0.3624614023210245,0.3269982191538293,0.0039053060636523845,0.40571690583544523,-0.2122186811002152,-0.16850180689276606,0.44344838532841535,0.06181002300100535,-0.2800325344381974,0.8171009962509783,107000
-2.764288923064105,-0.9277500185076913,0.638498858777053,-0.8759765027967867,-0.050354659071465524,-0.004124384023215875,-1.0896750836043732,-0.23290271705124013,-0.26821625167340846,-0.46884035433923893,-0.41458374014710025,-0.33357481052278165,0.41049598081453315,-0.45946375643668796,-0.007042652919592555,0.3290894889021238,0.14848210131652687,0.011486905655589111,0.09814393872239706,-0.035736901086831564,0.16623270877086865,0.05553032277209379,114500
3.9266109927615163,-0.2863136030556532,1.989196885125265,-3.4360282556668507,0.39493077005269567,-0.009787834619554866,0.06851969736020293,0.44290773330004096,-0.4997215774390695,0.5871085825079798,-0.13606739099666235,0.5982155000667717,-0.30482818977615556,-0.8715870266999116,0.5216485851917695,0.45938569278484576,-0.5559370980926626,-0.24086625105457926,-0.7460685535818451,0.4620341150755703,0.5414013542331887,-0.23218043510402883,395000
0.5561611933706485,-1.570516549311966,1.6929583278706126,2.1286901444826367,1.0189665882446801,-1.201188872203472,0.6540132892914798,-0.7573230080375397,0.7593314370602371,-0.050961301283621224,0.6164891093527034,0.08794760989053645,-0.3076974912341559,0.7655874473701825,-0.64979304523445,-1.1590390817257785,0.6543481941702175,0.6924612552028727,1.2235127894476203,1.5536699332712898,0.9723363594850946,-0.5736751733017159,162000
2.223505307116109,-0.11219480464527666,2.606196132424184,-2.5298999149431753,0.2881327074791539,-0.49054832884621147,-0.3936913048353125,0.36853839307817055,-0.6481823136533154,0.37043361117465884,-0.038656042569831586,-0.1278183217720629,0.13785599404047005,-0.3849446611262375,-0.2227025374399915,0.1636391282520585,0.4937260895962641,0.09099387661890027,-0.9288950273183626,0.1718089404313915,0.36965244832879446,-0.8029991254244374,221500
-0.8120887187826781,-2.164522005689477,-1.022854573778499,-0.32943990349275937,0.23112226459334312,0.23135575086822877,-1.059389032751743,0.411669677562996,-1.0566388059408836,-0.5361879065484353,-0.8028998511850444,-0.6978478116690982,0.3125149034870916,-0.8800399855542801,-0.060810993389315664,0.9737775515934308,0.2056887554760675,0.3492870207156144,-0.478680605455473,0.039701405727756205,-0.7366049264274536,0.2598516725417826,142500
-0.4103131647689817,2.29426967865852,-0.42615964543645846,0.835056188381792,2.3216625896234073,0.5126139891074764,-2.861938088309634,1.0923752543902132,0.7956119087741513,0.6534142342044763,0.7812314563097629,-0.13977169753151342,-0.38852556564623153,0.651882382080359,-0.33252923692509767,1.0621961492187835,-0.4225718569813925,0.21607638398707268,-0.15116744743600063,-0.34626622781767075,0.9227603658077084,2.1507861144671367,144000
-1.231521428909291,-2.256753044076655,0.11387416644955858,1.1082871607564124,0.7065129421306197,-0.18049520644487396,-1.0668359852043485,-0.16037395068902577,-0.6096675343913879,-0.7171087178398609,0.2566896392133739,-0.03560021495679479,0.7075135368391345,-0.16719784278018573,-0.18114650404551771,0.22520341862742338,1.103525175629139,0.6070214400937527,-0.5957200891166339,-0.49527117838359735,0.3951804108291819,-0.1736363774942073,135000
0.8270938783196881,-0.10258658438919031,2.0431326026166166,-1.5965846418999645,-0.06890691756722436,-0.1924139111811908,0.0562134271548408,0.23011201299916956,-0.6677500230063734,0.7226605499593419,-0.11401438052900553,0.12733583390347025,-0.04309450916480673,-0.5161102838501809,0.41237554739009274,0.5643330811649212,-0.5103962730792173,0.18810158218776896,-0.30143828679986484,-0.0394591062891195,-0.9719657860745106,0.37702067062389033,176000
0.5540168834863705,1.4116436394581346,0.9582789815983804,1.0860850741376498,-0.525902361948214,-0.7041128019851557,-0.7464497827070332,-0.18736581512762596,-0.5253208117744463,-0.5375150423238653,-0.6694758121730799,-1.2978328584363978,0.4223184485066916,0.0025239918078445167,-0.5478405543600233,-0.5009390324799854,1.037397716461017,0.4836641674220815,0.026432018698362505,-0.028156890065197,-0.21618493785871792,-0.3174636285106661,175900
0.7062201285681011,-0.0018948755418078502,2.4484069239640447,-2.062362794462827,0.3138537219245278,0.48496475921745774,0.7417145781821723,-0.026513346726250196,0.13991754524283248,0.6500193480961131,-0.07068114924025294,-0.33698056945583327,0.15035696633077353,0.2214154372215131,-0.4129868981598447,0.11877350884155052,0.028672481703113643,0.14278928284485068,0.5432450402608667,-0.795182198699353,-0.06511708592545651,-0.37989432081733837,187100
-0.762346785614567,-3.1110528308888723,-0.44868179144626447,1.479354979904038,0.137246788353205,0.19633172424768333,0.2367322771795228,0.3422926792151168,-0.22511787902750985,-0.06959045771039377,0.3524681271594197,0.3746701950015841,-0.5198025731315097,-0.27727257680818657,0.44800695429369636,1.0305866938964994,-0.7844657817711782,-0.004520430577667295,0.7882446327081576,0.7652794468431826,0.3945778655154421,0.21040681013523094,165500
-1.93116354023049,2.866049231382176,-0.17484108883466168,-0.043486976228011794,0.6976345797445792,-3.1154980200528066,2.84519983787042,-0.6159370824757934,0.8092012752231617,-0.8343589848829122,-0.13084408067122547,-0.01260566620965658,-1.714687590309713,-0.23694754813557897,0.14506282687928915,-3.2204035218748484,-1.0484403075333024,1.3531812434875354,0.9447063568323523,0.31745519816841866,-0.409995065758302,0.05074234675010918,128000
-0.1417568477650912,-0.7948901384153836,-0.9843710701526371,-1.8381258151260007,-0.7245729405435769,-0.10314758977714264,-1.1361078559607487,-2.0111917063357976,1.4966344066618773,2.864753441226579,-0.25017084335450995,-0.5852711689248005,-0.045538386719606805,2.147932986205486,0.15244134328423897,0.08482462757216643,-0.5530633059313094,-1.4840198598102994,-0.5337380457879722,-1.1609077965620083,-0.6087416657736474,-0.007536628878567916,161500
-2.2313760695332525,1.0107794449413328,-2.6697747838278794,0.22793367227408678,0.8654127395007924,1.7226768541582567,0.724891059587858,0.1837005479243663,-0.287506753360577,-0.7712767037266411,2.3259536066856272,-0.6708762851249147,-0.45883343081837374,-0.2606993559697403,-0.1380763648591247,-0.7849982513592899,0.5368507862970832,-1.3417433945886459,0.8522283993294536,-0.18299348733027548,-1.1987815632595573,-0.9304811051416461,139000
1.8123340803049595,0.8717156923393597,-0.2457197130894994,1.773360455108218,0.4168468551507742,2.0285436224977214,1.6554381726017031,-0.5536544651181721,0.1676269227966813,-0.36408724473810494,-0.746306090400623,-0.5569825781284163,0.9428822324403919,0.2758357687251078,-1.2544363671086227,-0.41874587747512254,0.9565243528401521,0.005230832121533589,0.19122149804848682,-0.758284521559744,-0.8983421868506926,-0.2917432485821707,233000
-2.9603810762884315,-0.31268501123869297,1.651237494054623,-0.9276442927733013,-1.1439009963272782,-0.26979512018047047,0.4669605331025121,0.4423310405329958,0.19382983230439166,0.05815312400634412,0.3741452177082568,-0.3491484787406252,-0.41195798550534946,-0.026779498034023984,-0.46183079961916096,0.6368590651411248,-0.3540304199228761,-0.031153505952753728,-0.31915858885439624,-0.17413898739053352,0.6170700511729056,0.06863708999327879,107900
1.7121837648183422,2.5416957892162184,-1.1382539963394323,0.8628313868271553,-1.3213965411433117,-0.34015886283988744,0.8097280659185552,1.2254195468597182,0.17496011641423023,-0.6868999169783351,-0.5348768725902632,-1.2357727062559989,-0.6080965209460888,-0.1659568535292624,-1.7922427193669008,-0.013293254508105125,0.8269526933308492,0.5297271339453873,-1.0491040319101776,0.8420648401870895,0.2143512845966308,-0.6043246020892548,187500
0.30572034503342294,-0.06694349572871369,3.091968398165299,0.2840447335483858,0.1273531009012666,-0.5424185887813314,0.20744404026603544,0.05477195166428365,-0.051200569703678235,1.0904799218443726,0.9064483517837294,0.41755290884819873,-0.4770999297174329,0.5868430018161876,0.7119865241652822,0.5836516701466828,-1.0463558329200962,-0.2823644432887883,1.0481078723141677,-0.7347311970456721,-0.06294814259026901,0.6541006859190559,160200
-0.3406303958054411,-1.4893556498110727,-0.3758530436619417,0.11307303092825478,0.32382587939395996,0.14321540240135452,-0.7343481314787722,-0.43679077620095,-0.4986896944998213,-0.10094539995959798,0.14654141130267961,0.30667664223158686,0.038205059198216984,-0.395772036515173,0.7589569165121558,0.688200245760096,-0.3274661946819108,0.8150949104180149,0.0663721133578744,-0.27117982151722425,-0.7537853053628425,1.556626413062837,146800
2.517785432796057,-0.03431945221120658,-0.7976738245522403,1.371628161614686,0.07900357593831434,-0.3567966541912994,0.18221327936366946,-0.1426750704832175,-0.5308276353627811,-0.7215870525290122,-0.7232583018728167,-1.0872626282021824,-0.014133988822937153,-0.21564018245027347,-0.32567346031180644,-0.2935990153518134,0.4478412613405378,0.4219150181526147,0.2821344455805329,0.18838817560622448,-0.8218885213975183,0.244421173769408,269790
1.846289598053738,-0.008673859964837992,2.701535452488231,-2.0655777699765423,0.1399740705094718,-0.7817991204451793,0.6247308630641866,0.09278724792724888,-0.3437273894557394,0.5189578649527492,-0.2526381145759149,-0.3226082617258713,-0.030196778373081688,-0.2857530944597938,-0.3564437009372843,-0.3428529519989303,0.23537750424323559,0.3194081285469503,-0.256396162891929,0.6375758841724072,-0.07095173594834714,-0.6937775160546465,225000
1.375777676967996,1.7913287326945373,0.8335309608646543,0.5841082820170082,-0.7898235675775049,-0.049431233335130546,-0.32926888474703697,0.30664209961964006,-0.22982348295962426,0.26545163487286993,-0.07758368037766837,-1.3474515048886415,-0.23924914819873358,-0.46651605064920315,0.739021277765283,0.35144750344839815,-0.4668458358107242,-0.7118094519070269,0.889495654715787,-0.5807823734103559,-0.2703102780331302,0.300485904977829,194500
0.48296801198920414,1.591460465849255,-0.03878812963687875,0.4048242065413035,-1.584196631451596,1.0676633867868393,0.12673969957884598,-2.2502832655687324,2.307788401459619,0.6523895545910384,0.15588594982166257,0.2439288722505758,0.6771076211341188,0.3483258970886597,-0.5633607492297783,0.5737914711987017,-0.7649174923103556,0.13171038647995692,0.3147158579838377,-0.7555188536148816,-0.33969465395755927,-0.6993967907544585,171000
-0.5392253482479334,0.2693533128801619,0.7179088687599762,-0.35971342719746346,-0.9425062035326189,1.0000346084181069,-0.6614077979664792,-0.5978004125473799,-0.5544387137666238,-0.18828808057403035,-0.9194995515172145,0.09681629001270722,0.6647607470283873,-1.0135182536078602,0.6016885395604081,0.3084582955167733,-0.04995504230165084,0.05047948806277406,-0.4758896270167376,0.2710512218751244,0.017368391189306977,0.5487033901138575,143500
-3.2689157356319365,-1.1054941990397291,0.5145071261510309,-0.1848699296136779,-0.05119938806227387,0.753344207096971,-0.5057158111818126,-0.5752475050798183,-0.08827401830701762,-0.3598577802974748,-0.3784266392268783,0.1286716449742347,0.7379469795131423,-0.4543990543454471,-0.10865974356931793,0.2121503505869583,0.24901128233326986,0.2039021680058862,0.24414030204281525,0.2555777680046336,-0.14392472753434915,0.18958540461462373,110000
7.212952995314029,2.7420675866693407,0.8120641566909802,-1.7641708463950896,0.43642815412241914,0.9541800212659034,0.2730820410148301,-0.4194295215733119,0.8323304500024327,-0.20694817295366819,-0.14623395624945337,1.5202044358631883,-0.529769557392775,-0.7139829704655007,0.7186862923033769,-0.5630692933098348,-0.8839470985242138,-1.1310330392088972,-0.5951310714195419,0.10663748406090477,1.7273873168495257,0.7557323078731553,485000
-1.4071490537345146,1.0036098265280204,-3.173756864600303,0.6325120298318511,-0.7532175103125913,0.6883286445848761,-0.5610859615050106,-1.0995347486514013,-1.431360344453,-2.3614288776558343,1.6862766950024732,1.3118157194794222,-1.3220525206849318,-0.2092600037802625,0.9554279010122704,-1.343870536258597,-0.3279884417664486,-0.4438356396937183,-0.379811959012861,-0.17009697227289744,-0.1446702362253607,0.6065758042241166,175000
1.3167037329510085,1.1856591561128855,-1.287387135814633,1.5657353298097691,0.12317686486404501,0.9677595629986426,1.0966485748910988,0.49000331602364783,-2.024582286652685,-0.3619289526150654,-0.04628222252916582,-1.1353327858995657,-0.4087751059165091,-0.4470801537594806,-0.013398826623343674,-0.8467710188997457,0.40116062037078937,-0.4476879716067538,0.5276689395822947,0.5374830276048728,-1.5082474689471645,-2.4899866046084798,200000
-2.4604128979908966,-0.9399136388971895,0.7956259332725469,-0.670301212879947,-0.5136622446985687,-0.4940249981299355,0.14415972094576093,0.06685914074812425,-0.17321930984318848,-0.22077958730286007,1.0950363371023486,-0.023088036895121435,-0.6507263032553041,0.24661679370650114,-0.37575106944199294,0.8012434296600452,0.11240664030304363,0.42347279186535713,-0.9316021060707506,0.5893825467892774,0.23523981210773762,0.002547615218386591,109900
1.2146788210787722,-0.09716069743157403,0.1495527712500932,2.0837862535069966,-0.21721857535818442,-0.18608886316271625,-0.4369308589295206,0.143415577680595,-0.29114913299005934,-0.6491094064412494,-0.2587595961138373,-1.1714981850894155,-0.22795592104206816,0.31238611836726,-0.27544522427719753,0.3409909742410325,-0.06785559868999487,-0.8248627545171322,0.5927659575117509,-1.4410995323707905,-0.43738978543154144,0.5305987747036701,189000
6.134635811758335,2.6871754421742584,0.6245011953562304,-1.6124200410706107,-0.3273239389455871,0.7295772620320966,0.984767675680395,-2.497720445081933,2.2620948253938438,0.7297952779476778,0.050499685788190876,0.7515233479700631,0.8195203341860822,0.09663260456703054,-0.7225928243026272,-0.7439394593218536,0.07914070912977532,0.7661231553934014,-0.4423988221937955,-0.11805450869152938,-0.1545794267826524,-1.2539297897499395,582933
-2.6472123087687107,-1.2378048859302198,-0.03542757124894761,-0.5100382071601198,0.09781976790408436,-0.18934321037496846,-1.3948815352099193,-0.18766763003061676,-0.4502468839000343,-0.8262232402252356,-0.3994359921274289,-0.23436692904523307,0.6637269311302973,-0.6500565687994477,-0.14451387987934491,0.22618962306090185,0.61407803043342,0.25192045335217855,-0.3570225906638271,0.02618198947384282,-0.13457704179218902,0.18532897449300362,118000
1.3997692146833118,-0.05202822370100432,2.4726215171735535,-2.3018819478494246,0.3218495255673334,0.08073397924732169,0.24808790765779545,0.05660213605459621,0.20820626530785993,0.14214917826676654,-0.22779128615927216,-0.29119188620952086,0.23557946519729447,-0.08036445888987545,-0.6345363344755747,-0.248136616950876,0.2947401670371265,-0.2955743771568771,-0.13769115965584586,-0.556154704843961,0.8904558055233309,-0.42730224957502205,227680
-1.795372383174806,-0.4157335671929658,-0.1712893768832781,-0.20381825137222198,0.3245881032416933,-0.8928186715248704,-1.5431215555086855,0.4709673111678052,-0.890233634036596,1.6411854011128126,-0.8932633848817824,-1.117459476834774,-0.11684222450922158,1.1058415853488643,0.4447158916993232,-0.19744108151043957,0.4237792073489565,-0.8027556597759175,-1.0690642051750232,-0.6463804038256689,0.07143492561896549,0.20059517917649788,135500
1.4251181744943542,-1.76098112403712,-3.393526882681645,0.6697964457056511,0.16015696871289686,-0.18788497035859328,1.3361038750162457,-0.831053450342641,0.8690735578898959,-1.9077261537159784,-0.8010298453445674,-2.177267782188003,-0.5634892309268078,0.4307029100574322,-1.766314879735886,-1.228409116265171,1.243166035425426,1.7818072617648093,1.6812779156130442,1.4305679761698935,1.0711211814587625,0.2469025655074574,223500
0.0944831856661872,-1.5068997206708274,-0.6619375237272129,-0.008900495587720209,0.8829060138033304,0.48913914047729967,-2.2612975468423793,-0.6023596079730559,0.34049700916505965,-0.8468477471998936,-0.24843679128286295,1.6949342264291318,0.33684039277649935,-1.025529218310847,0.8412871585023399,-0.40773125968206886,0.4131695673756917,-0.6702021070517811,-2.190546289525963,0.543250576820218,3.331559783110695,0.2244768171491468,159950
-0.9154795381509337,3.821582586166813,-0.5195470713282699,-0.49287166561855955,4.799830882687537,0.6229260283906501,-1.9215727294704772,1.431592991832905,1.8252651504597417,1.4271674825456828,1.7068624597007567,-1.545398755739943,-1.3830274192915037,2.256992946576861,-1.9456624546678303,0.5855771125486722,-0.23797780068157837,1.0644084762282364,1.3451107152587287,2.5352454414973358,1.9878696458028164,0.5403545121230577,106000
0.762494987962799,-1.5363055307354423,-4.215573011084186,0.5019134705587258,-0.7665498182170066,-2.725434889885416,1.467130097049321,-1.075369720984637,-7.396244832010179,3.367938600657816,2.026657487085907,-0.8647930267724417,10.658540908972668,-0.9355975255972767,-4.2419398763276535,-0.7641972588950209,-6.912596540461846,0.36595445648354863,-0.988611612533104,0.8263443262984809,3.345596037028572,1.3148159360141574,181000
-0.5801893573818027,-2.5763758798760836,1.2509380658225646,1.9594703717626316,0.22435844051075926,-0.023807657957567906,-0.0883822651218684,-0.16417936219427653,-0.3892533744460727,0.01488754254234468,0.5813462025874019,0.4900627515241118,0.1809907519600729,-0.04151929960953335,0.6394816588441677,0.4773991158249825,-0.23644765507292526,0.06973314112370538,0.3451177648063236,-0.5792860386818525,0.7800292619658739,0.4549966920900982,144500
-2.836015803795612,-0.3503826886918932,0.9900994554921292,-0.8082877355558353,-0.3234488933846509,1.6000301311417982,-0.2851387758081614,-0.6203777706555981,0.11113514893238825,0.022235906548751593,-0.27620565059129726,-0.25034836619979106,0.40409625193374255,0.11588363042801614,-0.14397008320983662,0.6759732862629063,-0.21932000462724158,-0.4458485952411095,1.245733410428755,0.25331520304074234,0.5531050707657451,0.07084332873149059,55993
-1.2142369144086098,0.7937472549015399,-1.1437693598123846,-1.8492850119796465,0.06045606826193848,1.1233496175347637,-0.11454912617776246,-0.7358837798243466,-1.2475549034415705,-1.5757820670058758,1.521350245970683,0.940623079667342,-0.15687139410607898,-0.9705872317718757,0.32117590641395666,-2.080675377531464,0.83786550354075,-1.1042791945075359,-0.8318603364467414,0.2392781886520381,-0.2974868364253199,-1.4280239738681415,157900
-2.824902353244759,1.7976001896998572,-1.027030298212794,-0.12441153103771044,-2.377072635067214,-0.4961617156898033,-1.40561999956301,2.1203159687600257,-0.7793609151881679,0.4647434818755532,-0.2687006236603165,2.1051539913295674,-0.07285028884637726,-0.7511369732897716,0.10713676039709487,-0.8431403268687054,0.4411072235619697,-0.15003147522758745,0.31025656795920714,1.0249682832147584,-0.7420977168999319,-0.9351424860062203,116000
1.332356778669691,0.06448345036330917,2.778103099230728,-1.9878503473953628,0.6435968274601985,0.9535885597125136,0.9069442999664823,-0.4719700815151383,0.836747137354653,0.5644298665781182,0.18102598681042112,1.1089150079789647,0.06760339299008919,-0.1294055277203374,-0.11234281223879115,-0.275955943199122,-0.30506285735817623,-0.6292858539964431,-0.007813833409339114,0.16550099308977853,1.015431743286601,-0.5227715308932233,224900
-2.5619383639715316,-0.6774214152361849,-0.42180671102565875,-1.4957760434413092,-0.4442645254927314,-0.30232227649939236,-1.1543070175472347,-0.36189732499439536,-1.0270105005406671,-1.0464967186446452,0.75471949042639,0.3104292548301497,-0.366334612385671,-0.4311988394477692,0.560690583508355,-0.28453970742990214,-0.019965040810912122,0.3927357846988748,-0.07557280360841792,-0.3441403804282331,-0.12816342941653308,0.4982906425699013,137000
3.072271856682182,-2.4874028723604615,-0.28992550245876014,-0.14015208206427002,0.6457928403283558,-0.20662894048693006,-0.05680685476741749,0.06422802269079675,-0.082497757144314,-0.41122699780521776,0.4632100913311645,0.18362404232399895,-0.45049426656563485,-0.11901567857038857,-0.09858007378183747,0.3885074140186839,-0.08911719840493287,0.03774902838048899,0.4743751443577324,-0.3883684464422853,-0.8041546790764369,1.2524219704616404,271000
-1.3630947423000446,-1.2541619155732928,0.023481429750845707,0.11936327551672776,0.08538785113824048,1.1400409730559087,0.6979391686860968,0.10225878403796684,0.5346269292944117,-0.23894066236525785,0.5187261654678275,0.011117167354014603,-0.14170003523194122,0.47031223783212317,-1.0504230179823386,0.7356714886900496,0.05766964830264827,-0.35576158694053195,0.08593016383920843,-0.0031471471008195115,0.8275865371844064,0.11905554008980943,155000
1.210654129122111,-1.8533827356853068,1.5974412492116536,1.5913663493732857,0.9809706243335378,0.061749294425835405,1.1526369753984662,0.0014947095489461575,0.16061862072281796,0.7828628533362191,0.8302397951138211,0.8317393321382726,-0.4037677152946896,0.40173439152403373,0.41968508444826835,0.40428388423378925,-0.8006273311434884,-0.13968607922372273,0.9365841869002502,-0.22564218045253726,-0.27613042298130386,0.2632838587687778,224000
0.92910228034791,1.7219877583628718,1.7349283260338224,0.5571939988299536,-0.5551427500868145,0.5118007721859787,0.24297205564707824,-0.2412621270746679,-0.2885057820163265,-0.04030016088635105,-0.5515733514053406,-0.8746618992980718,0.5324613204133098,0.16885015615122573,-0.42432602890808935,-0.1875388572823009,0.4572062688311027,-0.17023967125820844,0.19873924076571856,-0.8745770144408999,-0.03226352144828777,-0.2520463594273586,183000
-2.8785328794592746,-0.23776286478919315,1.2595586514957264,-1.5353336782490916,0.3289730554082374,1.7375181689083232,-0.12901539572505413,-1.5673381258817756,-0.8591487827672891,-0.14807703857848256,0.18755501041166484,0.6128821378683385,0.6608121444226868,0.05905210133502079,0.2862103536609646,-0.6632423784777479,0.31329878734826433,0.1810318909420288,1.068732002724747,0.7644992334540166,-0.31969466473509467,-0.629609378847528,93000
1.5909958751143372,1.733935812376518,1.2156909694286562,0.40994395888629565,-0.8036697762252069,-0.521929015426501,-0.6314766648470401,0.18356703877424815,-0.5658071885536111,0.0033310049468281058,-0.5130163716560188,-1.0401740371923673,-0.3324190369561558,-0.08670085135903326,0.47365411976934285,0.3022101016680472,-0.40272733147019596,-0.16224758140843537,0.46975593974277496,-0.94207783836526,-0.17706171109481303,0.2619754804220723,225000
-1.1318498093914264,1.204964762836124,-0.37044219919605265,-0.6335528646624409,-0.5971607189354419,0.6152025220694218,0.595607967626908,0.8012542313681743,-0.21739069048593607,0.6690254351676995,-0.06956209730555085,0.3834821101931766,-0.9541964746895251,-0.479611755253544,0.5160613860876351,1.4799916228573,-1.6816977311897792,-0.004082572922784605,0.06649000708328287,0.8782271081013697,-0.7417905139764899,0.542317713017428,139500
1.8716496911703915,0.11578810772848644,2.3152061842707106,-2.420462127783976,-0.09733846024159974,-1.2698931721232731,0.04060713523142984,-0.4176861468316149,-0.2608261269165139,0.1478499690216651,0.03868693495356254,-0.625891288298995,0.02118406931063122,-0.08058948660956952,-0.17284052268238428,-0.6251132452395206,0.4967773447880039,1.1705203845876548,0.0161114118927452,-0.2146537526907306,-0.3865064426824506,0.7245394711961884,232600
5.128557960596878,-3.5951093529046845,-0.21227074288561415,-0.5985232560913046,1.3409142902138111,0.251668721601813,0.10575579690927069,0.17501642022429892,0.43043361065467883,-1.2073996199288293,0.5264595228828043,1.5946208074287083,-0.0961426199483456,-0.9146354527073217,-0.19476761560728278,-0.3034974839956837,0.3487469999941842,-1.0575167257917368,-0.9154479184386877,-7.831459593136905e-07,1.9330794663750028,-0.06868697080717422,385000
-4.879840354948018,-0.9788736593098575,-1.3633586406912401,0.5361133184990179,1.6921767346434538,-1.1562912372005583,1.4227406576688302,-0.3581707499236168,0.3464779679181443,-1.4611820460886875,-0.31558821879553556,0.7111157589375569,-0.4780352350868089,-0.9289385057125079,0.21715324486374377,-1.671508764398422,-0.8167521765116811,-0.30372621182086135,-0.44720063309829305,-0.7980413861712755,-0.3296389054757236,-0.31961518111964904,109500
1.330617498945947,-0.2534593765656986,2.1231037651673343,-1.7816236556696274,0.10859500305337622,0.6223897653080552,1.2820389401735146,0.06875141394264118,-0.32614512329320444,1.1715912151388574,-0.2210324953495785,0.40329527868273723,-0.056627489566023724,-0.4281036813163361,0.3219033851642481,0.5162062517346423,-0.8634807032143786,0.17159034200068282,0.324421612552308,0.39558049137551704,-1.213798860243587,0.2370829662763656,189000
0.857921377739829,0.5252622883673487,-3.4735141911587366,0.39785046860761564,-2.2390770460649736,0.6378326066517079,-1.126824119168052,0.767645730060445,0.9902197088091801,5.261050869228065,-2.4915551548044395,1.013595082428568,0.683455500739439,1.309996843119592,0.8454735993769072,-0.4439174400756509,-0.11628466238769777,-1.030118063768096,0.28582788168027057,-0.280951783206246,-1.200186413338408,-3.059675774367414,185000
0.1176878785369457,1.8763752477512754,2.750946879345787,2.7007786666249807,-0.47128141995725076,-2.2903285584437065,0.08063370500297547,-0.722435637838533,-0.6643127499959122,0.3238846244233564,0.21322302188894304,-0.3459011306001099,0.46507684900329277,0.7440275207196888,0.8071002924863455,0.056247411517079925,1.4499895677658359,0.893084642114405,0.7674438826948957,0.1879065851924164,0.5278330623871067,-0.3856088954560922,147400
0.7154116997985702,-1.751520510077821,-2.181557749744668,-0.2266140674873731,-0.4328056254749805,0.33695228851316894,-1.8649978534098675,-2.680493719765149,2.1975859689354658,-0.7940648838472886,0.14827470916051944,1.028530521255241,0.45890215556336617,-0.6538182382608996,0.17217199686753695,0.5238833534643212,-0.7416222728811365,-0.5297129557530822,-0.45803770517060216,-0.1520885340782146,-0.14023355096103107,0.19660872286534323,166000
0.13646918649543102,1.8146116412535964,2.6839108130950504,2.5977412263976696,-0.4426366941416063,-2.087774390226193,0.2096655346275666,-0.7835558625856428,-0.6693658631852224,0.3283990213849347,0.14676170227873092,-0.3000866162624184,0.6274638264048434,0.678614888531636,0.771458233912326,-0.006267418095827828,1.5666424273823285,1.076065303768414,0.6968955595192985,0.16643073351541932,0.5388058173626519,-0.3721100656986533,151000
1.8579282529157193,0.19845207438879628,0.1417636591091993,2.1636547247588926,-0.2958802623946875,1.6950773685649645,1.914657628661692,-0.41753091622544597,0.16348044325364947,0.17758034134498973,-0.19232164827035791,0.6773956944462816,0.16103371796805263,-0.3387669559138043,0.10213755375720429,0.020119600321981363,-0.2679617676678689,0.24333102649255267,-0.10000099828050085,0.132696816160022,-0.39517065936517204,0.18603900492699915,237000
-0.2154681358078848,-0.2629799592421852,-0.5439996581744234,-1.8974831787964452,-1.0909577361540215,1.5631820270679118,0.060369151424851636,-2.2806503401969693,1.5094695543958943,1.3417584323039788,-0.6121935805580333,0.3323590176879085,1.0146951679050482,0.48862238246943224,-0.3153878024692059,-0.29928167450408566,0.28911396710008863,-0.6008198409407588,-1.4219365633717602,0.1720653571987538,0.5163286593123937,-0.8141914159796406,167000
-1.4722979927696482,-1.4192053892339143,-0.13843811657977192,-0.7866150039864692,0.2893017026088031,0.23397358343878522,-0.82241746078395,0.06393006821002517,0.09311905135658442,-0.7804958216686856,0.051625762288954574,-0.4284276617031595,-0.2232765967443461,0.033395800011250115,-0.8501610618932339,0.6964245133158642,0.1580265654560234,-0.8808524123871577,-0.2946020290101269,0.35663776126032,0.4919385061509206,-0.033930267449078774,139950
-1.3881249561770337,-0.997965254934852,0.8677622131305929,-0.48064646118742194,-0.5014301791728204,1.6701033174266346,2.012298214224725,0.8244812488934349,-0.04761386823101104,0.9288764519933941,0.16555198783010333,0.5007242859067981,0.006778897919467728,-0.29112136776468006,-0.5323775099164415,1.1472900385423084,-0.4313220587476536,0.5893848181786924,-0.04479652814715957,0.7239441223846905,-0.42500716414517736,-0.5549097086666558,128000
-1.0755575799535475,-0.7850236640464501,-0.238679464875624,-2.352235662542183,0.388351408316973,-0.3159535832373318,0.3595475250692702,-0.9612367820341714,-1.54156237802085,-1.360125221373214,1.740716000298472,0.13110826626510313,-1.0015366081836699,0.6302251897076554,-0.2952925828269495,-1.605953767966935,0.7474062575475128,0.2887355738265162,0.3229718117208513,0.7828791025791423,0.07434535604458489,-1.3083179166072578,153500
-2.1584997211929626,0.21281853866224537,1.0559701561152077,3.6575814573684813,-0.01820916147983932,-0.7539334621605258,-1.2054324456627998,-0.4329508691719529,-0.09988721705347794,-0.3535648215387474,0.2711121558637782,-0.06339097215569685,-0.39194015474500576,0.38263698656274525,0.792742708277177,0.29729325045216687,-0.559782824784941,-1.0633596569686394,0.44664207614383766,-0.16610441832061343,0.9883519298612617,-0.2748964386607259,100000
-0.7913801514439881,-0.0010745608437282839,1.4764091823131513,-0.79358752696014,-0.9862938595066342,0.545405156011205,0.8568267414791395,0.551349885649249,-0.41794659686954244,0.482975475529567,-1.1450245959723286,-0.5530922309964164,0.10697759520081718,-0.9661593202207819,0.004880606030891287,0.5891731388704851,-0.6068145813132408,-0.4136351955822613,-0.539154244729159,0.33937357315397176,-0.1813384079704545,-0.7758200526921856,144000
-2.1710689883616046,0.27195057194461936,0.23211368094593474,-0.19143957524708735,-0.47323406466128665,0.564830356652823,0.3882728853745218,0.2948084436801737,0.05491121656756727,-0.22723457144028206,-0.15563208394691283,-0.24920727267126455,0.2407469117182251,-0.19884166816938503,-0.6110685660038919,0.41360582394550205,0.23318696485197782,0.3924102290395562,-0.30110038986446325,-0.5361965836915826,0.18148680412947057,-0.06561707658010214,130500
-2.39984569956272,2.50588162895,-1.5474196122580564,-0.8978585910406741,-0.35450004248087724,1.297329447824338,0.995516029437292,0.1335239544626137,-1.3981956249024599,-0.8858019266585959,2.00506100062402,1.1222299172848882,-0.9375004797266661,0.5131920808931474,-0.45556979434568506,-0.8595692676023775,0.3310665505495302,0.5209878084375176,-0.6255887738390021,-0.4625743447191496,-0.7170714894645223,-1.003152978417245,140000
-1.0407725081753814,1.7653101282820505,-0.38480573297655724,-0.4254676690187859,-1.3669829253303714,0.04264025780315225,1.1107087314232778,0.6527623014904563,-0.266179914200896,-0.07555995342023444,1.4321636960977628,0.07360072048974985,-1.2487110133511468,0.551365337867483,-0.4593271850401133,0.4486948248035797,-0.2110761120067418,1.2773348492441712,-0.09651935409503469,0.06954493967969179,0.1344601284979692,0.4570579680188718,157500
-0.6781771991365363,-0.9373292034930008,-1.098982276105217,0.5590192738989058,-0.8175707065590644,0.22472114989196026,0.31853831242068054,-0.9354336694281937,0.0038773818607712412,1.174309795899874,-0.7731201224951291,-0.9630101042412441,-0.2467386513471277,1.4401235165721449,-0.1432597315216527,-1.3154138923351733,1.1629263715435338,-0.21545026771036727,-1.2180415411033694,1.2515676564002196,1.7321876998644175,0.3010147627308042,174900
-1.368192048927933,3.606525046304887,0.2882383851949379,-2.8344386114360502,5.877043321365176,-1.1195639421276615,-0.28488439195998067,0.929102250397817,1.9803933939842582,1.0830383384516444,-1.2040519095092495,0.050736690197688374,-0.01938578343686698,-0.5646887388568355,-0.8341926065857611,-1.0927700666684441,-1.0365384011252088,-0.13965073040272136,-1.5801951919182413,-0.09869061205244843,-1.1052020923314954,0.4672475984084472,141000
-0.6727219741952835,1.8804835007626117,-2.25363307973113,-1.5965257700298798,-1.5888950475377346,1.8604393878615764,0.2473368685226572,0.5980685725660344,-1.9576769883547294,-0.507641618774026,0.7357879893167207,0.5297228855129974,-1.4065275266758868,-0.44964025713029154,0.41639737108811964,0.760930740069725,-0.8268865758754081,-0.1801616641070984,-0.3572000255410114,1.4750040053709528,-0.4076375322060877,-0.8769632586724265,153900
0.6338908816351404,-1.9985209429571429,-1.4686579862819709,0.7546494313165453,1.3445535114012477,0.5765512185609917,-0.2939535605966202,-0.46313858950038095,-0.0638990206179435,-0.36078900089220867,0.42420950663836626,0.774192796015512,0.6625603195946476,-0.290909780400277,0.22352893270029156,0.17174783386863932,0.6474720119926272,1.8155350725074526,-0.1382366221334529,-0.9452249149532533,-1.437871581099914,1.796507543448634,171000
1.5195661110563161,0.5046983589505316,-0.9765393375690634,1.3393895788995773,0.05279118464484788,0.8496945264021782,0.6589532611147053,-0.3010640681832145,-1.5162064012445304,-0.9666743867544183,0.48660392365794614,1.702926072522344e-05,-0.9037212647950932,0.2526922087843051,0.3014188827905735,-0.9217310819389072,-0.34472289525917577,-0.9587304062963224,1.0509586040448855,-0.31973353391889625,-0.5964617194521348,-0.9994683368471348,213000
-2.1966499224065625,-1.420323647063386,-0.17067981202509572,0.09552207768351441,-0.1259452830464738,0.21431429049141537,-0.0986924029919217,-0.09906919105677187,0.3529979722174825,-0.22474712498847998,-0.005984021671814798,-0.31973910377009285,-0.551911073609118,-0.049683923966149394,-0.011257960149353215,0.7197340979880538,-0.6879376921415702,-0.042339821751832485,0.6049561718025185,-0.3517582345480059,-0.22572585544776091,0.7300494087497754,133500
2.209576677638937,2.880096576053607,-2.88703232042476,-1.7569762986876056,-1.1943904217560242,-0.12767719273340095,0.6681060337511295,1.5506701163262422,1.0125154239571597,1.7889782126844629,0.024503885267079036,-0.4949785619613648,-1.7789590679418434,-0.33033325561129845,0.010760474971520936,2.8515904964710317,-2.034754947907688,1.8588347941539325,-0.5438668815247553,-0.6743971083087925,-1.1595463579482397,-2.5183680887952007,240000
1.1948430747276242,2.002797954187386,0.10112158416720002,0.8136443600496538,-1.376776386286511,-0.17447935911728973,-0.2274593013872525,0.3952302842398494,0.053234923059140585,-0.4702520189982198,-0.2300583010962539,-0.3301754423435415,-0.4815834816094427,-0.3698283021256023,-0.013853035369812973,0.12108099454095082,-0.12735298919428456,0.22409841628534982,-0.5567842169738909,0.22001891256028377,1.4582705277001,0.38965621740145606,187000
-1.140343794165667,-2.3576088897126737,1.980610167342705,2.439731747005699,0.26224763944333435,-1.3402421940048532,-0.9580357672137436,0.4508137073826094,-0.66714653505408,0.043085663738975516,0.7822012837015169,-0.0031808945320934206,-0.4294130850040915,0.22216149771236748,0.5880874346469656,0.761463537611526,-0.2686781033128164,-0.6497045368038944,0.16679689952641824,-0.3802981138514561,0.9564345748964288,-0.7330169904327938,131500
0.9213344805630853,0.12424624560641576,3.0905288968163673,0.009943612785685214,0.17008237563446368,-1.0990506006851386,-0.07004850491153607,-0.15884069087011893,-0.7929981172101579,1.039138599758933,0.9886679471305869,0.9677276038527364,0.05830985288550195,-0.08931467874411961,1.1919974641434814,0.22379274993250725,-0.26976791504888575,0.9612876131780516,-0.5212263362359117,-0.39718120147019986,-0.5783449544895104,0.6457084690169196,215000
-0.2719775932207552,1.7279517573072039,-1.0677865167804694,-0.3505106798278273,-0.1943044893777567,-0.7411844833450485,-1.7447174250830138,-1.327110164324788,1.0552124585501406,0.11264945183976487,0.5315781951487873,0.5870994440868492,-0.15630618875080984,0.00909335459061255,0.4213689986087056,0.874168767703328,-1.131376258009273,0.13277647330657782,-0.10230794325093749,-0.7915346603174763,-1.8456404665773682,1.2049259382215105,164000
-0.2500704017633641,-0.12369861735729491,-0.30691794107984344,0.12557998758404124,-0.5260542735231942,0.788780180643237,-0.47830054972869623,0.024151833685782362,0.14125759650829164,-0.10286854951319732,-0.28261811236572215,0.3293751251964796,-0.3622102296245014,-0.48195470495129283,0.5239427316767779,0.8659161796062727,-0.8739818075126272,-0.5614371988238105,0.49169259533607645,0.5686263365843612,0.45535924980743175,0.5054480316589589,158000
1.5013943923133843,-1.4844562776014982,-3.4990330822592064,-1.6011900573289688,-1.5818698036794834,-3.0049146020615867,-1.4536662305859913,-5.010209552271196,2.1137904782029286,3.696277085123917,-1.9907255412381233,-2.9393573615390522,-0.2379520428622762,3.2173068170476937,0.2724019237959178,-3.0826375378857236,1.2320781339067437,0.7227487688617252,-0.6050249816702679,2.112430677546541,0.032248027730535804,-1.47392711242836,170000
-1.336409059760799,-1.1318116895715866,-0.28774157305240566,0.6468062436823294,-1.1893346777510048,0.6548020283151236,2.356027280459815,-0.017867036432638865,0.9897625609218973,-0.6950000133694276,-0.14543786162693295,-0.8541192042242681,-0.26983900961855123,0.11294111724182002,-1.7805229731334347,-0.2719103926357453,0.3927487311702029,0.21008249383089217,-0.08527482345944631,0.5879185990373922,0.48879307562419466,0.06859142525799616,127000
-1.5159315314987734,-1.6347686997551725,-0.6713860885459645,0.5541699813192318,-0.03686652937078006,-0.15194095221434306,-0.5942674077570211,0.15435343950794564,-0.6660958824683662,1.022457358894321,0.021979310637603628,-1.085462698373497,-0.6203432644966571,1.7120601459811307,-0.13098469272093935,-0.10078300088336203,0.5407450797397606,-1.1690255212313567,-0.510980140245268,-0.7270566786400652,0.7540459172480484,0.004615985655288113,147000
0.49890368597064094,1.5644622690943188,1.1460556836915,0.6961321915510698,-0.6371113141880104,1.4106701472200875,0.5533659226685617,-0.7769687810176782,0.0017296731777868462,0.14385473716010722,-0.5500189210741463,-0.25301374765569395,0.7025904277203755,-0.006824268239310753,0.04039710679718891,-0.15370760575049552,0.08591156205039617,0.42666682060572375,0.6179515836065403,-0.748257981545262,-0.39610905431793225,0.7765221016838438,174000
0.34214212992187026,0.15023836391670276,1.322060182606414,-1.9294701731844215,0.1744709823137547,0.9964041989609261,-0.10742565687052677,-0.4026366108960683,0.29262277655242647,0.09767299391470785,-0.024359234376652678,0.36062738632157837,0.1739012496901753,-0.09849409706849376,-0.002427682373058369,0.3040707889515264,-0.39409715319247474,-0.3499828505727723,0.3503015820315151,-0.5719688301450249,0.26950880273703853,0.9099759414173738,152000
2.298157941965294,1.6386621000486312,-2.437242670676761,0.7332734803100436,-1.1666625764671423,-1.0947474786490172,-1.2164125183389103,-1.4863076761866756,1.9347661930238933,-0.5491693966882352,0.5461253292122038,-0.33877134195060704,-0.08946297302547193,0.14415436629115763,-1.0504518692309002,0.7099983552952697,-0.04615033309429436,0.19586908288140284,-1.7248780411427325,-0.7142908683781393,-0.711496804130645,-1.0003293674492189,250000
-0.5979048266437922,1.781888345687228,0.04466415529426638,-0.20046080785919065,-2.340413863441569,-1.5280412447888765,1.2102527664520084,-0.523405716046356,0.5828350920276348,-0.6705460788029455,0.2737985085959805,-0.7519879731203549,-1.1591856545199704,-0.05978867354955309,-0.4587755875707464,-0.8140477626601593,0.08791979045484086,1.7198397493610376,-0.013449039156588748,1.7155766691363408,0.711528071028439,0.9758285863224566,189950
-1.306447264712685,-0.8072179168398851,-0.15490310593580803,2.395912120232931,1.4351358480019176,1.58585811326241,-0.35629192062307746,-0.9660554427075384,0.2082779438169311,0.01765376543520069,-0.2964307650180167,0.249777924448998,0.8467459476282901,0.44181638108952825,0.1646116191456345,0.15806469607534532,0.3032163669884663,0.059980930315193255,1.2185736599793497,-0.060847028572418665,0.32135166966127066,-0.3257342593639572,131500
-0.5438885205673565,-0.4502895653503201,1.4033461858301868,-1.1651806369754252,0.36354088196304085,1.4918884532056513,0.5820747632014776,-0.031614227620068096,0.2740130160220711,0.22838472700455523,-0.2849952194189726,-0.2802600953801791,0.5919308982715481,0.2555860419887815,-0.9649270559759817,0.3676333512393754,0.1572006796362746,-0.4328550400527145,0.7388327340303444,-0.7221880029277947,-0.21542465048162437,-0.0020902726476172717,152000
-2.0885000348271476,-2.115449644916191,-0.9266218638114817,0.18856708431405375,0.9175853226893836,0.5766376456117669,-0.3532714850174285,-0.19798237447020522,0.2853449077956433,-0.9090131537775668,-0.388874565722305,-0.38702276961583465,0.20296575199959863,-0.05229120868262684,-0.9685761737852127,0.36161155769772274,0.1898142705611767,-0.8762468732084188,0.4079821889907445,0.14732451506842084,-0.5423890718740361,0.10887336103462626,132500
0.984052018625113,0.07838877853528893,2.7511551452602494,-1.8670301555145885,0.09625630649166662,-0.3429079120859793,0.8851534831382212,-0.3575871664382939,0.07219853523057503,0.4226070240968129,-0.16359920155685287,-0.7001370769208616,0.26879531950479635,0.2584042506003074,-0.8658348640893886,-0.6123863243462383,0.6089389080694244,0.6220369540168762,0.42859784881993956,0.14188715506000432,-0.2156379226525178,-0.24570675916786847,250580
-1.6006049660623412,-1.9247983306066156,-0.3618734734749912,-0.004947932780464211,0.23288578259500808,0.70023002062386,-0.2975614329262523,0.1671097078245056,0.24039521195973734,-0.7572895027970461,-0.022314101410772964,-0.5488428966120816,-0.049604324562374326,0.17179127139150366,-1.1801747478206235,0.7145571240386032,0.26427790121273226,-0.8566344177672024,0.1607297387106438,0.013759005956051331,0.27856381437001854,-0.033455540703657936,148500
2.9198828330373168,-0.11333796404949205,2.5612505528125817,-2.3262731327598556,-0.019297852363732083,-1.1348694088179925,-0.5634346262209181,0.38976469724372903,-0.3391024868666068,0.45229340423736464,0.29368510559856414,-0.00674784468410345,-0.8730604110142989,-0.2003902493369991,0.3671558201613777,0.42345450632587567,-0.6361696498446676,-0.5664431018120765,0.018376461304372916,0.29966751322405444,0.37696082732191216,-0.0047990940556155185,248900
-1.352445320765671,-1.5911559920960845,-1.0318425983382133,0.5050511179179887,0.24445080236462147,0.9238705093280984,-0.8144471846901125,-0.0961965874217932,-0.5046540874335345,-0.6796364138539949,-0.7141113777215544,-1.0112916010123862,0.856347225710045,-1.1132718776569055,-0.2534664524637157,0.3921999954717538,0.7916265685530246,-0.5402307378098523,-0.4575528930188849,0.9212947009700623,-0.7354544176079928,-0.40078855398795116,129000
-0.8841834415725768,1.7947832139174045,-0.9824980364331326,0.5827945568511664,-0.7571332902357595,-0.616637076072598,-0.5193270581405319,-0.2351137895227305,-0.8535693043658107,-0.26419071466490907,-0.33728875197276204,-0.5075495613408872,0.14070925079981172,-0.009420400462871181,0.6632012568510084,0.9356678885176565,0.8546125628667292,1.8622696007265371,0.6472384282571197,0.8154747463256203,0.1293375816737833,0.6344691108233331,169000
2.3853174558155623,-0.011327771127103942,-0.6085422242311176,1.6088140345461384,0.21909785409171784,0.9953591783813089,0.8036137565214121,-0.37758219833599926,0.326159931459691,-0.5575692974509966,-0.6244912582042037,-0.23438514033662364,-0.15910724154935935,-0.0814779845555004,-0.2562592951166217,-0.16479151449911034,-0.2953355905842285,-0.665872775053458,0.8560857140925624,0.20342365354040165,0.14930101106605578,0.17708989636813083,236000
-2.856805553640919,-0.3778359005894014,1.5627973748179584,-1.20958418746739,-0.19102119514610816,0.4409417146784763,-0.3915378253129939,-0.4517746200031894,0.12457909379258238,0.012378896240800366,-0.3176532154277727,-0.26536773181283757,0.07399701942163778,-0.058091883244635094,0.026828499464509013,0.43147989531418574,-0.5657938830132572,-0.6683618256300154,0.7979297382844383,0.13615366602212936,0.35819614294842955,0.07950491255442904,109500
0.833717914242801,1.0942910725595243,0.7671107999422455,1.3618425243457273,-0.27407620369974595,1.1870539064078383,0.5772885403219179,-0.2689846285824149,0.40363943895296106,-0.30913108966173464,-0.7183934699901577,-0.689803129235177,0.4401315340612709,0.269294237701541,-0.8393862266995807,-0.2960770724839721,0.3381139374978327,-0.5852104887234822,1.0363440139858613,-0.39230026207967383,0.35944039434600705,-0.36075762063308453,200500
-2.646646032818283,0.2047128363303462,-0.035576757861233384,-0.447534469640183,-1.4545691569913115,0.46532885781248207,0.11033380451095502,1.2359678625802004,-1.4737606900693725,-0.5410395992653043,0.7000643088375478,-0.6777240339183194,-1.0520917111753072,0.249930654611066,-0.6535850820878545,0.6651825542646979,-0.271750178097706,-0.8809717186418002,0.16212745040375223,-0.49137505492059436,0.338132005645807,-1.263183744203224,116000
-2.5517071472112036,0.5329807210336247,-1.2454843652492398,-1.2153716833761827,-0.2133098757085165,-1.4058287151948583,1.0747922717960343,-0.39564978924113114,0.3592638169925443,-0.5245536463064606,-0.18527214360536648,0.6939938132571958,0.3269451845702672,0.4859348017318969,0.8389633837528049,3.1674617024198044,1.412316332750317,-1.0026724342069215,1.483958628997599,0.40326992437707815,0.9000900207526283,1.295484551790353,133000
-2.7083363766115864,1.3936583826395168,0.2998483177315041,0.17417055515719237,-0.9080586227602446,0.8005701506047136,-0.42745277472230775,-0.3961284944232149,0.19140245178589993,-0.2929441967328929,-0.5962786064373408,-0.3643432257340846,-0.129574461572601,-0.1693135423022732,-0.0024862455233676593,0.52342711099131,-0.6160405986269808,-0.8032819248247701,0.35181580920183686,0.6215112490731977,0.2810611242295308,0.08268464940987713,66500
4.156266425506308,3.0803309275817234,0.5997350122035362,0.16503469576072585,-0.8678581228633289,-1.859553544539926,0.729202407418835,-0.5257508124218879,-0.20287798469890117,-0.18794837807697812,-1.1264521708372452,-1.8422462266993214,-0.8785425353328752,0.061653115056671086,-0.42838367214342205,-1.3502710027151836,0.22494254909210867,1.0680927162787472,1.2962429791344916,2.143373142531111,-0.6457246803096334,-0.10840591378922121,303477
-1.6502266240549481,-1.7818944847823825,-0.8556364470378545,-1.0897618121654529,0.7943283658427416,1.5244258898637373,-0.4288145391231359,-0.4084195593224958,-0.43492155322980597,-0.4370925985999455,-0.835786790230516,-0.44382786858491324,1.1354758047347353,-0.6199828578125114,-0.4099908474396329,0.3093687531530575,1.2081523357201756,1.5790865825917004,-0.4068379150905536,-0.2429020754754874,-0.05501363493786486,-0.4946649823532505,132250
3.9802801120228817,-0.44060942707046014,-0.5883040311749157,1.5242951447484903,0.5495430441545576,0.9937031066502893,0.45104464182773624,0.1361605774206363,-0.1201339146372251,-0.5340908480655723,-0.037845864553826596,0.31862203799802524,-0.038749410745509145,-0.1356544562604014,-0.4162967666292697,0.3715837826458772,0.0725164016240946,-1.155724101665839,-0.21406971593760285,-0.4877865383327149,-0.7591245855530578,0.225132717554508,350000
-1.0200595133638781,-1.8810275683158841,-0.7523467867118926,0.5983614064938282,0.13827821865293685,1.126451243308958,1.2969236891468996,1.058072039471725,0.362352971841152,0.1727078658296736,0.6817239144333337,-0.5180028508467341,-0.20941280582705568,-0.15247488551580188,-0.8652125688650134,1.093178893101794,0.0327792782782589,-0.3605138375355649,0.17216330853463718,0.2072261203675356,0.2193771066138878,-0.4473898169443184,148000
-1.9699359536315266,-1.7172797759496095,-0.04456548684244203,0.30040349845960357,-0.7493447869081907,0.32528979138102443,1.2530691455469412,0.8665789844942103,0.6070539730729093,-0.6185924557488417,0.3434429900039286,-0.5657485121841195,-0.38523738611916203,0.08917506309543398,-1.6639847285871099,0.6287235653085343,0.1344906406327289,-0.4718272511683243,-0.7646183622379459,-0.5235026994641329,0.6253852682177757,0.12948942419194293,136500
-0.5303536752463255,-2.2749393308403207,0.7519522997723661,1.4244333365683515,-0.21682586490572897,-0.19013691192533153,-0.25848475366511536,-0.40951989634060104,-0.3413673947112434,-0.8683913593108262,-0.466512009821915,-1.0059682365557752,0.6030641318490922,-0.19620621319592418,-0.6397787195340572,-0.2713262698301985,1.034206946956365,-0.06945131045009122,-0.02430484363959391,-0.2503184396912578,-0.07746679982930546,-0.3445755840287978,157000
1.478497777803318,0.09456744617763695,0.16220653531705412,1.2739923993144018,-0.1929736062430805,0.23657969261542014,-0.1732414048418845,-0.08545120962197437,-0.4210664026070023,-0.10106031780899366,-0.3894698247047847,0.3875183064033766,0.3107183669986549,-0.7859191036024482,0.5498472319659248,0.0485575473202188,0.14270894230861206,0.5718299614736034,-0.21526724173432218,-0.07911975365543289,-0.8712899714978244,0.22178219740345775,187500
1.1947850682265222,1.4567827991332125,0.8742365303962559,0.5435698829521579,-0.7192330271006391,0.041545650708526755,-0.22014296152468424,0.7176889504318262,-0.5591671370288016,0.5357806521744398,-0.8881795966693468,-0.9609067798618521,-0.9112340590900792,-0.178947785637444,0.6428123618484105,1.1022991792399348,-1.5857471336096833,-1.1890038102738956,1.229893645910027,0.12708981416562273,-0.4311761955665609,-0.19960135292710468,178000
-1.7811620954685017,3.606056477576715,-2.7641956380485584,-1.1711627963439815,1.7278565089085869,-3.6283278254331512,2.563792902214911,-2.084927621371585,-0.8088855686935129,-0.9768351763846254,-1.419314082998309,1.0519356703617515,2.3192509670856314,1.0496666073283074,1.3572854059805388,4.30162163952815,5.646219297243107,-0.46997944340661907,1.0277588991617357,2.66025491638436,0.08644468504157744,0.0782321855215408,118500
-2.4736641269906685,-0.611576280785385,0.7121595264102554,-0.7112078971785408,0.07370225257872606,0.7397958550699032,-0.3838931544818189,-0.1820890319928513,0.27681372978361385,-0.28192150030815516,-0.5577078410807205,-0.20783327713052466,0.3411614543867675,-0.22923796156123732,-0.557496902128942,0.35004355779882657,-0.14939794132793013,-0.798873817611575,0.44335729350773656,0.04772679500605431,0.0455198254103002,0.063500335880614,100000
1.9495626164842386,-2.2071910657673595,0.9848255489625822,1.5420170430375724,1.2752887830123805,-0.31134541217476897,1.1985476737058063,-0.6790001136337329,-0.04493317509361549,0.22140916601974392,1.226777655726607,1.3749364096766798,0.3040696981536446,0.16187117260294948,0.24551676112769097,-0.42353386838147783,0.4620632750818479,1.1474324131032037,-0.017838335476342882,-0.057867198103992386,-1.0071521463351498,0.8109208311981003,328900
0.7119853440825626,1.1696008513082192,0.8162984285119168,-0.8749748055002446,3.3598684958057654,-0.18594417224304202,-0.9551785025206081,1.7161302709446986,0.19479309771410303,1.581589578745419,0.782948149437507,0.08981267698966611,-0.28122144122417797,0.20724565128173106,-0.9623691940981058,0.6978226446024086,0.24930060173068555,1.012566413258548,-1.3509984088597522,1.6546254678087486,-0.34531707096727693,-0.5010472447001281,145000
-1.7946849746452287,1.2862950753747913,-0.9305982981465316,-0.31548961662337655,-2.0616408491041587,0.35307278922441543,-0.47954459690042506,-2.1318762666580264,2.221946164568582,0.9731087518427118,-0.04415402009914253,0.280410737805983,0.6123918824817867,-0.40209586824357235,-0.20100032605850518,1.3508115121570992,-1.0152795835754964,0.7188296884194213,-1.0214365109636485,-0.04656037903806513,-0.7283211051338431,-2.375877918013345,135500
2.835018039276703,-1.0412125748664587,-2.4093111636208757,-3.007404699508635,-0.4939301619390616,-2.4532719842537354,-0.5337805165166243,-2.3619150374556015,1.6046857794146878,3.2837555929968056,-0.2925642547911004,-1.519756861023685,-1.2151159713218844,2.7554460985965843,-0.14949274570567478,-1.1180502706333288,0.05798259271423819,-0.5049309448826718,-1.463681882438937,0.6697558561176551,-0.7495259774802145,-0.5195704322591362,268000
-0.020454349471459726,-2.7606920959700565,-1.0744126694328024,-1.8141365852872806,0.9852961930142554,2.072854267920696,-0.10165128795340075,0.4940775074903717,1.428368859604252,-3.1251886116421757,-0.3224802555849044,-0.1754991737470092,3.184992285175005,2.3635056971988044,2.0420799629843254,-0.49844801328484206,-0.5712011704116634,0.38866250884523895,-0.009183176257678474,0.8000058672536131,-0.5475844646492805,0.5980154633397866,149500
-1.7890522002201747,0.4394364005865208,0.5638316398269458,-0.53304438833558,-1.4987261566959442,0.12330547287668617,0.12355816503575019,0.951243721578147,0.6977008504519406,0.7210845588491402,2.614132409300774,-1.9187206152878098,0.41035683225481023,-1.8581570842882331,0.9265917574152533,0.3298343293492665,0.8267625986132059,-0.21278139020187714,-0.2790651408843064,-0.3587244562485023,0.13912170806469262,0.9920385135720324,122900
0.7416943428420186,0.6980409442694523,-0.82187760557622,0.8327713037047585,-0.6584940507458135,1.1623646568264565,-0.06765941516755061,-0.14189855225920436,-0.7174644001855283,1.9674898439792436,-1.398141232840999,-0.5610709462933547,-0.2542945770369303,0.8687523158422531,1.1795872213953555,-0.11042670044319458,-0.47452636909329493,-1.2748493441013566,-0.24943298678463513,-0.15515337357467637,-0.00221938461513121,0.5592201213974131,172500
-1.629954324580551,-1.0061716577605089,-0.2340757464866346,-0.5799652585238667,-2.195091545564045,-0.523645916000948,0.4162592620735095,3.0335054372015864,0.13805993362593805,0.9024887668694506,-0.25222864909854126,2.199041664966666,0.8794791684850637,-1.060883598192552,-1.4102087500434972,-0.5743348871598295,1.4166158378654934,0.9009410596457774,-0.8198259589857704,0.10577067324842301,-0.89909558295823,-0.15830088027260353,154500
-0.4735649720968674,-2.2477737091024212,-1.730008092071702,-0.24948548433264808,0.7171399526690234,-0.22853680686375208,0.2202290139679312,0.30692748329068176,-0.5982572279564722,0.054243662641086945,-1.114813405576576,-0.1043291724606712,-0.7237944849739132,-1.1839874451053465,0.4453151579372538,0.7823942239618561,-1.0657458046437613,0.26201966847477803,0.550121145874672,2.689945910917463,-1.5658752245579335,-0.3061612854118992,165000
-1.8195809498496074,2.0761758558521803,0.5307389456161509,1.0415536779427361,2.6201558900182484,1.7879001472891387,-1.1429550753470168,1.169338232117176,0.7115772586019765,1.267749086715212,0.4348883244474404,-0.8075671948936253,0.44270404663281915,1.24746313289577,-1.6523334797120994,0.9863149762632079,0.4143002182420935,0.3539321297975018,0.27614486514892783,-0.19146450808842724,0.26659601494655283,0.4245110302805331,118858
0.567338467242778,0.9279368489684222,-1.1445307279484351,1.000207906141375,-0.06665892483579608,0.3678213689649171,-1.544830622528919,-0.6750386871598704,0.28598773417469747,-1.3753157811360117,-0.6559573032922078,-0.26099083951792085,-0.344585053914663,-0.2826376681591783,-0.04890618978762665,0.05382572606553883,-0.19592288457724197,-1.4242755975314487,-0.06572771426559836,0.5847267964757789,1.0194969158472895,0.5232200000446845,140000
-3.476835921281751,-0.3784605018707241,0.5887306022360445,-0.9029938860269049,-0.36207344164502925,-0.20059733007409444,-0.7874678370647629,-0.449153775996504,-0.31656007286906973,-0.2498606787957396,-0.028601349945039992,0.17378267886919033,0.3907883359440584,-0.6157943655857255,0.1709256909029547,0.19216976097202715,0.4055062140776388,1.1726635011225772,-0.7015289803063899,0.8831574724778473,-0.022090886222709112,0.1620910038659914,106500
-0.40895447065984236,4.2312857387274585,-0.8640703891399111,1.441635973954574,2.6883299007353942,2.240039799944514,-0.9242630449874414,1.7545078431241132,0.3800453550790225,1.2901461365977385,-0.2279843705940998,-0.9806067467401635,0.2074489964563996,0.9452078747495705,-1.972628974488817,1.3534085703729801,0.18225876338335686,-0.1420469974917549,-0.32588333923788687,0.3359329872170009,-0.9117597273190685,-0.02699528253623638,142953
5.590010094882059,-3.7321396293069418,-1.143121708744121,0.5996059353209339,1.1113594006329723,1.2152186676834684,0.7023009229643355,-1.0868531871675724,1.4738152663862945,-1.7484016702000778,0.5254427243115204,1.9458431766196191,0.27685333552356445,-0.7141875079648926,-0.2722785907211608,-1.1452414643440387,0.51821099322968,-0.849425353472936,0.07154727312870762,-0.13543766142951216,1.5411849860034923,1.4153475123500179,611657
-1.833144101863615,-0.42103439962173905,0.12039926394503876,-0.7603349546635662,-1.0358282046733343,-0.5490537156387858,-0.21662296891977578,0.42381850482259475,-0.09049832856142481,-0.5096532438982649,0.27123015995923755,-0.11586158435414733,-0.05879264450042742,-0.5530387669822305,-0.4262513755289299,0.4788141554620414,0.18806537137946666,0.6442008182597652,-1.1575964735102284,-0.4704909957115791,-0.29369864790636085,1.231264502689668,135000
-2.929732888933694,-0.8429046233764008,0.9072483782160509,-0.8401225300567662,-0.509304373827035,0.12394132191600424,-0.5117940346355291,0.022543465188595176,-0.17811118636394987,-0.32996698963639703,-0.28085633574576463,-0.39835302262746364,0.4570693862537713,-0.43966027689045284,-0.37100665236032104,0.3744204399760584,0.26653536121433535,0.23278348492041162,-0.36192818723057046,-0.08359357542723397,0.28192360583277715,0.1609126629784734,110000
-2.048006770123801,-2.1196325517656205,-0.2560247276297453,0.4893444689681624,-0.31433183494166833,0.44961785627882933,1.302401654732982,0.3024737424143082,0.40347968025133873,-0.6102954371197582,0.4362897848061253,-0.22897246515090533,-0.12189215724549282,0.08477903192730121,-1.1061807041598408,0.43730811061925534,0.25791421982394697,0.0665832715066065,-0.2760875781225876,-0.39403384020932314,0.22192317069145642,0.124720145864879,153000
1.1638826716335349,1.5904173224328548,1.5543892020976176,0.4921156716225639,-0.8527715368826576,-0.6437823087522188,-0.6476714285619264,-0.3559449282346339,-0.5672930938640018,-0.1914839837440197,-0.3720019305764359,-0.8813113098740231,0.24639840536357438,-0.11266463538054103,0.2198457959299336,-0.28584410231139873,0.37835164330499826,0.5506576107103717,-0.038514122706155875,-0.8320367335904918,-0.31905066209892674,0.6573178684158623,180000
2.1715865275035755,-0.031696491585846635,2.5720240344257754,-2.272403245751285,0.0035879904483858407,-1.0773393165191094,-0.49219726648613565,0.200637196322496,-0.73325673388167,0.786023691943977,0.34821459091387946,-0.12160897740889706,-0.4405424828562395,-0.20630712291311193,0.5749736608214062,0.45544033227621394,-0.15831589609248883,0.7248269639229228,-0.18002767168407638,-0.06433987678563947,-0.6923795995713864,0.10472545317322686,240000
-2.4638282002720002,-0.7229149725668413,0.2803841754611751,-0.6016459473186984,-0.32101566261168285,-0.13420044520494434,-0.9220497839738548,0.32920324271971074,-0.011791085863149293,-0.6772945303018436,-0.2981253566211716,-0.39705855376547805,0.19871384213039153,-0.43098881056030774,-0.7525435532235418,0.45345589859366636,0.2513456785556635,-0.4960948538464194,-0.5399787157396914,-0.01997858409368269,0.15839725365859264,0.1965254668428395,125500
-2.554489809539404,-1.2100501207243481,-1.2721547660858112,-1.1079044000977645,0.758801941742075,2.1814324038453425,0.8448768560460497,-1.3362952830487522,-0.8378097500120704,0.10564396375819876,0.05256857673202986,0.4796526401770074,0.06500367020801723,0.8502895542635693,-0.01772220031939648,-1.4631842672030548,0.44770059445065746,-0.9305331934472688,0.018817380831127436,0.0792890041279036,-0.041040312260941465,-0.6304749856271898,128000
3.0235697107805724,-0.9424101996198733,1.4958305897642297,-2.6464453989343193,0.620300416884559,0.016017431198182754,0.01578124749627209,-0.3753053147079314,-0.1854974590290659,-0.24929184361150403,0.18223266270479418,-0.37395322333553477,0.1387033967989391,0.03968331261274179,-0.42446527821786567,-0.15494129952676566,0.5658558533395296,0.3043191614719708,-0.4119348486616138,-0.762301324756099,0.5437098027544803,0.5350949708662147,255000
0.18827327683012404,1.9078153201580037,-1.7973003709390734,-0.566784411377935,-2.6546560459098116,-1.098407709468959,-1.0186145362777377,-2.57985320680784,2.6335448461516253,0.1442248228770602,0.7911561219148648,0.19847118531249244,0.39212167741904297,-0.20076676504521962,-0.4224351682394185,1.114802344606455,-0.8407585840074362,0.6758464566178018,-1.7939208182832231,-1.399386603482019,-0.9897545256247247,-1.410565035557826,250000
-1.6123382681904481,-2.2058064771539265,0.2571424024509899,0.005071598145920326,-0.14908245741229934,-0.09776863704760476,-0.670100994353499,-0.040519492547403,-1.375548433224838,0.9504563422547183,-0.7933991816032342,-1.0101322100025223,0.2907828753238437,0.3754526057330413,0.3511851978322443,0.12514520420155628,0.7162701768138979,-0.19470314831177352,-1.1715618683685645,-0.013178221592578471,0.017083769564126376,-0.3251016604599885,131000
1.5118882204154345,1.224627151112624,0.37931594568890714,-0.7251844769012551,-0.5342022144738047,1.6465233294021742,0.3007651929199932,-0.04443771751152362,-0.05646892783146055,-0.35355726842477936,-1.24016178605645,-1.3799778555255977,0.7749347653588073,-0.05544970174488375,-0.6066946810781981,0.08550233336118482,0.12213015883593596,-0.22517135974290772,0.8170752098460516,-1.7143724932756825,0.5833378911518861,0.692264240014035,174000
0.48993527888146116,3.216219623254784,-1.0125037756741442,-0.04006872689614629,3.656945889449462,3.249272246837876,-0.4611625185946069,0.46607164720481287,1.48255017765015,0.8425320512589829,0.3035405508892027,0.885893057632595,0.7187189261795691,0.49750491187956686,-1.6168825447804145,0.2767752559755511,0.5283827148515214,0.3638602474742949,-0.7195531498120346,1.0266077844964248,0.5350955158978418,0.18430427444411585,154300
-1.106313803059006,0.08587804081507237,0.8418197190071729,-1.003148788679735,-1.1153190516466687,0.1836151625695756,0.5478981086475709,0.70712528695981,0.2419434810990996,0.05324105561109614,-0.5760726000040316,-0.6755861797400056,-0.6793160682533314,-0.44089925644003297,-0.36797822201037217,0.8166480631249783,-0.9682243153571188,-1.1345901429036567,-0.05795083829097361,0.40841772018316724,0.34693886403479834,-0.3733920946430985,143500
-3.5219021492460025,0.15362119641031383,-1.0616981626010416,-0.8489330625031283,-1.0673560095950443,-0.6406072419662766,-1.1439498449232186,-0.6199753452741716,0.40400141063761363,-0.37259700560282,1.8829121333952934,-0.06736242861360747,-0.04346970079428469,-0.5909386687560055,-0.1709255450663502,0.17491680772184678,0.2988789201250151,-0.14386471844682805,-1.0375617651672915,0.09972977447761494,-0.8111757120576717,-1.126451093369465,88000
-0.2532138994025294,3.023869576472521,-0.4921821707420258,-0.39861641691835925,2.692250463594091,1.0233264233750057,-2.1518747202063784,1.2108257587841835,0.4073125753474275,0.6501917824741195,1.1445882186414373,-0.5613476773309395,-0.16672369763893938,1.1507191325352313,-1.5797864997231499,1.1740728997599046,0.6180953668215414,0.45058017855753585,-0.7281142011824907,0.809154326905027,0.20435119027272533,0.5276791133173666,145000
0.27539294219558513,1.156972228273928,2.4912260345919695,3.3294257613140776,-0.46137829323437735,-0.7782994197970776,0.6695879775981843,-0.7837859900855325,0.3326341966306792,0.3718526273604633,0.034853983168950144,-0.6413277346451384,0.06217285972963505,0.8639404103283348,-0.19890714896937847,-1.0949472408652539,0.5150567994820785,0.9176911924552522,1.775577939997477,0.7830977319092718,0.7804969107309757,-0.517247926876579,173733
-2.7900044999733424,1.8368734796155775,1.4429407791068027,2.5237608077391855,-0.17555980375017047,0.7453929200919015,-0.4516438282788979,-1.0420426096998414,-0.32278588944570746,0.43772086314396264,-0.292350205760488,0.8865878941322896,1.1394889191528956,-0.41519007679537906,0.859052470528091,-0.200692573331183,0.37330730757099456,0.9885900139904262,-0.7183516771985797,0.4727901090799531,-0.18039041504487452,-0.07902131258808173,75000
-4.937850290619096,-1.8283751889030564,0.8473444215688021,0.014627155340203866,0.30124172949907485,-0.5617791236924191,-2.729303022398668,-1.0377758235921162,-0.9641799812537833,-0.6837665232352613,-1.0190068874414833,-1.0895563830207111,0.3822830127842622,-0.4728250414492232,1.0111269679669104,0.45967809013258376,-0.12330259036247222,-0.2885065807578346,0.776616594110213,0.47760411496555544,0.5099538452593344,-0.4870561015164644,35311
-2.563174732076383,-1.2749152733848934,-0.9230749392063886,-0.48139638591461886,0.22710969620836272,1.226506783022573,0.012953738148549747,0.04584859934525717,0.4808063216726835,-0.4415732908992546,-0.4618873229030709,0.08650875632118137,0.4634882070798715,-0.4697885525124286,-0.7292468966703239,0.4428157527953523,0.29398169069271884,0.3471468775739725,0.24842637207402232,0.1926208979291176,-0.20197764445854965,0.03269541054202041,135000
2.782469948626049,1.640943830257804,-2.2862203364532805,-0.26566932014134137,-0.47847288900805596,-0.522395548703619,-0.39592250357769215,-0.8933592076816051,-2.38311386388111,0.6654942734075008,-0.1274457294982738,-2.133855935911225,-1.7055411547880157,2.6712767580429224,0.4381566703152373,-2.720347489843719,1.0385370668821403,-1.28761898119534,0.2844351444728441,-0.29933277527041585,0.07067879937452398,-0.6097329818898248,238000
-0.3138697572630725,-1.849707093617414,-1.9958904958982466,-0.7767990080127762,-1.8461339009466808,-0.3801894024329436,0.637215603151281,-1.4088035199362638,1.7001605755752287,1.4355827642584906,0.7219789640398476,-0.5631851785162784,-0.28800386547976203,1.4797278465125283,-1.0896118989164716,0.3236377182001871,0.2408941828581292,0.30670884379851215,-1.7028086497452786,-0.7419271920457272,-0.11512594119900253,-0.053161760164016164,176500
1.2546200953594568,0.4882631385489575,-0.250453138390016,1.5086602947201428,-1.2596297127688258,-0.5863613053668517,-1.020835286188376,2.5856571602289806,-0.18919238809081404,0.808711663112538,-1.477153251709155,1.2598508498091274,0.8305280992336828,-0.695867793770307,-0.7848562524573348,-0.97193380031597,1.0807301841542936,-0.479727959676439,1.2525731312761235,0.5548508506881991,-0.9616730494789818,-1.105349283540745,201000
-0.7579485671306805,2.341429572372591,-3.3699898804183666,2.746358080208621,3.890430051271217,-1.5960346068134958,1.5385108831610819,1.2705359428435872,2.4129528899992687,-0.99881242929327,-0.5887565829077084,-1.3151352686349203,-1.424814339599748,0.034677953131384054,-1.66754060774443,-1.3169697056036676,-0.6493090573786561,-0.13397055472037614,-1.4486665462580774,-0.1373159565898637,0.210425804975606,0.1762479897526706,145900
0.7683345450152707,-0.08409603369458442,2.211334124087895,-1.8975540330649772,-0.10023072759926632,-1.0141699282298928,-0.8721026405221706,0.8293450357327156,-0.4771453576843286,0.11919645563971995,0.031904673598839806,-0.6350630704686137,0.02493586132220706,0.14759619455698447,0.5919864235181415,0.6073004477203574,-0.5315473157270251,-0.06225881243674394,-0.3934526140487208,-0.8621788037643915,-0.7574422277991755,0.4007537456620562,169990
0.4629525964507075,-1.5367635956546764,0.27348400452368715,0.42545081163747456,0.47414697551211243,-0.859234873431451,0.2116020025039893,-1.055371106060811,-0.6115583729911497,3.5120395445225268,-0.05074853857165318,-0.6294718784229851,-0.704291018458225,2.942511059871127,1.5160629740880123,-1.4866572319894438,0.4578043434116315,-0.40904761003744367,-0.7221988209083237,-0.4468743801963596,0.4335082114800125,1.3600747664125052,193000
1.4207086441017829,-2.567001308207102,-2.3513416399588034,-0.5070126381289505,-0.15786581016756207,-0.862881980989338,0.4047867162340849,-0.09714785280434866,-1.5138921752280814,3.784709504896565,-1.5530690029604484,-1.0548714778795203,-0.9177391388945075,1.9383644631136183,1.2188925136366222,-1.548167515875761,0.8358589254023056,-0.5656188072786686,-2.696273884657866,1.626337269231204,-0.21130500200971475,0.7751920996899742,207500
-0.7178468728600271,-1.1886380199424584,-0.47346970303533953,-0.7983653307821852,-0.8664186188883866,0.7057402795456524,-0.3802810002795974,2.6121091622968757,0.172520781204892,1.5600506222370605,-0.9925711977773662,1.8085565787183513,1.233758633662055,-0.3614665703501884,-1.1640233157158202,-0.5877561953389875,1.360909527484282,0.30989295086243124,0.8100547031573345,-0.16516347316290564,-1.044863177854115,-0.44721852737375223,175000
4.003276231225534,2.430806437274663,0.7580210227616525,-0.4586285730241293,-0.4298416061550772,0.5479318286143389,-0.12309834444484537,-0.3801197086177718,-0.2799010791511815,-0.28547236897660383,-0.6142194888387028,-0.08113589681096925,0.2543176404931525,-0.4749478471136867,0.03918057594128431,-0.4004911640267405,0.43733536955098923,0.17099449371775682,-0.553839274503469,0.07323818666517588,0.49890201458315064,0.11867305268942827,285000
1.453984031127715,1.7507519188183793,-0.7753304856011531,0.6649025038129107,-0.04830896136329433,1.3023399286150992,-0.6126366795315973,-0.6449583474127115,0.25992947035745284,-0.8655451930903544,-0.6911581565109542,0.3981912183664333,0.6111700979325804,-0.5428778020527617,-0.15376523504985876,-0.31202205859436755,0.4078084312199347,-0.19288520660100678,-0.31183383554408994,-0.04414316815875095,0.24563429204135678,0.7608058740809449,176000
2.3758865036730454,0.0372594345266558,2.22180169440254,-2.5314111381285187,0.15505532300723057,-0.40365633924450556,1.3180510953229803,-0.30782090777939475,0.10427833423859163,0.9009890638364744,-0.0947884606482614,-0.10008681832026317,-0.5830844113594083,-0.04185798975320184,0.10786475698621344,-0.18635921985602924,-0.6959215065440771,0.48911523981515265,1.034409131501896,0.9200557506576174,-0.6934591954650098,0.2613403683951505,236500
2.3350263986213804,2.816829883305527,0.6068525297423752,0.10369543437038357,-0.47060469167586444,-0.4642498091918366,-1.5886665539995888,0.21118075737494077,-0.35305156342903576,-0.5737413979906157,-0.4627343516950692,-0.48371100670453054,-0.2849546089666409,-0.3786117171509222,0.45470844732861,0.21413546835009928,-0.18928714883063155,-0.7997386051207293,-0.7200913003041407,-1.2232111948663689,0.39813753775651844,0.33027656431508273,222000
1.6520193103780527,-0.20297640502064107,2.8884963309983323,-1.9873439977587737,0.1545304094479488,0.5064238365725715,0.6747078988837402,0.2208088299830022,-0.24779588520397194,0.7509126876736828,0.23009095472017985,-0.2430826059120285,0.03627904644050898,0.36357420755320774,-0.5580391763398801,0.5261809817577535,-0.030423788524845903,-0.5528958764580229,0.3791334736062458,-0.5120064439850601,-0.2769948894953861,-0.4215713642119898,201000
-2.9350620461977504,-1.4118256181143625,-0.6126388208251736,-0.6499130160016414,-1.7582451770236218,0.15175292218448763,-0.7861692805530678,1.6362928406556685,0.48272591158300787,2.3450510796439246,-1.2115133823884612,1.1964374879043562,0.6306048509469632,1.042576651167564,-0.45939173394516725,-1.5178049382242063,1.0340485010551033,-1.2187849793330052,1.039418788957711,-0.30026189829667077,0.41867624066333864,0.4663854433948907,117500
3.7144366688532267,0.069717518603002,2.6255233223195003,-3.0439786711107226,0.17857088212470854,-0.5393455522458351,0.6450298020801969,-1.07809799990051,0.23179245991920802,0.16748128936972523,0.3625682529698924,0.4561402974619922,0.12930433588827694,-0.16857238793997192,-0.14862283060673573,-1.1687930923962195,0.7552620210750534,1.2947749961822306,-0.1477428245470811,0.8484561484569498,0.572219397927746,0.515306305288818,320000
1.2990475311440162,-0.11648673500745525,2.666674481727584,-1.8131356425120564,0.34414788420667547,0.13389871304699744,0.6538445939715779,0.4013242445891618,0.005800561135737199,0.7666799582910319,-0.14220503520813893,0.14674219404394162,-0.2928492755349905,-0.16556057135385233,-0.17940940455998064,0.38578844936146156,-0.6437270947402812,-0.9494229670947025,0.09603599602288523,0.24542757493867395,0.09441338440736922,-0.7565593766228004,190000
2.5719900149234047,-0.7157587872623714,-3.837374614868034,-4.250563368697865,0.05914980464610307,1.6632182094721462,0.02749208522062805,2.0342290076174856,0.1048482988914367,-2.1816941437524773,-1.501308570276989,-3.491664649464605,0.23963846601377314,0.21073317217646204,-3.0779197244580834,1.071476031062373,0.9795626058296807,-0.5885135223801733,-0.027754533418446903,-3.5561398004767137,2.293571462717674,1.112510939812381,242000
-3.6241504206495567,-0.4919534291226879,1.2937136102623399,-0.6868600248822135,-0.5004683394190756,0.04664820922935007,-1.6391362701369467,-0.6945635493544136,-0.9157157568898175,-0.41235386119376927,0.3357416035467506,0.24685805492073506,0.3458786946460366,-0.31784933304164653,0.6738623804450183,0.3072344542977334,0.32695437273569167,0.4985084384303306,-0.18754175015311383,0.555069660796504,0.7801353190909046,-0.20944597035469437,79900
0.3565243380917286,-2.2462403947265606,1.2280828187759982,0.30108588022863064,0.6141749204179544,-0.08583446124479052,0.47479400504977154,0.13082192333794704,0.06268161546217128,-0.3041894701285933,0.22611386986983367,-0.8189480262415882,-0.022205706520977454,0.5581242912815945,-0.9552626861075932,0.1452399721829464,0.35947519983528264,-0.5024119586422058,0.8366398912027386,-0.9833911616980615,-0.08782751598694502,-0.25003786729463173,184900
1.846923782542581,1.2393054048965975,0.9145825742939048,0.49545542803809295,-0.3478197239552231,1.3020252989079804,1.0321853394200278,-0.7898191168656552,0.12045398498538172,0.0021915586564545263,-0.4053615938622078,-0.041593607344961675,0.7552995244309307,-0.06044999558566987,-0.1156620914251381,-0.45239608971534345,0.3316310821274735,0.5380204952539568,0.47618305668629946,-0.8514607574424996,-0.5603187100261916,0.7893762976710409,253000
2.297488756990449,0.906732201201334,1.6838872112703707,-0.024915263440813424,-0.22328779218954609,-0.7952063770435401,-0.7045883114105643,-0.04789695636386718,-0.5730275733745651,-0.309718761151007,-0.1055219595864573,-0.99820991305995,0.25230293334443,0.19348546786051862,-0.5001713160245849,-0.2814061248558345,1.0629501616020218,0.18187404930601217,-0.1623105214022166,-0.34794939859821133,-0.13473048878423402,-0.40565971309241666,239799
0.18359866798197422,3.3138158213766102,-2.779357759947627,-2.152812442384347,-0.09671795739345321,1.7465713133906475,1.0652993667254362,-0.38342279795903506,-1.4049485611390964,-0.95316691268643,2.1735585323569713,1.46089275960617,-2.050634875446074,0.6107233701115278,1.0264405465111563,-1.0182430415531252,-1.3080052163144427,0.0891061295529705,1.3207472553224333,-1.3053161959920092,-0.8510450759385823,0.06597133098577117,244400
0.10374322211552114,0.33978276669035407,-0.41784973883411486,-0.24271857709933786,3.446911521427654,-0.16966213563057067,-1.886712355592992,1.1244705764844152,0.17664325421376137,2.43703890202033,0.6810547879610511,-0.3451216310566756,-0.16024181631939963,1.6488758156797896,-0.6011733195958445,-0.06512909146507213,1.0326744146335907,0.3731016500744863,-1.6527244860334107,0.378539157946369,-0.26837695184145277,0.487868585967425,150900
2.2175662770976783,0.06068182663047866,-0.20571957779956365,1.672280496271813,-0.09174853620666598,1.2747638941326895,0.28429670808374674,1.4428382182917976,1.6005219963094648,-3.014989581363081,-0.0689512383804121,-0.4367479781822675,2.465473732990035,2.8269324982161357,2.1812678008392985,-0.5613166372491395,-1.011772417982865,-0.5761337331951681,-0.6483484446886052,-0.23134924160117487,-0.40057009949200767,0.0720429649636369,214000
-1.6406407596523445,-0.9865164168136641,-1.6026125367835011,2.136373794439234,6.8577595361378405,-1.8248557795308529,-0.12211842426073057,1.6019450501167627,1.0543262200695491,0.6173808070129758,-1.2910758812530065,-0.26544916385220846,-0.41352645176187103,-0.7624216950675873,-0.42430397141583615,-0.5112197315801864,-1.2061998055853906,-0.5029357984456824,-0.9929246516938433,0.25303356579708214,-2.0788719078055125,-0.6843912939824278,150000
0.11950407009087276,1.8335982159948205,0.7523575275383327,-2.8081553957838135,4.033114816201438,1.0574121098108258,-1.8838806571782565,0.7529811452862545,0.5564048233638726,1.528889243279424,0.25490194144487033,-0.45806648827718854,0.32931890677143394,0.5612521567482096,-0.541205359283618,0.5597314575953882,0.3593606110499259,1.4652208920751282,-0.16577063360873054,0.11366840488803522,0.4455277943310283,-0.18220583819938974,143000
-0.426757256266472,-0.6094601192247007,-1.9311425117670034,-1.457100373649238,-2.5291048656872785,0.5282193060962845,-1.2603861917372192,-1.1987114894168605,3.2101879955452617,2.4449329739995584,-0.715128111582664,2.9467286321121073,1.5126772166226954,0.37434722624853384,-0.7533551739547464,-1.6457827735122506,0.8618733479371647,0.17415900813460958,0.19521078093700164,0.6229312475090094,0.8861436232723912,-0.8947668679770994,137500
-1.7100573533696009,0.20413088513325595,-2.375493476156008,-0.870525438249904,0.10486792619049154,-0.029850342558177284,1.12149486555528,0.07797631919087734,-1.5460209722950764,-1.9408619471260913,1.9224609270758843,0.892994149294374,-0.7895281348250351,1.127691166095429,-0.12062274113790337,0.661037536960444,1.3563096443298948,-1.625934642058138,1.4228961427590368,-0.6042756532683367,0.572760390204489,-1.3218117391308017,124900
-1.714043728102495,-1.6804055631114054,-1.4843903907841969,0.44363442820092697,0.3370690153451847,-0.012334192809934658,-0.5879003796875649,-0.4411250380608465,-0.5118634628173718,0.5219432379119022,-0.25485514694625616,0.41177758354358246,0.23827634682192367,-0.006765601149176404,0.5757105470915712,-0.2068698131259136,0.5263839626566994,0.5553149911654571,-1.792765180272981,0.4034768475435706,-0.22353958169879073,1.159495377193672,143000
3.3316158435364494,-2.2890820017340934,-0.02249785334333262,-0.3838727510939933,0.6503682269095027,-2.0274380751831402,-0.6504526119086237,-0.07091131854214093,0.35452266445569747,-1.2117886128340736,0.22667553581525374,-1.2633279885926114,-0.8582852437787755,0.44175714917919684,-1.2268666100845749,-0.7922383407764282,0.948365629548494,0.2474055534457005,1.0903750349335788,0.6492705824996874,0.5625765054199469,0.2669096403804085,270000
1.9562808839903838,1.621257087935853,1.1698695721175552,0.3523948740629015,-0.6524357152099699,0.15634957776235656,0.18285374490985257,-0.5190114082222987,-0.6929109214966036,0.18289231374271694,-0.7232379642079784,-0.04255484863739349,0.5917949727563624,-0.8289225135766385,0.7125474563491596,-0.4894795485104746,0.4413059463019985,1.506635627804252,-0.5792573820993574,0.01826244269182924,-0.29022534056741234,0.10719716248022641,192500
-0.019652961027215747,-1.7654781467222782,-0.8566617832750472,0.7223178391539463,-0.7709319368977507,1.5679759406425424,1.5774007927446387,-0.2697928049091071,0.65309504851926,-0.7825394632177328,0.10577129546399415,-0.10552518119672372,0.15308769269117647,-0.05203404547863824,-1.06730119901998,0.24679110601563262,0.29175313669883385,-0.03324231366038271,-0.007886879037320941,-0.5088057274542476,-0.08562963391738716,1.0484182439132053,197500
-1.8123311368053365,-1.5348225006732934,-0.22602467414343766,0.06643806679313631,-1.1501284667360656,-0.19840895090603367,0.7206516382716475,1.1782434975227347,-0.6007439256180436,0.37393681776318627,0.33090987607292266,-0.6984743372045771,-0.735197200230206,0.22761493304500335,-0.867562927750915,1.0618647720022494,0.23214303159795224,-0.01765910657150512,-1.6607734997922292,0.35190243178101543,0.06469566742773139,-0.2665034948570249,129000
-1.9101365878977592,-1.746327492004993,-0.4116058328046897,0.3692327872282266,0.3786539201938061,-0.37802757677998206,-0.674670323377328,0.8364810473600327,-1.3568354541511405,0.02537785245347504,-0.9906692739894519,-0.43041508536555617,-0.10496179141052192,-1.132970809038864,0.21899205939563218,1.2076187788641628,-0.42011905115401804,-0.3067128721900482,-0.9007631480656955,1.2859611951548657,-1.371189402266742,-0.9902327130482229,119900
-2.548283298766661,-1.3162681619894572,0.19786264702697998,1.0677653888307634,-2.1344571613003827,0.05313124549669826,0.8742165117162654,3.0209639258095633,0.7242617032625811,1.3738968349239258,0.05890593991073789,2.3071275613681435,0.5419341253747368,-0.32448134457927796,-1.1790903107880826,-0.2686875098873386,0.591247590863699,0.3347452708025876,0.881338017945686,-0.07730975375940695,-0.008619099981973197,-0.2277186021628473,133900
1.4660398362210223,1.3621226314782267,-1.84126471481141,0.9758240086636404,-1.0591865687696425,-0.5180812994453198,-1.7422300731485925,1.8908332687676503,0.35297250328184043,1.454488274907735,-1.9846061477427785,0.5490609151274339,0.3883644605882321,-0.5352565695061333,0.03695778803080931,-1.7027312282382028,0.7593646706148803,-1.031554818851723,2.2702450917226487,1.8165540835895615,-0.7042346536051288,-0.24602045399276545,172000
-2.208545295632461,-0.4776369499570844,-0.5074190719705074,0.6726311919017939,-2.0975901544709945,-4.260279432281442,-1.102513108421575,4.059035491101301,1.3431340719998466,0.33272680241372005,-3.0936088220989193,4.512875571966734,1.4091502576196469,-2.245584524230868,-0.25793801930571997,-3.6792431959181475,0.8253421425732504,-1.864350353482522,1.5197296729779874,-2.5763877281048884,-1.694605695636922,-0.7338774890912968,127500
0.019239627932205478,2.755699623482056,-0.8793835371974933,0.004964267447472445,2.9172019260753075,0.9358511249857161,-2.222382101643618,1.2099125704815248,0.9790806146819573,0.12607437371956565,0.9984044494513182,0.35654608344493194,-0.2123162857878552,0.49332326715629504,-1.349752695112149,0.6605464730998839,0.4008602520176547,-0.1624312137018748,-1.4472955743978375,0.9588990416551242,1.4736858598819935,0.37136874687233457,145000
-1.2301489207992637,0.8790475420556542,1.1097382257762733,3.2246474710160484,-1.0745425364928676,0.6386512514200771,0.14992518962800877,-0.45474420770743884,-0.2374180410018532,0.5364850762367225,0.5187841100860773,0.8549551320718302,-0.03935527047996439,0.058947559787108285,1.127007760728005,0.6788679433575073,-0.7701948719953405,0.23027262864162198,0.613595519373758,0.26828012532551054,0.030332224064997464,0.7003217633316479,124000
-1.917856020147648,-0.5601011748210399,0.7691762029221167,-1.2019529520177161,0.08133809289906029,0.7150836210194659,-0.8360812718689304,-0.43013452334928526,-0.3813928338016346,-0.2549919337631517,-0.3120596502860695,-0.01216243548608504,0.8373434911832018,-0.39655883314232054,-0.422531403417838,0.3284327576632984,0.7069452478058441,0.2769056378572594,-0.4103834900765348,0.33337113202161894,-0.40054643609075513,0.09218306881562581,132000
0.7576222434976995,-1.504018333279795,1.2903045121893204,-0.3635800182316677,0.7239864072169258,-1.0590905660957413,-0.39662916396204523,0.42647009888149917,-0.29333828547631285,-0.39010365546289355,0.192460738641175,-1.0604744900553233,-0.2163568091025628,0.39848142743946624,-0.9797380127832221,0.2110701516751839,0.5156308339659393,-0.6064584159023391,-0.07551340596624413,-0.8678578228841395,-0.5336355765114451,-0.2637915118741397,185000
0.2248812763834797,0.5503510471016917,1.1800644922983272,4.0265839059782325,0.45296977399623534,0.6261485320127742,0.8408182189543144,-0.5074904688727009,0.15259430813023822,0.2552407031770689,0.37925755162496844,-0.0017532218405894896,0.24164932432877376,0.9557110184237209,-0.29520659234415614,-0.08058546953513122,0.23734402458113468,-0.21448623007196238,0.8761748636428593,-0.5337490906121033,-0.41632637969208797,-0.25416985524509944,155000
-3.56534370335486,-1.6976935922272032,-0.1522043631766403,0.9430162516810395,0.9483304522402048,-0.47295913286259805,3.840546907830192,0.45128078129248317,1.4283648711748376,-0.3643301301306112,-1.0762713255862626,0.41899942533149787,-0.12252138639767723,-1.246597411330044,-0.5165428410051358,-0.9176999873736181,-1.1339375180671696,0.03480973609826788,-0.7825379104559257,-1.0540335255433642,-0.1838214716688457,-0.09465586689837131,116500
4.303752087323366,1.0980451964254718,-2.3347674485953176,1.5146417941805834,-0.38835331120316385,-0.6978007489801779,1.428783098321178,0.829624307903399,-0.01960826716935171,-0.45603818240437927,-1.0360704951172925,-0.44365154259534456,-1.5587856072176334,-0.9229487432951866,-0.401486423174511,-0.13188879268218198,-0.5760406542464086,0.2813637445778374,-0.251424548197449,3.500449248098956,0.011189362147996,-0.9335946099556947,272000
-0.05864329293151078,0.9331661179956658,0.1447010508872578,3.3370751474007436,0.050645527061020525,-0.45891860108362026,-0.6663062017723753,-0.17633851018255722,-0.4022773260026758,-0.026030107194622454,0.7785417233749201,0.2806971009167422,-0.280225835586963,0.3965723279712764,0.5791223284281484,0.5313900522437722,-0.12507820353405502,0.3074245728002516,-0.3323987551617374,-0.3173299396728244,-0.7686476195783898,0.8247617238955431,155000
2.7851616851058054,-0.5845362467634309,2.5039852381861767,-3.081238186115823,0.25919298613105557,0.05975987488103959,1.9136842657062094,0.06754111525396368,-0.2601815165933744,0.7936420549025707,-0.4215738256670756,-0.4569838474162101,-0.09317399553747244,-0.16925329912414694,-0.3271958150534525,-0.1985058115020214,-0.27468849637480464,0.24281853315210364,0.7438349588389093,0.6817985002854104,0.09858831862469199,-0.7628608095298975,239000
1.9412580846296814,0.7327214405693553,-0.6844404188339871,1.7563804006816828,0.1539677595501546,1.963081302120709,1.2556073371863186,-0.6379623405137046,0.27595841230881013,-0.4911079371904119,-0.7021962630233635,-0.4551267282783593,0.6966063086263595,0.1522201401990083,-0.8131102114415069,-0.27688947641605677,0.4906744184970636,0.04917300133209435,0.4988388943764491,-1.0642229246782162,-0.7744991180694178,0.6509625115616767,214900
0.980379133875808,1.5040549049157181,1.4539243425505965,0.4757850833348542,-0.780778774484978,-0.18166669706023358,-0.360923497672294,-0.29541005876815735,-0.3281933102116387,-0.05266641702353058,-0.5275019876638912,-0.9648544404440277,0.23224651975030414,-0.027292266190684845,0.1218013090340117,-0.19084661497156516,0.20182784130360817,0.47297441251201283,0.3761880473402953,-0.9097977833606891,-0.16850520593535728,0.5366643575099277,178900
-1.2069697148404,-0.5355778647668559,-2.32214357389377,-0.17783717399333024,-1.043000159138266,0.9404490203315837,0.09798152843241029,-0.9023790565959374,0.5954003673169159,-1.404331282996028,-0.4952170481563438,-0.782209827870166,-0.2590987677583167,-0.24272349999568832,-0.132912093679971,0.10356998071643224,-0.4851054337053185,0.4157172635738899,0.8577028166748112,0.21644988902630058,0.9118500393056389,2.299466038946365,160000
-2.20311287921014,-1.7067776479651842,-1.024345505389722,-0.19690099022742177,0.12425658700774082,0.26238235949802047,-0.21940209378154482,0.22439247946855753,0.4079107881456493,-1.0410620427025044,0.08249803028438017,-0.10146542567392647,-0.16324095190628232,-0.27218545373619923,-1.097771955728759,0.509084820067984,0.22812783392369995,-0.54145729620982,-0.8062919190824539,0.45892675247418335,0.35583931498771376,0.24831554795461652,135000
-5.445750297670346,1.116206570650883,-0.09680769829168055,-0.32404407359925497,0.9297840146500187,-0.5590765375441422,1.4244930199106605,-0.27467370831271337,1.2783683967539934,-0.3825338545766674,-1.3780234553367852,0.4191005721265694,-0.0757363276189379,-1.1663017776465454,0.4090263826618293,-0.7691203551555212,-1.4822923309852196,-0.0017259930930243745,-0.18333163509954956,-0.2671985450356353,0.3060554647688916,0.263306905947443,37900
-2.4512190786097174,-0.8357261998969945,0.044202955584930634,2.0540463983219763,1.0684141552118656,-0.11468868512824539,-0.9923435261606909,-0.5123364829621393,-0.5574989330237258,-0.19301229321806884,0.3675026919082677,0.621955067387628,0.8317932749510906,-0.09040331180894323,0.6624344511560384,0.11429914114843948,0.7485876845323133,1.4067022272092682,-0.6447755363534795,-0.31866210894538893,0.7548355646015538,-0.03213010663325934,140000
-3.4752575144561537,2.413427816719439,-0.24997767084059128,-0.40056090249970244,1.3903806209297187,-2.0860205782350607,-1.1777054815567891,-0.006956355264518394,0.5317514215001456,-0.9766757363480216,-2.8036345923341415,-1.0657527564926963,-0.09933339355412449,-1.6130469615015532,0.7442983364935601,-0.9758102924302459,-1.304803699693438,-1.2579543264315138,-0.4902550132771926,-0.9430086191691737,-0.24731201003200734,-0.2920809912932385,135000
0.1582682194452636,0.6613909650190806,2.0445123617400887,2.818384006364955,0.3505388644037648,-0.08400976403932822,0.20317716650086368,0.1025542529531661,0.015553700547742456,0.398803630578525,0.9365325186351499,0.47138099743074247,0.1284121234707522,0.8375856077216264,-0.033658496972959605,0.17690055244057007,0.08347655443054468,-0.21590110818361374,0.7344840125126315,-0.9709804062856442,0.3330514095644055,-0.15784227738638962,173000
-1.3853347199671397,0.1071172137912229,1.9775418178171111,0.15066438722550674,0.4089256918337918,0.8566290523946987,0.7108363561643397,-0.5928578765650467,0.3769965560886495,0.9780691595492684,0.386685729104118,0.8226690656859792,0.2506020827645178,0.26880222372184237,0.7446227474395988,0.25705443832046565,-0.8954208233109242,0.5478266898609337,1.1567912740908077,-0.6997970890105032,-0.053880410345954456,0.9820834983443306,99500
1.3199315006035,0.09095560008712524,2.453262124076594,-2.5010916955288023,0.11129816457862902,-1.1186384620677101,-0.10433574752168608,0.3827563058902175,0.10996949330690847,0.08233017242789191,-0.24640316185789155,-1.5854430684745964,-0.5154491659736111,0.536131570504035,-0.9660684974908531,-0.07370133224319457,0.02092479340512418,-0.5786225839354815,0.959335986412912,-0.47983828989070193,0.4851154244302488,-0.37409933056773054,182000
-0.10872513279015529,1.5735467371950753,-0.45053801096876184,0.05422147103833326,-1.747714021958748,-0.5004546514976888,1.5915091757355182,1.696724441683639,-0.510655193591055,0.6375509751805181,0.2927045186942434,-0.46566822389210716,-2.123886854419861,-0.02861352551671722,-0.19998428644301333,1.6751136858514157,-1.4092459301077824,0.09547971279197912,0.2725727970816851,2.437089832869264,0.3404990749345905,-1.2403102017916388,167500
0.8356881496911411,0.3826925021899946,0.5426551312360421,3.3149897631398244,0.39223706321052937,-0.2606498611155003,-0.1169987532297646,0.09960826928667661,-1.0400222953720042,-0.11069987223592095,-0.18854938238827607,-0.48006129316243523,0.7357008287107925,0.05469127548915442,-0.18421582077081297,-0.03917401618019567,1.000189874187289,0.6237930519444038,-0.7625348438512028,-0.40877891469191924,-0.6296372004381988,-0.4983228967786427,165000
-5.3312814709655605,0.6936769041648259,0.09331374125594831,-0.5284519522701949,0.24677562329066133,-2.200561774675618,0.510943152536722,0.500799460909349,0.7303339943155602,-0.7701057113536101,-1.1097029247011627,-0.1655159212340694,-0.4033505237158011,-1.4028320288207718,0.28928026892479114,-0.5898623009276598,-1.0740086291440467,0.1810375830796625,-1.355074393672481,-0.7298108583151007,0.48875342371070857,0.3506030688346286,85500
0.06920938123791621,-2.184755473288209,1.612726295035448,3.008547973502417,-0.045331784075786585,-2.1230443736159135,-0.6626108612238214,-0.3933186151120564,-0.20342568035110006,-0.6304142365970928,0.6565306870696097,-0.7766579866326775,-0.46781237255133273,0.5945863033767267,0.1264666204619918,-0.40269083697486974,0.45619441806844324,-0.1972577667898281,0.9683846441332125,0.058637928558889545,0.7033379345041869,-0.40939458276393825,199900
-2.5710140415738296,-0.7239461562945846,0.22672353752311233,-0.836209648256956,0.06772542923762048,0.7637042436722444,-1.3079999153935433,-0.26713782338088193,-0.38712756603865145,-0.3973033141217601,-0.46122355550879635,-0.24115228811676218,0.7778435502340174,-0.3905140382368227,-0.46792933991568925,0.5361878437580525,0.6998870402121938,0.25962743318082854,-0.16507988621584468,0.39652871084955854,-0.31139529969784235,0.013603224939162812,110000
-1.4245861849392858,-1.550192852391453,-0.31458077995546085,-0.6357836653160397,0.23566400599190096,0.5932201600643172,0.17685542188729073,-0.34331444002602857,0.3012178450295444,-0.6344198534344075,-0.16253921649937256,-0.7207651023745905,0.0028408354333561638,0.2439737444304602,-1.2615906038922027,0.2260151370770554,0.4943410887285258,-0.04298522483307829,0.45930594244463974,0.8761274719884318,0.09763926425405976,0.013297302988109718,139000
-0.46689934021241936,-1.7258033283152274,-0.550953586978244,1.0847075024707609,-0.9650441810480779,-0.4653203708355538,1.3286458768612257,1.3835613976768764,0.34861522171590836,-0.47524679162266653,1.0445279308606519,-0.1087851466148872,-1.018148493936278,0.10334051080160071,-1.3805704716040037,0.7766758433995203,0.336127069062811,0.5026763831928682,-1.0940627401409988,0.43905895394103883,1.4333623535006068,-0.4009105272361855,178400
5.103123692623566,0.5917681973377433,-1.3231597926243757,1.4151412673519268,0.6220122917168343,1.7884824727330377,-0.31417681153224525,0.24841959556518048,0.3369885082488945,-1.1768261580187347,-0.6348156325257696,1.3123653928898606,-0.12427578838661674,-1.0723664476458985,0.06076118974247271,0.17134528822677428,-0.30620290444706016,-2.187065352170223,-1.28502610946149,0.2363121222036921,2.0062484522935318,-0.5329480600592698,336000
0.502843266064733,-0.5170624681327003,3.0266771574920073,-0.9686900380245312,-0.2095436810515464,0.22651264982962852,0.8981028003983028,-0.4956233298469456,-0.3203537323021357,0.8462840803127546,0.42278723912270144,0.6516765610117614,0.36582114360289586,-0.1982765385319675,0.44036944818947954,0.0776359069755632,-0.2644101159523206,0.5042152838743679,-0.02348836266012361,-0.3684791305916526,-0.9098565426089559,0.7742795065917896,159895
2.420995578972818,2.580516190270827,0.9145638918994095,-0.10722314762346134,-0.3786025507620209,0.8439779979316887,0.3140116660318991,-0.4036601257650032,-0.19460951451775593,0.025117591160301926,-0.37623054006000056,-0.20518448447143836,0.33854417004688875,-0.07631233987823798,0.11616356047854225,-0.01997652911626928,0.011589829760070057,-0.03065286558101263,-0.14312467820290173,-1.2952135683102377,-0.7903435169556514,0.7188428755377103,255900
-1.4153972231949146,2.5909121738717995,0.03221200806874633,0.9873788030212589,2.554972729374435,1.6902786068656726,-1.4241236715382926,1.382755992327546,0.6748497308890375,1.032790165343407,0.2938187190777773,-1.1901826799456927,0.17977828765680873,1.3044128871361844,-1.653590234168445,1.1214698646786392,0.26137996737871155,0.10057363553248719,0.4895209394596671,-0.4267546661041154,0.5240308287951196,0.29269567576028716,126000
-2.1376609081716555,-1.0318522745071104,-0.7630666349675483,1.7049372121377446,1.6543822636842533,-0.5493315444942267,-1.0664615479095338,-0.18933481924807588,0.19596203489139152,-0.2800591597779347,0.33692315605147494,0.09214664620991056,-0.11450819091726225,0.4690819873446483,-0.023831661036479674,0.30189937029462804,0.12204106580105939,0.3235055766769422,0.6674126285462945,0.4239767080655324,0.22662880699265406,-0.08443891703253333,125000
-2.0073269934715983,0.8474034357806424,0.05448830164532686,0.3228114495460493,-1.8890349340564365,-0.5957628808398792,1.0869600924514176,1.5785316331804211,-1.0978619855878717,0.2730334780219541,0.4324689955864732,0.11425358298948154,-0.9223836753268795,-0.7846650302620956,0.18526004094971887,1.4999028194364314,-0.6684956372189929,0.681000653881049,-1.7536940393197247,0.8823531256387731,-0.01916591184137007,-0.5978765671203636,117000
4.474838528386134,-2.6988228919927835,-0.28926340318365457,0.7514311868143704,0.7943456435455054,0.9716614361648793,1.1679870376037078,-0.42635266519943377,0.7007830446944368,-0.8446684610225415,-0.0429291681198493,0.8104460882192418,0.07233751874596586,-0.4184017269800537,-0.7202660187554987,-0.5674648897269763,0.3742294742058302,-0.9091243743820256,0.2478254011947148,0.5750507532411891,0.2869894313412743,0.14108819753066834,395192
1.805635843292962,2.483546536731023,-0.37091649315786895,0.04183902136744278,-0.7616976381662351,-0.31800062137050156,-0.3619940100596084,-0.6275684494819233,0.40588083544966214,-0.7940097922598621,-0.8025320018230276,-0.751225807422743,-0.16192931942763775,-0.2667599162448503,-0.4991361506216639,-0.9503842084666961,0.6106079338139203,0.945970501072024,0.12426050034103085,1.2693541318015054,0.78813881794661,0.49942628392183996,195000
0.92267320910027,1.7270119435995317,1.889716028752311,0.6098399884843384,-0.6851463188661062,-0.5817867783596256,-0.6367271259908427,0.058805582297445466,-0.7144195459806514,-0.19149484133904554,-0.4843027293473174,-1.184924192893321,0.3585612733243631,0.015820075316461346,-0.2060461912985677,-0.142006136520906,0.6563783080408055,0.039748058358071575,-0.3277195233902274,-1.0133919113281338,-0.05922454656587373,-0.36849116535347404,197000
3.860970775977328,-0.10308573066491229,-0.5722084613221525,1.3625378258008103,0.357369147412163,-0.21646673446911094,-0.8900798493130079,-0.49861484760839,-0.20456633646088912,-1.4359069489747993,0.1105522742394146,0.1620460236949742,0.24175161830229996,-0.34310964594019955,-0.19111606373206755,-0.5792491052352045,1.102683354218881,-0.12219832580749282,-0.9752806284208255,-0.31230902758880663,0.5574401528173405,0.41196350479018007,348000
0.5238633544744203,2.3447209744676125,-2.228063068102291,-1.170046633369052,-2.35157547653809,-0.3008516689612704,0.8460682655821768,0.5952524339120023,0.9555862900112666,-1.2670036763790724,0.36698898347142905,-1.407944214281025,-1.864679771540063,0.514341742259886,-1.3376945010634462,0.4200562321344947,-0.29695039773254417,0.46604474132446244,0.5965048835881519,0.7179379498538171,1.8594824811592452,0.9723669666406685,168000
1.24753598350684,1.0516491561220733,-1.1200947314010585,1.0398388703919126,-1.5774172218159144,0.16299726029048314,0.24817992829218785,1.0192895217219036,-0.15489624311230218,-0.14346860936346087,-0.15158481220727835,0.049426050412315854,-0.6746634443902478,-0.4821183444083084,-0.03616626195750508,0.483363487612934,-0.18581667164093685,-0.0961664934474588,-1.4900277263063109,0.3424551063890876,0.9717726801638319,0.4275836476209511,187000
0.5630237103006872,1.6370762279767048,1.780651872337884,0.5421905053015491,-0.6207750753238125,-0.3982797252553284,-0.7679941981953379,0.1518908299702014,-0.7177183423876187,-0.1587500454853829,-0.6006312670425005,-1.2398812114299926,0.44933583761055584,-0.0368563288963962,-0.22115109299330424,-0.016521803603561695,0.647794241735082,0.051768584689467795,-0.35979817500627403,-1.0937202280723273,-0.032623935232301914,-0.4072656515124835,173900
3.799482556488878,-2.584413860127435,0.22334881497026624,-0.5559912940200732,0.8627042152883503,0.2613299679185096,0.706955423725392,0.37460293251159094,-0.03950452018866283,-0.3493283410774823,0.33721864608660307,0.2199967750528117,-0.3594374681274506,-0.0748901211738326,-0.602505347819116,0.3710370535028841,-0.024612354812866395,-0.8024704195303384,0.2737623960241895,-0.3220373083421059,-0.17649099962331538,0.19359800889004952,337500
-2.5229761047501684,0.3918530540908955,-0.995912921920272,0.9806336011246982,-1.0008559232165892,-0.8732420489563308,-1.1568665045858586,-0.7031054107981454,0.33193199985388055,-0.8253676146666782,-0.17225133770503367,-0.8710572048822698,-0.16569273814434984,-0.17796517136949883,-0.5594815212415266,0.39549259026496725,0.20236014240686526,0.17907952418720688,-1.0417371246840004,0.9024765968098492,-0.20486645564190722,-0.3840113517824547,121600
-1.4549144747234666,-1.572439594598641,-0.8828391536874003,-0.03393714719176726,0.07713887595821609,-1.2147403082572823,0.48344445518643897,-1.0959388421148586,0.1730701876160503,-1.0765884222909576,-0.7458250768933671,-1.191242823685158,0.35503748119145795,-0.33266810081803627,-1.4597071467167169,-1.5696786569658714,1.861211751469034,2.6019048572931043,0.09753031240203489,2.7714801088900276,-0.28493137221118336,-0.12276376588269924,136500
1.0099256857285497,-0.5853363021299084,1.172096033079877,-2.103199451623564,0.10218892406999462,1.6656539360073668,0.8912755653509244,-0.0021104639229454995,0.076419707562439,0.7636556360401658,-0.14794976038310895,2.060793367285472,-0.020322682312588998,-1.4152546774190657,1.0723681768096474,0.6299892830341317,-1.2102147756111379,0.03658786287876861,-0.8780461415339467,1.4931855184396865,1.0390402751192211,-0.06382515178256377,185000
-2.8735108845146096,0.5789934615454112,0.13659172894569024,-2.0013840786781594,0.3043047528680885,-0.358719903959763,-1.4796990836869859,-1.2709153717737938,-0.5743874848223448,-0.3729786155571192,-0.4922383568154785,-0.038033613813948305,0.15808457349182706,-0.563346377367242,0.7099401923318853,-0.5340419601418142,0.053551215702814105,1.1626202463608324,0.39972404255593635,1.3045684687481336,-0.6827825234163128,0.537852046130165,91000
0.5001346859939803,-2.2138888412122943,1.544901828192803,0.4099546228040156,0.6335066604946007,1.0310104054277236,1.876757935183673,-0.3478878405983034,0.07245990340497067,0.2549879958844198,0.04107039547594371,-0.042670085615902284,0.5372215381223688,0.24241375550415992,-0.8759460254942799,-0.14327117290509417,0.4237218147881092,0.15149688474235234,0.608984968911337,-0.12889170947700215,-0.5670271287474441,-0.3489612726098595,206000
-3.659900127313112,-0.34998323816206406,0.6621043010997267,-0.10028463758674425,0.1813543747650665,1.6383099467466038,-1.6867134021474812,-0.7355675764728666,-0.46536431269946443,-0.2292874699438326,-1.3054859994752845,-0.9505590399944627,1.0061955462830157,0.0003303641058228571,0.04252042473374156,0.6778570065520144,0.09182307773960018,-0.5102835841248888,1.73909407891933,-0.13887345139191773,0.37299231777761743,-0.2663754540584684,82000
-3.9677381217421086,0.09691536664762918,0.49391610582681233,-1.1849514427781316,-0.527435105552554,0.8431893940185012,0.12782010240033134,-0.9613125612385125,-0.8437606806932838,-0.4501301882046271,0.5698534045534468,0.7688087854832262,0.4137238637318276,-0.35855529689476856,0.18192299871090545,-0.4962622439452886,0.4742986403920435,1.0761612122736517,-0.494147604016628,0.6871030439242273,-0.09848197842881079,-0.14535444543777923,86000
2.547798749532917,-0.18312756493746668,2.3851775843173,-2.3101808467292284,-0.04343536116728513,-0.31468010688792125,0.4082101882587031,-0.07515359699033652,-0.23648723462415452,0.6438188171366173,0.16725205786234248,-0.2233164835631315,-0.34685884086272156,0.05911690177407828,-0.015344556643253938,0.15157195405931745,-0.20635139846327022,0.3373001907031623,0.5975440920868801,0.1773517002496327,-0.28477536879465165,0.280202269885605,232000
0.12353334821946758,1.9480490682051064,1.267573198616465,-2.20985311040706,3.2469798497838624,0.6589984500573492,-1.1903414368406953,1.0557449864302928,0.9574543306150349,1.4264154455200913,1.134051064366136,0.2393051805181898,-0.07063474427280618,0.6213237370021345,-1.0805314624621931,0.5563549712682775,0.2842892862073057,0.9132571982667421,-1.3487579745824843,0.7495797533248172,0.761432858256375,0.2722041768421295,136905
0.5643291476895327,-0.434575046672375,3.3377884194299905,0.17905820101161615,0.22489191417707155,-0.036378296596152354,0.9318348368112813,-0.3346085909561083,-0.21970334080941534,1.3815028669255929,1.0865665373823643,1.1832597881258795,-0.09032840436222514,0.28408356335396134,1.2458376152706057,0.43421683946457645,-0.9858912204950362,0.4031441769778577,0.7406274608224624,-0.46258649970143084,-0.17151367682717883,0.6279010054700734,181000
-1.2753004009757818,-0.31526265849595114,0.3566534794931484,0.16689287530069777,-0.38379227346122624,-0.5642018227337978,-0.024697908211849716,1.832755870283327,0.2598146385151644,0.16354647644691328,0.3605828242478451,0.026075682924798057,-0.9712798505929963,-0.24384745414401596,-0.6344795919833865,1.2600895590726515,-0.8228298815650011,-0.7519477370425802,-0.7685944433062357,0.18499163541481575,0.7534678349706206,-0.3352976964182415,149900
0.6723493681922206,-1.4089940121302014,-0.8179386680872435,-1.251820275501293,0.04520532853767439,-0.35884777729927847,-2.331185083181016,0.00043561178462132107,1.572229821473696,1.1115061558185104,-0.4324292518175683,2.6841348511846936,2.0659263610900878,-0.4002862305123979,-0.7257272320665045,-0.9313194242631198,1.1565380297736525,0.2771419352621186,1.3436801463984052,-0.953387726802693,-2.672032396005659,-0.3461270783916144,163500
-2.5457179917719763,0.9856440818785648,0.47041987618851583,3.242927044399599,-0.005891734598469105,0.42844886232943336,-0.7467264006345424,-0.2794470043286689,-0.6640052755295596,1.6565320055465824,-1.1424285379058945,-0.10842826980830036,0.011748873543012538,0.5436918971669252,1.3402179419595341,0.2510142932058973,-0.7936280285526387,-1.2397532440486823,0.50004616950446,0.7634904092504159,-0.3512712553599381,-0.5500919229741785,88000
1.7532426570221904,-0.027411712295594186,2.039485124872576,-2.1347902129591145,-0.3391845153825121,-0.16810243332047833,0.5985432685454454,-1.8670435585556109,1.8092134362985686,1.623470496619238,0.692983648601987,1.0100835051544408,0.24918508167107553,0.046560029588780784,0.0790247675785226,0.5055299583080464,-1.0722667340482066,0.46537698712998726,-0.05364552888549032,-0.39541488674500624,-1.3258531995586662,-0.984550320476857,240000
-3.5713465589707454,3.6479269710016498,-1.7933516827178326,-2.897409803149153,3.395275072798711,-5.117101808333315,3.7581408690536855,-1.239691746084379,-0.7560942144035273,-1.2207564394733426,-1.4318207824864566,2.569385147449919,2.010319683791323,0.06927209483353558,2.733788384902667,3.2765433420574808,4.128155928814897,-2.3758403096689342,0.5487675186110528,-0.777706853669103,-0.05102260339728273,-0.26595284410674236,102000
-1.188580368066913,1.7359875272449818,-1.3014933718589319,-2.222234371284879,0.4779581035299005,1.0950353498732595,-1.0016596409939984,0.027898069474952297,-0.671972376438849,-0.6550800071530873,-0.36017683413914375,-0.5575456117805742,-0.2479643303911202,-0.022915850148198212,0.036316048503083266,0.01608173163037808,-0.3603928074062483,0.0061583435550759446,0.8104058099632141,-1.2405946852648886,-0.19905749313042545,0.19275219369162006,135000
-3.5411831411201486,2.823224435378627,-0.6012175498196183,0.7171877979851542,4.338234779350342,0.6009897432537383,0.8791253962972255,1.1802803820722747,2.2035799167170267,0.8433641924593894,-1.2926360317500782,-0.43638866327797343,0.29430766101841005,-0.05164048493208309,-1.1687197439060801,-0.6241122897491957,-1.0424443583737462,0.06758678058481606,0.008033382043659495,-1.1801658527719237,0.2654206513505129,0.615584219866165,100000
-1.1854404380485413,1.8900066327579421,-1.1228938093866134,0.18454825806345207,-2.0528102461348974,-0.36576453850668383,-0.12863669361440483,-0.43850237913419565,-0.3456738133979154,-0.5553285797836539,1.0316971135488913,0.4162209709814018,-1.214961743258214,-0.2237902075529748,0.9992239472589995,0.23112874897269106,-1.1934459828628257,0.32487291510710786,-0.20978146327662323,-0.7916084499204147,-0.3014355826556629,0.6889330796725446,165000
-2.8379149684073806,-1.2820715460187593,-0.7780070516123738,-0.6124114762218213,0.3690827583704711,0.5264485567634447,0.8898929018284835,-1.2310261725416969,-1.765390066964742,0.5645669339342302,0.8332241393019626,-0.08848609147057926,-0.9724470746230939,1.965470638211259,0.6307233257069429,-2.176498955758598,0.4231542570390091,-1.2843034973184864,0.36731085175789774,-0.5866208322152526,0.018536186576172113,-1.179938413045777,85000
-1.5195777966796622,-0.5633111208815119,0.442073203206736,-1.3771635190352507,-0.29495510466238595,-1.4086952707285862,-1.6249627749259292,-0.6880444503693416,0.2904955557614787,-0.7705395762884294,-0.2017803963716144,-0.28764196930507363,-0.7589406535941393,-0.40853530133896176,0.5745662378132348,-0.1973381304667492,-0.5839944357575801,-0.010222889776395702,0.9633893364802055,1.1545486159194085,1.0283241086711894,0.7472453761230304,119200
1.3105103483366003,0.23801638317213447,0.21685985007642813,1.9106794075045421,-0.381764913583575,-0.13925723674088106,0.2687066268943767,0.4322202549669548,0.06828115930342572,-0.785722792441429,-0.04336955715088644,-1.4806351250627432,-0.5165101182495103,0.7431305487879226,-1.0981654239026883,0.2722428250219257,0.157062364077541,-1.2249278494463447,0.6195872230494802,-1.1536238120645779,0.24260586374780374,-0.2486517179769181,227000
1.7033395623060024,-1.6735847637654462,0.5467459949465054,-0.7483807020280946,0.8531727562626346,0.24567124177796604,0.6390695195574547,-0.15538087011218363,0.27130150398646646,-0.0868969334958693,0.0014240854694805673,0.10095501104878807,-0.23372235474109265,-0.09595546782645802,-0.34716061998294995,0.04183074203694408,-0.21211191842992386,-0.20625195873505206,0.3809945772401348,0.03378209140473922,-0.2821640768395793,0.3661051479586067,203000
-0.14162749947794945,-2.634456924718514,0.6134894332709476,1.7039843195843531,0.5534921916704786,-0.3396922809132526,-0.09848707342520188,-0.41664920375594555,-0.04961108041897059,-0.24366531954975157,1.1474575125993967,0.546760365739195,-0.3507580106122778,0.5050138890493853,0.5738729966154731,0.5279455961805639,-0.45820514576638127,-0.3092927100820214,1.1658762805844956,-0.5959402415589261,0.29012478855779494,0.8885192978370711,187500
0.6225659962872176,1.512196884759552,0.8141763109964677,1.3346714434263003,-0.7593423227416022,0.6731168879663979,-0.38779130071654483,0.0332384829899456,-0.8138768039333772,0.1964632228124186,-0.630137811641073,-0.19102259011428294,0.46029220049301856,-0.5044132556565465,0.7113380245078998,0.47180817983136275,-0.13178350363567848,0.3710220608730177,-0.17434715994419447,-0.8576328108294387,-0.28718925428882697,0.3227395515857834,160000
0.9403042627340251,0.08166241062670282,3.0864970437233117,-0.0649394046006385,0.3198869752915295,-0.8650162001288432,-0.04010268303119507,-0.24367687785959868,-0.6568114812782168,1.0444477812301864,0.9068900388171991,1.261225787108174,0.21893772854851737,-0.27620069323528046,1.2165116553917408,0.09409744741846945,-0.19864083510271488,1.0242066598529322,-0.7895767429061428,-0.16569478772508126,-0.3519815255475554,0.556703039819214,213490
-0.386479684653426,-2.522063166994264,0.43218595775292407,1.6028439571418733,-0.13706726603552408,0.17395120946531417,0.3262033669428718,0.08093175410664748,-0.5488595297930339,-0.2994328936178563,-0.9284309966609857,-0.8989559015334013,0.2746109721647571,-0.5300966157177421,-0.38658399851450065,0.23674892498138073,0.27724706311421166,-0.3335185297748846,0.3066506029499444,0.8289522040954165,-0.4997736478098372,-0.9606417235491764,176000
0.6897213865903057,-2.0340612205663255,1.573626793603024,0.1672134331433532,0.4833179135405638,-1.0723646730990524,-0.1549117218241231,0.3072409767265671,-0.7342777349195957,-0.2629151077889669,0.1479671315956455,-0.6140392289946719,0.13050471381982992,-0.1088232507452078,-0.4669193695843673,0.03704860759020206,0.709673973878749,0.13294004380993144,-0.5825346985277219,-0.41130749488175505,-0.3411933825457936,-0.5162056898684786,194000
-3.2612038047513803,0.413561799590926,-0.1740774311031131,-0.8306022086489365,0.19494550226887888,0.7349560077583156,-0.3849667781573135,-1.0532700453335597,-1.5864067943582703,-0.8577016806854264,1.1483344940176121,1.1215069060345362,-0.03339183147278579,-0.075695654719484,0.7375419426682527,-1.0192466475906243,0.37321496650109937,0.476768582111063,0.13686486400436065,0.11071462229966482,-0.4980562093114651,-0.9524203152274165,87000
0.7807679622304983,0.030614854822686544,3.058992837137963,-2.2976794278690605e-06,0.30554870563554093,-0.37847270573345687,0.6012042154045664,-0.19102923117128104,-0.35639045322047086,1.2958379468253225,0.8819971189408633,0.9744413303921037,-0.049169560800628155,0.15904100772664487,0.9829241717995595,0.34617902639717746,-0.6776152065610833,0.5749954499306683,0.2456561889614588,-0.26428323905484796,-0.577901619039709,0.5970013562124215,191000
1.6392534434326371,-1.8699678187742286,-2.4477196131349386,-0.732831735430822,0.5978288036909958,0.06070360348005093,0.8232699573131541,-0.74905183025935,-1.2278774420456344,-0.046916213860722866,1.3094740741874449,0.1597802792180577,-0.9926025931943051,1.6641632004167397,0.2193172096598009,-1.817269123453994,0.9807308928893035,-0.1852146519810456,-0.030563182901152845,-0.8002326909716815,-0.45977519171589637,0.44330561764810705,287000
-1.9154421705663593,-1.652196029838914,-0.22974392799384624,-0.31703812702646283,-0.02533119685475891,0.86061064432302,-0.20269814145632734,-0.6244692095323171,-1.1148577627432334,1.5659409994680098,-1.065271610451229,-0.7910895007418353,0.5958144820630698,0.8523508786410839,0.175160137452649,-0.3403387386451753,1.0312733564847132,-0.234831271945453,-1.49258222618086,0.2482266447989484,-0.2380685237769315,0.06966298851407078,112500
-0.2705245342015147,-1.8380110736159077,-1.3303659901185325,-0.8426568220711297,0.10064280050413361,1.2768400217573468,-0.6557305935436537,-2.3314515738499715,2.056230832666647,-0.18680860514748227,0.3669098450129643,1.2920480735533286,0.39044177293790516,-0.23869637081102482,-0.061673589716783245,0.6601043376929887,-0.9585225538753172,-0.3498630849789364,0.2578460422220593,0.0674397269134998,-0.28542178841322036,0.713652242485432,167500
3.054070091582179,-2.979009158848206,-0.038201057601477156,0.5281747749115385,1.0085825473161674,0.3645402130373589,0.42859082522206304,0.21120857702949716,-0.08100691147513459,-0.48642206481989275,0.3569194417384633,0.8000936381941198,0.17831357702250633,-0.4490390898840989,-0.6045236408158219,0.12150293926380953,0.5629106592663177,-0.2498497772465848,-0.49712825449467246,0.05815651272202439,-0.5001576456316752,0.19759725168833028,293077
-2.0463234506033996,-0.3397844141001292,-1.2227243752095045,-0.1677776612738426,0.4045776732383147,0.5859280260046825,-0.7902641910209616,-0.8084013680411753,-0.336519495832992,-0.5750893950462689,-0.4275118170907277,-0.10047210685615408,0.4035269919945517,-0.30035103215892783,0.21033348739252664,0.22970402947206772,0.17099192058330287,0.5539424554792959,-0.3515144147139853,0.03819876208065588,-0.5509741773052459,1.1067999857849233,105000
-1.8480476805158776,1.5169648383176642,0.5115355097594132,2.6677135932215728,-1.930585311138859,-1.0773801719591845,-1.461611065102391,1.7232097975880143,0.5624574446568342,0.7542861572313094,0.03949355327443264,2.9217134550742,0.8351050518394786,-0.5101739273182115,-0.08991447687844464,-1.3137322888259566,1.1866323252623734,0.2984575053460456,-0.2436641672187084,0.5163615737487433,0.5119479597910033,-0.04949577733445031,118000
-2.953315760616256,5.608794141943977,-1.7521133630146888,0.5528006123600406,3.7486008301536375,-1.5445407832986566,1.1249868776485774,2.1049721317444394,0.3778020609158993,0.03487973420657445,1.9695213423429696,0.814008332093115,-1.788720825895218,0.5492301631763747,-0.8015996702565857,-1.7325208826105076,-0.6678004633608775,0.875130009447478,-2.2560330733012446,-1.4321827385229977,-0.060456938952652604,-0.6219465319783525,160000
2.4813963241935246,3.2782602711972975,-4.182010488584184,-0.29448505553389914,1.960036026607121,-1.6153989958423074,1.6838848134834283,-1.5444263049099665,-0.6449072155750697,-1.1610777819830387,-1.7748469522080794,0.6704170978295887,1.4558876979500919,0.9654056081919419,2.0599650950846105,4.397431890939894,3.210265839998016,-2.152973794176888,2.812860962079495,0.07869624977518877,-0.4770472965256793,1.3694023024002902,197000
3.9070767993434043,1.045927407089863,-2.034632890787596,0.8325092707132525,-0.351509513569167,-0.7669060861585512,-0.5944840593095857,1.343181683476362,-0.6883862347169811,-0.9466838056304071,-0.10999246057977835,-1.3173566391894802,-1.0172895765936352,-0.05632430912668246,-0.9464647947804385,0.9503515563958469,0.3127768207592966,-0.40016913684498073,-0.9772254737487154,-0.27273329416311926,-1.015107112536814,0.20697976451144376,310000
2.2561481038552667,-1.893237492316352,1.0617167416397824,-0.40546147541042754,1.0213149784108466,-0.4069472203087554,0.13760574613188153,-0.5251986138579345,-0.18814154455855434,-0.6095875720782455,0.2750322807551134,0.15161055351421815,0.7174163948395116,-0.17902407438089554,-1.1177919463567494,-0.8952108647127425,1.885829951460941,0.9815643259585733,-1.108601251422476,0.7032039803249623,-0.10439928366997772,-0.4262891381415568,230000
-3.063780493671756,-0.0523321002804114,0.606975681524647,-1.2940811780100703,-1.0394503965846245,-0.19256343824087196,-0.48841232743887353,-0.38953182497687866,0.028965901643563042,-0.14311426300784535,0.5203858613270668,0.4362151280283709,-0.31860228291203313,-0.4224568984731402,0.49444600469376365,0.6079858060213011,-0.5516447679702104,0.7233539697398521,-0.4397679349377995,0.5080947659923515,0.16059449968759998,1.3752249713912894,119750
-3.532419128775047,-0.1377291279556214,0.38047240120924813,0.1609936199804623,0.3641608714342399,2.3037741970886625,-0.2909674563165419,-0.6704989488847803,-0.6774985703446446,0.385615380316971,-1.9022081313952608,-0.18868361689104365,1.4816828149239205,-0.8461955298000017,0.2626778972155409,0.4788325786627149,-0.012302433898139571,0.2502450827330805,0.843286825392217,0.44776631959705043,-0.8172493353434108,-0.5835576764792153,84000
2.931590356791897,-2.8271218996023335,0.6988906723512576,-0.45488540250518467,0.6361658528808583,0.06754932691548557,0.4640937688637724,0.5825542542203587,-0.3533036502676521,-0.07405601620780519,0.5155248307458405,-0.11802571624749045,-0.5617658929874279,0.134036953663543,-0.1584827204819046,0.8923527256698264,-0.4567835548822872,-0.8921070163445938,0.7125137794393008,-0.8810042912115189,-0.2894370157276635,0.1872945451061434,315500
2.9704408271005414,2.2433011749048406,0.6263809376435767,0.14483713729537986,-1.2129331552529317,-0.4473100965233815,-0.9647098985484608,-1.8805127740032401,1.873705648937935,0.12915537844535144,0.24573136931087225,0.30397697634008924,0.1306860300445431,0.0565421116343476,0.06449424340651981,0.2330097340806316,-0.8824839324313731,-0.9106502386565178,-0.372402613491706,-1.2303096006526524,0.4304268496118787,-1.041555531495077,287000
-3.1621721021282925,2.374822469777651,0.8485993980940557,2.6551006700559707,0.5288353833986067,-1.196551290110786,2.09686795611351,-0.22549367453857105,1.4240057779123605,0.17086218430255767,-1.085142801233696,0.7424388165010669,-0.14754660152376214,-0.9467696981437035,1.035823635119009,-1.1832485724589688,-1.7579811833463348,0.05791692729147099,-0.30034672180061434,-1.4904692178705086,-0.09222622792825369,0.9615087125191872,97000
-3.7294875066431543,-1.5397829442577973,1.6434603665086376,3.241673046628816,1.1636695454832109,0.25672830938419544,-0.26925401899636464,-1.069144065173803,-0.11839513161157493,0.5195844626606511,0.5621950365277363,0.8083303143823508,0.6212837643168159,0.5117902575365795,0.9115802736313787,0.14449945273241407,-0.147607346232252,0.5022592704755263,1.0752203440772545,0.06383082248522914,0.12900560117528054,-0.0995972487933513,80000
0.14957490365912454,-1.2662956787615303,-1.0661082176943621,-0.969129166588407,0.5886798353383358,0.7093342850123371,-0.11033696061128,-1.0129979975381491,-1.1783741861276993,2.181986801156329,-1.1624559738764546,-0.6877023283436068,0.7760444241367788,1.3880963995195976,0.8039580035670407,-1.2673004761667437,1.5250432916296661,0.402954154464355,-2.0681045092475805,-1.0524384209011268,-0.4185606146498275,1.179863662924798,155000
-0.007832754513934356,1.426901189536083,-0.9897064523986199,0.5924936271503194,-2.708358812338695,0.16418024680898133,-0.3802095393910949,2.5545439958446012,0.9813133890788377,0.2943480980504699,-0.619830449637642,1.4629566793251465,0.42993958295841106,-0.11682467403289769,-1.7916611091941463,-1.0126058015745945,1.4282668251579749,-0.7000559352553032,0.05853680000202537,-0.11550623033624666,1.00644212199729,-0.15496127358926112,173000
0.6213583067212395,-2.338032199557393,1.6085929708011972,2.122745671900278,0.8326117391432062,-0.8385397539351662,0.41252420038196486,-0.01368746674796543,0.023268144359405128,0.4944056814523704,1.0130589854362217,0.5919684337452454,-0.6219434701658388,0.44103737030876905,0.671293238329096,0.323383531481658,-0.7186474940997709,0.03163379105123418,1.1385661511269356,0.005945211852499637,0.05357512067632735,0.2515603487709715,196000
3.1162327800139717,0.08016021902444471,-1.369902834824,0.9612751382744102,0.658162868513296,0.20919040751019838,0.46682439930870206,-0.19386971907236908,-0.07326758436471019,-0.644659075093062,-0.7631749554775574,-0.44897325638268964,-0.06733588350944415,-0.34524403523186287,-0.4800397067352525,-0.30676425791349365,0.30345216392895713,0.10916902514882998,0.12533510044447085,0.6774948493658026,-1.0652696986438233,0.18248021637590864,262280
4.161493072572438,-1.0771276944060175,-0.6037579441546568,-1.4556129589473503,1.1910521369859528,-0.3085045061438895,1.2428747525142743,0.09217368724621834,-0.14243784696829287,0.27313874447536496,-0.6427323064183834,0.12613969093199168,-1.0410251214934503,-0.670331189017939,0.06148768101301796,0.2493815348675827,-1.0628622753519532,-0.7567301996169953,0.3305135557065781,2.3962101357598837,-2.1360721650049297,-0.1991357340503599,278000
-2.0770964848400726,1.1444673050007013,-0.7073284873482394,-0.38518089150733836,0.006865193233308682,1.7530481276530943,-0.966801541903155,0.03528921896352668,-0.006416977780825987,0.0066345168408490085,-0.9098882916604533,-0.6961594065745397,0.45266879574406016,0.0812366660249417,-0.47349739516525885,1.0360656548294975,-0.08535054326852741,0.1252743887028653,0.8690735616055058,-0.49293913986965654,-0.6596466758387187,0.9037814835687609,139600
5.854936824865877,2.258501300978368,1.1479366006251621,-1.5637819540130218,0.4015129891134412,-0.7349445546086197,-0.027918572585900185,0.20515484114698002,-0.5558223569282519,0.2932325548696306,-0.18301765440774795,-0.0067965420187722165,-0.41023404800629243,-0.4234747919046884,0.4129073000787066,-0.22491278787824887,0.07064955356884166,0.43905857431169365,-0.7059990747586067,0.17675159735415313,-0.6243912584602652,-0.14055385020200253,556581
-1.4854307042297596,-1.3025906041895061,0.7314189298980746,-0.1775206507250555,-1.0436366601600224,0.6486120942180718,-0.6104127644273689,1.703516406045181,0.39785854407584625,0.9562872110172097,-0.777480725297959,2.0010671380177194,1.8046128093864293,-0.4197537229356974,-1.2969635235319723,-1.0531986806808842,1.7778649713858785,0.22288992278854428,1.1233469812223178,-0.4658006654507859,-0.9936621875854705,-0.18687900004727057,145000
-0.9975979125279609,0.12118424569352913,-0.2364833925055436,-0.6524084696087502,-0.4623201391816756,0.9228644528465096,-1.0776189728289667,0.4209534288081577,-0.101211793858684,-0.4876162783762226,-1.0166967491206922,-1.4717574906928197,-0.04055026447882746,0.11382342868459602,-0.17356514740808401,0.9941295291011689,-0.36194522097091014,-0.6488068315506351,1.6307236028510061,-1.8338694239378286,1.0938417221778278,0.3164953643683864,115000
-3.7319772932153197,-0.3174632020098854,0.6321517708195267,0.4663036134831555,-1.5167520384848365,1.4839786371893775,1.4883724023931462,0.4184320070667513,0.40147039260189327,0.028456871950833566,-0.12115592635818637,-0.48462705545931006,0.19763391400739963,0.07651144408607824,-0.8873713357462318,0.7197760551201204,-0.059851216632266765,0.4401108854809823,0.3889130972393375,-0.7717586677992248,0.940986451250139,0.028444577822014913,84900
0.6181009948721735,0.027624420757072717,2.7144472971156968,-1.8759493372940044,0.11150378442818137,-0.4843671794923101,-0.13316836036043161,0.27343810001250524,-0.34415608012850285,0.31212893113353707,0.005843215337347428,-0.6816478978662474,0.18793148727711054,0.1250759076931751,-0.5403921662584575,0.1634047381674146,0.31568270880083765,-0.18598896303896206,-0.23195383889789328,-0.9942845987564185,-0.22695615997495183,-0.19891554103835762,176485
1.2623060224028821,-0.07224302874944662,1.9715130258794744,-2.519473237610597,-0.03330490183037592,-0.5863910093427188,-0.5639161193224766,0.32792175120033373,-0.2316281079026419,0.018493494691883182,-0.09281505209184536,-0.9489277344389047,-0.09894587426912106,0.06547029835871568,-0.31544685575319636,0.3244066010378813,-0.1306940278696193,-0.30504501662079964,0.2005396873469804,-1.4938726982317667,0.00557997617401546,0.7906188209104567,200141
0.7041331176097897,1.5813419886704088,-1.5906406961322295,0.0470638450694904,-1.9111913448438023,0.2401604864873648,-1.6503020785448526,1.6434322374120112,0.6911586913258072,-0.24135083559406684,-1.1479792949463876,1.717853585248057,0.9733700091293125,-0.7032646001136318,-0.9787201302122094,-1.2651155896638577,1.3516174565542436,-0.364825111716239,0.6230708440449131,0.02210545425342176,0.38703401409492477,0.7419239712652459,165000
-0.5633493408550854,-0.043647223353568944,0.08741448974957666,-1.324627989718635,-0.29744666096366945,0.7396529479910343,1.3320448814398014,0.018811969932465596,0.8494422529079727,0.065728285916122,-0.38059810182383924,0.264848235688255,-0.3626497592159646,-0.39640196726886573,-0.6900034964174516,0.14590085423261004,-0.6579018998434519,-0.17722765556617254,0.30811078183176155,0.8446262046322854,-0.19839027439585435,0.6573797175509717,144500
3.008457172260098,-0.19687176128221087,-0.7396336115288663,1.5750848631817211,0.034215761919665286,-1.0694413101747862,-0.9828236603562331,0.5980816094408515,-0.6987878579907089,-1.0708273828488701,-0.5244966725802234,-0.9805938244073075,-0.5052988174382168,-0.4316924931979272,0.03037466215761692,0.21071202602598466,0.02403999156828422,-0.778869109606099,-0.32369184010737795,-0.6063977921550041,0.012040404651525774,0.009648063522181317,255000
0.5747715476935754,-0.7217153787460765,-0.9189079362240259,-1.7763414691239297,-1.1991532407510923,-0.051632662724588836,-1.840764179114734,0.3227678604969428,2.387566893366523,1.1592087108758526,-0.23364257264586194,2.3456186732909146,1.6627304023461726,-0.16162621285007672,-1.3916149073712207,-0.4350396735480039,0.6495633380702982,-0.22594958268504153,0.9729828544543129,-1.3330385438643215,-1.158342727247144,-0.5435245345749409,180000
1.309109127841494,-1.5980291818386188,1.6210377999492074,1.309011628236761,0.9114410938234002,-1.266919475606609,-0.28670389988034256,0.12102133756494005,-0.6311985314154082,0.4191220119159677,0.8606634741839321,0.9096826053493736,-0.20107711827903604,-0.25687488115633145,0.9407715025142203,0.21178839222403745,-0.11596454028315002,0.675535625554216,-0.7093297588517166,-0.09799455637312902,-0.18136067655630064,0.1529925809689532,185850
2.0197019228121484,0.7134558432699564,-0.82201141300245,0.5022869514007913,-0.638020476037814,1.607857144538402,1.399595514721044,-0.008805089060833772,-0.0036040648259437016,0.13471749771852023,-0.9482250871841191,-0.39765354583793283,0.3768523871129865,-0.584328695917131,0.12877442617520052,-0.04424389818599749,0.24223238654260235,1.9344116341266722,0.8110159709410357,-0.459575423569359,0.012800851846895047,-0.05468303549392621,248000
3.8069424090815143,-0.08467833462239828,-0.4599025978267474,1.5967849184232021,-0.009597828157526161,0.5156592338091922,0.3795628687172963,-0.4327069441959186,0.14912134451150663,-1.1116277277882443,-0.1129024677577129,-0.8308268475999921,-0.00512517460285538,0.45843719848703895,-0.8107379825443631,-0.4015614989842007,0.6633166153670462,-0.4506135411777513,0.8731860816855795,-0.8908052667592773,0.35249303169222346,0.4982447850440931,335000
-0.38282571506148383,1.0401601546517132,-2.5333717404235054,0.4363358975339719,-1.5633587785779262,1.466956205636251,-0.72628876277089,-1.014429140947252,-0.3062106778047592,0.6817230051887543,-0.6184068454571051,0.6900529354489517,0.007821864970915086,0.4718028354692083,1.0749876239020937,-0.9666839544526517,0.7723278602654924,-0.47156263643231566,-2.407627487410836,0.5914868930764438,1.954163670412508,1.2465692412690355,220000
0.09935197667453657,-1.1441686131273003,1.6918224566682756,0.9988227910291468,1.2785278624818863,0.6808015909532215,1.522973536117146,-0.6883597181492754,-0.8989459053566192,0.05514877897014518,2.2263307555790055,1.2781616038329888,-0.35868960862531646,1.2489914688697665,0.08286314096603264,-0.9612687151136124,0.17004459347798595,-0.35436587960496646,0.9627989872487949,-1.2044497980590254,-0.5968024315171394,-0.9819117346533993,213500
-2.1482070827407944,-0.4977830453349473,0.38383094949723395,-2.5468697140447114,0.24509168254809807,1.3846179171357809,-1.8357230180259911,-0.340432839110838,-0.23219929871480807,-0.07351340796951542,-0.28333167759401856,-1.5416764577028643,0.8123736865691513,-0.49687477906376215,0.24804269884671634,0.6644387033569711,0.5986506245090892,-0.07422537963069083,1.3728431405225856,0.29310240476212934,1.1477121145524583,-0.4167579295973447,81000
-0.8139548771844868,4.745074388796051,-1.343771980749596,0.22459752795887708,3.467723207826169,0.4734875997452494,-2.4165493606634563,1.1901935733921332,0.5693129798764546,0.9685388495486725,0.8868104497324574,-0.6388728405111819,-0.5325598406187732,1.4383631438274271,-1.0276848697852505,0.9947320405204362,0.29443670812978423,1.1605639789616367,-0.09083196616240931,0.979833891242096,0.5112072474650404,0.20335778300393628,90000
-1.2258402436889686,-0.6732840564339223,0.6310402302052096,-0.8136638433381082,-0.9902119893672112,-1.3400671495545335,-0.47230723433423855,-0.14205951298092323,-0.5140880298530638,-0.1703754357815728,0.5054185900528977,0.007237019721417027,-0.7111134250276642,-0.3832160725796256,0.3696493934436228,0.35551377994406064,-0.14615546429982681,1.0890844384702363,-0.0023982728064071744,1.59832838448178,-0.1784731158227251,0.6204814723296145,110500
-0.6459169417878541,-0.8306246038184948,-0.8726906388882177,-0.23284615771432496,-0.9540107893581554,0.2486085739591622,-1.0892976862593213,-0.32199403650929637,0.541023409972206,-0.198605937603146,-0.7479368633574307,-0.7374723440096154,-0.6024013780481006,0.34755360947116826,-0.06789267469447231,-0.09562158333918333,-0.2434147199811657,-1.4167323165061978,0.5347258748042759,0.47172626024698516,1.223754998673805,0.9468388206091682,154000
2.373600478915871,-0.5597922627132719,-0.9823579090840984,1.9736417751636934,0.6723904525965119,1.405259643023187,1.5242218974744295,0.31621567135024664,-0.26241750271064007,-0.142674658919281,-0.8315523811623856,-0.3917555204741899,0.1615982952451477,-0.19206994446822948,-0.5515205152188851,0.32176436607633824,0.03829249232273359,-0.43253307506533895,0.583467513137927,0.15791273107026027,-1.028661358928618,-1.0228028780027592,328000
0.4516700524675641,1.6941591494521724,0.9148149911537318,0.5671658237567959,-1.3446924201449584,0.8867679943711828,0.9065186770889873,-0.16420355183536448,0.29242879998685845,0.09557290944654585,0.07245615971610406,-0.2982964032793835,-0.04909032888129277,0.1702448842594167,-0.28821491688226686,0.1988522308637151,-0.16601061398155367,0.3964518135687766,0.1860969673535486,-0.5636864270608477,0.018328665203309773,0.9626523791474594,178000
0.7620413933414114,0.1394490091117098,-2.4289655094365386,1.5453907891609138,-1.0041226904803686,0.11719295033122552,-0.5700844686756916,-1.3612989132513384,1.3313384927639755,0.2096661078079686,-0.9033907005887938,-0.24204335571402533,0.07169688801453593,-0.3133196196123619,-0.7652378516944472,0.5793031526412775,-0.31233107142998695,-0.6210487829690873,-1.0709626204966731,1.8258289373051924,-0.054607168177515215,-2.542722474916465,167900
2.383488341540889,1.763206133084594,-1.748399480581994,3.5575253418204675,1.15563480289687,-0.15311505940347794,-0.59849153283372,1.0958429069872506,-2.0484402102071373,0.862249956438119,-1.1568898173872477,0.3985675426199495,-0.43136814605263524,-1.111392899765024,1.3580602653666707,1.5361377737237516,-1.099510243513147,-0.2916274047959769,-0.9413694679768281,1.9986332064574492,-3.320101920059466,-0.9385503324427706,151400
-2.271152076756483,-0.6650642396529445,0.8970600816523057,-0.5400847221007457,-2.1712263340897726,-0.4047218409507558,-0.4980769804763177,2.333774458394375,0.3398699082420157,0.9731082897279059,0.23516847929048723,1.8756194586210386,0.7585810505727155,-0.11395244662312523,-1.0292991147611952,-0.5399857904037975,1.3580818005641357,0.7140861861862212,0.595713028100622,-0.4699885006521401,0.25971821216781427,-0.09318059477466428,135000
-1.9304195367671537,-1.3742841858710173,-0.8879791997318985,-0.7269526058242541,0.025528004587358266,-0.451932196297877,-1.4391905957083646,-1.9263322881341134,1.5794314692417604,-0.1414977847071588,-0.04022525648392939,-0.047224522544590926,0.7177743712347786,-0.2004638830906291,-0.7885989547065442,0.6605419743880704,-0.09303012852610523,-0.05450086827797467,-0.8507108020479047,-0.05661061648763051,-0.7388322646096578,-1.581824701745657,135000
-0.7405517906733767,1.5003225916859229,-0.3538328624871939,0.3804246322736059,-0.74517669175546,1.705528272314664,-0.03228883867409213,-0.20348711461669586,0.08695053854530917,-0.4456384298333494,-0.7362968028618664,-0.48951761919130443,0.5019283018017678,-0.12119954845204904,-0.698273873832833,0.42553255246951827,0.355970893690448,-0.30780495298552296,0.036502284042338046,-0.1310378526925833,0.1474738308686638,-0.04974710782510768,154000
-1.7877021312997121,0.6948045483705695,-0.5724496765850002,-0.5889089828111882,0.05739290895928882,-0.8519466583944614,-2.995918821898995,0.9258436914362667,-0.16489538274586021,0.5452073096060898,-1.2462957019543346,1.5589519754832655,0.8753494372827249,-0.4213744913347004,0.20549515503423144,-0.8978062222724332,0.6046841830287419,-0.4511161871762603,1.294957852220053,0.04382708600695621,-1.7637262153411706,0.6399281097135414,91500
-0.3684490273078176,0.4790870612500756,-0.19736807952584226,1.3252556353368818,-0.9344671089314429,1.2783335903664188,0.04045162023276913,0.4835671849978115,-0.2983484701842064,-0.2677466491505162,-0.8149938448016488,-0.21138191061358166,0.05324962698623407,-0.5745999314970663,-0.20363002215810455,0.8696013375527666,-0.36743662560461776,-1.0394813647959205,0.017743710601296845,0.5509255500374427,0.42778787597966134,-0.66759932534629,159500
1.1026091706605063,-0.5830975285797233,2.987973692567343,-1.5032202168673412,-0.20048077851406265,-0.22973518385733419,0.37573012099151765,-0.004309499695697341,-0.7560858946306761,0.629475086411396,0.05363837602245536,-0.5048512849119355,0.3380354240355074,0.024930947891285464,-0.2762489163342114,0.0765560177362929,0.5755640968272051,0.7460710890392254,0.11069608774036409,0.1712798285939982,-0.11186694652172965,-0.5923612160389614,194000
-0.22102505169034012,1.3128094641704395,-1.1488521207770068,0.4640016161169534,-1.2754512943226752,-0.028008251194231913,-0.5654792138960489,-0.3702419778318656,0.005193373262950649,-0.8700893098270737,-0.09070483196271127,-0.03179649607879755,-0.33453476729165427,-0.5550606491322017,0.7937343682509775,0.2856882773003185,-0.553579502330069,0.4814168015098991,-0.000997831119204107,-0.9144808846597725,0.0026252040162085735,1.9337816305698239,219500
-0.5140524027356643,0.021171865548986264,-1.4334080501432758,0.2579202973264721,-2.1431618613920187,-0.5369174555072093,-0.06335662499904864,3.7864638387112635,-0.19383005739029638,1.656543214929898,0.3757882558478226,1.911533580511887,0.21721577698055033,-1.4613703410463683,-0.22063056661632877,0.26997987449083577,0.6796266075722919,1.021729718187965,-0.11063313637474317,0.8952759921686787,-1.6327836684211046,0.10806178276765877,170000
-1.8101944252240822,-1.8409795701231695,-1.3350782816622369,-0.6842888952657057,-0.0376033411074623,0.1806294299656059,-0.007501292970682407,-0.46257363689255054,-1.6033330106250432,2.9497300533181203,-1.984797196365409,-1.1690134090119235,0.15067330228151232,1.0744981313057178,1.1878918363930402,-0.9760135896414994,0.8884851282696209,-0.04373732949764084,-2.296843988224938,0.6729558865908994,-0.17682876676727377,-0.20252027617477003,138800
-0.8285031533792577,-2.452651488635683,1.6144288655499743,2.432804979272065,0.12406704133054416,-0.8313220114788634,-0.5926504012383808,-0.22948256112100296,-0.844635706857602,0.12576980481494518,0.8403247413792299,0.8065052131261762,0.2385284944769025,-0.32225914288017676,1.1327358803112104,0.3777874637330741,0.08128763307519614,0.8009790209197809,-0.4705914935253881,-0.3760779970060866,0.2756562056484059,0.36450699656431806,155900
-1.6394990750518381,-0.8143646624708847,1.2203458485136367,-0.5427207999548305,-0.08540359567660058,-0.040158380086647454,-2.5698345317944317e-05,-0.21572855517050296,-0.1284897432778118,-0.1975032564038556,-0.6556526553700902,-0.498880766213949,0.7820373484466018,-0.48190942831808975,-0.6795535505574893,-0.302970343031463,0.759051987227182,0.5671379308306532,-0.21684765251903068,-0.01236925386710699,-0.3882737414116078,-0.10940066665363854,126000
0.1662232565574909,-0.9551205483342927,0.5240956808194005,-1.638243344615676,-1.7719525821177582,-0.3768605103855587,-0.46969154783542577,5.695473917953151,2.5363904567041247,-2.061034355316161,0.12872903124985818,0.7857835383221489,3.053803488836753,3.710249923214889,1.2150387866605221,-0.9427211304775427,-0.5084731465414796,-0.533844592327662,-0.04016023203741879,0.19246941016393193,-0.6173411665173794,-0.8814018076582151,145000
-2.1724008196662394,-0.9704791916495394,-1.2969358595188247,0.02374040819014937,0.4836986459745008,1.6542309870052967,0.393017212415074,-1.0170176254156,-0.972078640014561,-1.6263430458888968,0.4554920333389481,0.0901240840603982,-0.32328031493216053,0.32220195648527045,-0.4483781601138871,-1.2878539441259977,0.13099981183115772,-1.5916012511031155,1.1144472398158862,-0.27218226421609465,-0.5635114411371515,-1.1832756599503813,133000
1.497470687444389,-0.05242354425007265,2.200940404851779,-2.0863927545717815,0.03144314801872816,-0.771410353079494,-0.2263914078652944,0.38763732181065624,-0.4488095299211738,0.5591230965882579,-0.04967527856779834,-0.13247164065508013,-0.4519853147896283,-0.369592744168563,0.33588539307996307,0.4888047972845464,-0.6943039799804273,-0.2974859627000719,-0.11598644872801757,-0.1040238050331213,-0.4757275626780041,0.30267694802369566,192000
-0.09656208324345897,-1.331568437444207,-0.984174390948651,-1.0869357307486536,-0.001333081110530891,-0.3790625966756219,-0.4405762735045358,-0.9787966639452316,0.7301777331023027,-0.894864593193522,0.6416374912395792,0.21583993659376868,0.27958997379158973,-1.7576807467507203,0.6855258475203864,-0.9402999019904328,0.5311819455618139,0.8143810203998614,-0.9795859127756044,1.269620976785901,0.5254569133056631,1.8783729649009253,160000
1.108223106042586,0.6868302419943635,-0.023138656743957486,1.577177566975381,-0.6678665499744644,-0.23537038234419963,-0.6907625140969677,0.7042067020193282,-1.1733847796848493,0.030116570271880055,-0.9730424490601065,-0.728129862854694,0.062256885397651195,-0.8468853283969235,0.5821754126512787,0.6461627459985585,-0.15514994368960242,0.4238648154093879,-0.10784373582836262,-0.17371576365210178,-1.0020967023469,-0.15894042963214566,187500
-1.1143906693284016,-2.2853312926313887,0.5550883864850324,1.2518198198094812,0.22511190026296193,1.199995882446553,1.1809536814150674,0.1134791224729707,0.03165068203022942,0.14020310748170645,0.30508017426984346,0.07243705141491981,0.2631472281604852,0.2656957739620483,-0.5891240528906742,0.6799280007232494,0.09205445791600687,0.017078341426384768,0.5054860669638815,-0.24138199100815738,0.29779229278789476,-0.29694697621540866,147000
-2.4071991463753917,1.3070309874020525,0.9405762242104945,3.1736379940387565,-0.21230553141346192,0.6212305430371431,0.35084391089533307,-0.6658266156459577,0.27085555407965284,0.5509379827045169,-0.5628455970899789,0.12857546445827553,0.1932114916641348,0.15904711461495702,0.3003621869014882,-0.046487454955993004,-0.4670394221433252,0.05242978283154876,1.3022381338637021,1.3638067989404397,-0.1534977505613345,-0.4208076538578112,83500
2.8332550359466415,1.4714671203346525,1.3651112095671283,-0.07475513301611578,-0.6511481278982706,1.132591343048484,0.7650123891393421,-0.2930165547211599,-0.3972715896835408,0.38086445312766937,-0.38194521768919737,-0.35120354821100624,0.1788171593295483,0.029085308423392804,0.17525254471897933,0.23669233014846708,-0.19788229062932502,0.03600419091444143,0.7103548802306912,-0.4812612985104624,-0.2949783651752201,0.29021801495576893,252000
0.37719568684357685,1.8204549885479873,2.873033415514687,1.5282266574375485,0.3883030738134689,-0.8259381331397652,-0.13444006027742567,-0.17511014960643195,-0.657755394053071,0.8636119576689893,0.8890815789269704,0.6476566366102338,0.4684596627331863,0.3839937334216017,0.39046695020649524,-0.12214473779569714,0.6421389207206285,1.107189217600688,-0.8172594966415684,-0.5124445339970056,-0.5446987018712686,-0.19618610363524788,137500
0.494187922174029,-2.2045614327895513,1.3883019946969741,2.8805002214036333,-0.18634291171565767,-1.3508891034122978,-0.16904089346889,-1.1755963127695508,-0.46780553711420486,-0.499058178430922,0.8541673752654402,0.3539708010539334,0.3415871983665507,-0.013464839783811411,0.805837989134584,-0.7271209036304884,0.7860090104794993,1.1888207813191676,0.05181100448940864,-0.14937397323078946,-0.06843294379066205,0.8158530575972461,197000
-3.510771549994374,1.2347757873877596,0.6606542514222842,1.063232037503739,2.8789659083743686,1.9272848272008993,-2.0468335749606337,0.43089920495270945,0.5178102364255126,1.2501345874858716,0.36435000358189806,-0.612356573440088,0.6056143216531299,1.1380369581459289,-0.6497282745724505,0.9808839048631051,0.13713302475059355,0.7529326328303287,1.2123686573125718,0.41794638374051857,0.8059391586088767,0.297325028639704,92900
0.1112717572989795,0.11938716042332938,1.65938914056899,4.170077546277383,0.2697546843475543,0.21702533099101826,0.35492722004037075,-0.7625928970116806,-0.1810162313701291,0.05074622083512588,0.5162308059880937,0.5608372060142033,0.6301653422039668,0.39524055851482826,0.29517876812870136,-0.46382882035645046,0.6843792300052656,0.48349412684928855,-0.11825743545725735,-0.374545283571423,0.4239512277786856,-0.36709334383804354,160000
-0.29157663467190026,1.0676334773731289,-0.9689724505458985,-1.314427952498164,0.6710796131014354,0.7938475749863334,-0.2628397274476499,0.21535109852985546,-1.45027074996545,0.11585907603454368,0.550791475937813,1.0690896027039685,-0.8505249989156248,-0.3000903284120193,0.6800597315466753,0.5146922934310783,-0.9417333749118907,-0.38725072659910864,0.19986802591174754,1.030653146836668,-1.9998809486518332,-0.35123081144871526,136500
-1.1331858833940374,-1.8179097118776666,0.0815123487439174,0.9178251388874832,-1.6468475365724538,-1.1948520586460452,-0.36555018723217053,0.46501972625482024,-0.09904759452854883,-1.3510126102289761,0.46589699025280606,-1.1126846020413204,-0.6725966984244678,-0.12583780855796045,-0.6626926531524284,0.276406125881313,0.6341222100451677,0.13161696319760588,-0.8640371168189256,0.1043755473691921,1.9197611939780126,-0.1975373666820955,146000
-2.4308238148897234,-1.64537611716359,-0.5599100214458014,-0.4909108942478675,-1.1836826201169708,0.5481017112897077,1.3771997572721981,-1.4567540817106353,1.2433083758069225,0.8660579928235465,0.9451846956118057,-0.1009415572328064,-0.20241919657744975,1.2856608216350762,-0.9781210872830087,-0.012557357944514111,-0.3364542722088535,-0.669116562747919,-0.5457872734664425,-0.9458110852787942,0.026615566330836248,-1.3219783032966546,129000
0.6872200124477679,-0.09842659119274692,2.1410486428097655,-1.9541832078639114,0.07336330447362752,0.3374546828708617,0.3010180158722097,-0.3441931380621948,-0.26237673524655813,0.4212265967912755,-0.06481683327326294,-0.01515525522288506,0.7227823463939177,-0.27099944260687536,-0.14399049194360766,-0.0821117028962924,0.40507252656409765,0.914732009432091,-0.3881969315620135,-0.9034382172493941,-0.7506738640920082,0.8638805288660625,176432
-3.067292593822943,2.3928846945646245,-0.47104135983905904,0.30802353386354764,-0.04027196321614909,-1.028197603151396,2.7768256092070533,0.3023058924247902,-0.027434295894126808,-0.8128118305506503,-0.6798152643417876,0.6976019390597409,-0.5398885335701116,-1.4666834752099969,0.5146229928068164,-1.7249308800350733,-0.9703244457496262,0.24681224357434645,-1.7239857089483985,-1.0908175946674024,-0.1678492290718852,-0.7986674865154131,127000
-0.523458374583496,0.6794701198297523,2.2168405645795377,0.09903407680382566,-0.5046090336312344,-1.0181229697704395,-0.7341131969786442,-0.8001424276554069,-1.2128428569136116,-0.47790194665339475,1.133389329098562,-0.05056132607434816,-0.6274049907193403,0.6227028719282108,0.7004635231305966,-1.0043289198092653,0.07825012760180507,-0.5592723519370056,0.843725978530206,-0.17776856124332863,0.7673838798652309,-0.8852100854995666,170000
-3.210840077711509,0.32575526351972767,-0.7260099429962241,0.623315961542186,-0.20608394946382344,0.7686120280173611,-0.46329615216955805,0.041583401093089105,0.2975599960439007,-0.5289011647157018,-0.16381987881278717,-0.06695584018384997,-0.0012914729241738571,-0.015187295089662621,-0.6269022831070847,0.7012847379223437,-0.15467204647096772,-0.47102461124479983,0.35158302922256207,0.46305129921174987,-0.1843881785677869,0.2464045303060125,128000
0.7626312293163221,-0.7478149203822249,0.3548610616977154,-1.1864988716016354,0.5277874496765699,1.2226994973462502,0.07699500624610958,-0.334532031784013,0.4207155602212985,-0.25896446757857733,0.013087775212356115,0.6919326552677976,0.49404817122305356,-0.2817875803287435,-0.308229083881659,0.12065748934769467,0.09564848330148028,-0.11569060090226552,0.19969288572455687,-0.603788215020388,-0.061219532023434935,0.9560325450744,157000
-5.24460628724154,-1.0546583467300286,0.2734941936607573,0.28895551537202846,-0.29839994289979993,1.878711874166678,-0.10918846150994552,-0.9096920503495759,-0.0039496976627944975,-0.12959651519816534,-0.5959400016530795,0.2073490875831889,1.1285616669302045,-0.4278081980859702,0.09934731975958182,0.3222650289643173,0.21192143056710352,0.9866558688946487,0.7533171275950931,0.5402937878081474,0.39268811782637897,0.11285377928815446,60000
-2.4534485172773817,-0.8510204240615551,0.21687374876658347,-0.6402221956668891,-0.1837395469594352,-0.01555019212767835,-0.9005178037609021,-0.1607629123073049,-0.4496465689849055,0.6918660293745001,-0.8765185285953097,-0.7164977699202323,0.3146868460766849,0.3302650337102541,0.011087161770112942,-0.16978475592414669,0.4885721464223738,-0.5349690926074845,-0.6593288371095757,-0.24840856381149348,-0.05647084187964722,0.1988941096828312,119500
-2.1153416905414923,-1.0911954493738805,0.7367641476285979,-0.4804162980998788,-0.8921801179688027,-0.06323017194144087,0.6968546963778296,0.3360943508229382,0.07962487985345411,-0.44129421158323806,0.29910138005695436,0.0003626226195088335,0.28551986336689555,-0.4364018022883094,-0.7989731375382678,0.1453915387870165,0.5884798298372179,0.6833931915302185,-1.0045513907536419,-0.23160653021764024,0.40560284279224895,0.20132107684532172,135000
-1.9468998540940499,-0.3963036966373441,-1.612672271521432,-1.0537325334299825,-1.5719535348532034,-0.29253202940606665,-2.1105569494406704,1.7570776957889302,-1.124375217443575,-0.5832222741789131,0.7684632052180745,2.2187121711226916,0.26932630201385244,-0.09202780788116613,-0.6110506208203329,-1.6758895943446925,1.4432338307289116,-0.330250822016446,1.2609232877786796,-0.8299842152684019,-0.9557804713535618,0.09664234091468664,159500
-0.9502561213976092,2.2519505447973494,1.7423710704054023,2.3925651142907984,0.13624278322446964,0.5377832477642888,-1.019443422483662,-0.6474404793517275,-0.24980618550713438,0.34079048062644757,0.14174832739413318,1.0352348639160218,0.7276780117675312,-0.10961740684552733,0.7645240460383086,-0.027847756198881808,0.3070072478843289,0.28299155333319037,-0.7969793044285602,0.24556818057927865,0.4998296002915459,-0.27939962607355856,106000
4.117265009247045,-0.10910124409926002,-1.597658948524167,1.1306650777811302,0.48151685871052935,1.5629510686858235,0.9726507970651418,-0.5653222928339512,0.4469238779493569,-0.7838475783170075,-0.38184224036285563,0.8134327505968579,-0.08317763653792638,-0.577999844641226,0.35303750783758914,-0.12050513205061901,-0.6196660408350491,-0.642118857071699,0.3482055947579058,-0.25713514134550236,-0.008042865788604284,1.1721348223514219,325000
1.3731875794718869,-1.3913219760000637,-0.39594940455727934,-0.4969654269647448,0.33108963670603864,-0.8167772170030422,0.22971763151955096,-0.5663499158679951,0.016861985762222965,-0.9983028438121653,-0.5700499150575148,-1.6638436158584977,0.21019610167517877,0.25278825209265865,-1.4427005251378464,-0.9839577860797947,1.3100487701249515,1.327323505536318,0.8979022272186787,0.46713409817624785,-0.249201371404114,0.7991010898395503,179900
2.906841810700934,1.9395292062832348,-0.26966999475969744,-1.3809098658900099,-0.6716987468744167,-0.07155444341528018,-0.8138977965476715,0.2298103989118739,-0.5401274776156358,-0.9533850426049205,-1.4034638022913144,-2.3255484801154154,0.35047514769940186,-0.22744860279468765,-0.378427888558462,-0.28570661122458396,0.6844721378129585,0.6884109778816458,0.4668415005876961,-1.8994443346645367,1.1074470041446542,0.35830414535860766,274725
1.2208474108411422,1.6405925906218444,1.3347964486476134,0.2231363499734694,-0.6968435426970342,-0.690166708779773,-0.8667611508598125,0.1890337488989764,-0.5002634081126736,-0.00396251737211459,-0.4911079172191527,-1.0763358146123014,-0.40483011336890623,-0.02108249069693264,0.3635546501770684,0.36098628863232635,-0.5095137157811336,-0.49210615518793765,0.46794574060533134,-0.6301751051509489,-0.261114735639179,0.3735115357334313,181000
3.4754350833036973,-2.1863475346641272,0.221589437033307,-1.1959505388482816,0.9032851010075552,0.21888527128028815,1.4522978228840924,-0.5230205106523738,0.21744033510780292,-0.27867794211018815,0.012922510004311799,-0.4141967596408832,0.08274926510685379,0.2228903542787409,-1.1909022607976831,-0.6095771419262253,0.808952436258821,0.8074967379869282,0.8919027364286336,0.7578154970975164,-0.6532164996366557,0.44739553298294693,280000
1.3498299997120735,0.6693094329149213,0.19123002851923335,1.4987766115935224,-0.25504554577233407,0.263465632748941,0.40820034386843,-0.1837496399924057,-0.6119582749180196,0.015063210168654646,-0.7640175849374516,-0.8701769179459332,-0.12604584238456373,-0.1486986002062987,0.17538241395027968,0.20064562829315963,-0.2823580759710954,0.14427246636901747,0.43668299290719514,0.22743390594238105,-0.8618386263115932,0.07478059019592888,188000
2.0237608503980806,1.9115299281367006,-0.5683381771803411,0.5390291189486027,-0.4992046537661745,0.4939812560740453,-1.0396644296571858,-0.043276648594274186,0.7402194968317652,-1.1751253418546874,-0.4614105014229928,0.3452876745510559,-0.27824772073338444,-0.5522179348252787,-0.24597369963543758,-0.22593641804539227,-0.0834937161293145,-1.1227459666895068,-0.5781973577537662,0.15254575794964087,1.919106490737451,0.4922519894589398,205000
-2.9400142922749457,-1.8880015547422775,-0.5036785102511461,0.07212212241206366,-0.37943706494081136,-0.5315000388166318,-0.7256565860406984,0.2513914314911641,-0.3331133558186168,-1.033436834078852,0.17932014832396542,-0.6129205372746924,0.006846942351789723,-0.3253934873856388,-0.6924044023620042,0.5541485064282604,0.5555701499829638,0.2854610296551667,-1.0364564026483511,0.039169684042013105,0.2214372087036402,0.30183811811552713,129900
-2.119536740498537,-1.8954675966968282,0.19706706543255043,0.06033935051172209,-0.5115641085115104,-0.3695651661764962,0.8363932854345054,0.34317587908632247,-0.023463730133574844,-0.6273133824243827,0.42938024420635407,-0.4412125325048151,-0.0797578498559584,-0.1560125600165578,-0.8970319677504347,0.258766984108881,0.5697532479298535,0.682529423775933,-0.9681955796930143,-0.35571904500377977,0.2545618596678078,0.01875566403896829,134500
-2.4646179129165025,-0.8997539379456838,0.731379369367625,-0.8732491833714675,-1.1292896110515376,-0.7403640621696742,-0.23011872553139368,0.7856554666241311,-0.24220449642625594,-0.7176066721434102,0.19046767104861326,-0.7692156877375657,-0.0033130285188511465,-0.33039977684141447,-0.8942973775971297,0.498646561820279,0.44166225464116854,0.13217923941262436,-1.0441751991864752,-0.665054676890274,0.6889428736916463,0.25655633757751395,117000
3.1032881477355354,-2.112630303806787,0.5487213143390528,-1.085510997242819,0.9334239756670254,-0.6603738868544952,-1.0470829962406054,0.42495509178869684,0.00619029796737429,-0.9042329854838201,0.5928316648442566,-0.1394770135583353,-0.39048393999178693,0.06241804572171299,-0.5751322796844189,0.35368709963726697,0.31169961358019244,-1.1435018697980628,-0.4215196652423961,-1.2542850505365324,0.560727426527804,0.5022238389107672,318000
1.0063895349323113,0.15122675715542766,0.3176876371853478,2.5043478116412397,-0.25974116804895625,1.3663244358907547,0.8940406396823315,-0.3391450217034383,-0.43302535558576893,-0.018227944308092117,-0.37469633106079214,-0.26689309507645465,0.5624187765258031,0.04674532487062356,0.016984468997565845,0.26234659135246585,0.06285165271250141,0.07507665611195571,0.3073519645027734,-1.2077943452239226,-0.7307276058937251,0.5391289746198917,184100
-1.7285747472491182,-1.8075864676181956,0.10660955099094681,0.39784259036596686,-0.4701081458530901,0.4462972906677056,0.7043196450961479,0.48784487095572787,0.022373073778875482,-0.4448127850809909,0.40694667104442045,-0.46436726706412307,0.023154828438098754,0.10220594078552403,-1.304570823491191,0.660708196373814,0.6963320455429948,0.30778326218470464,-0.7236276019693193,-0.40654358940570223,-0.010329006164354964,-0.08166852526048769,130000
-1.452149545729352,1.0056104130287131,-0.43773459513639623,-0.20771670687058752,-1.6447351345325265,-0.8775182175541733,-1.0789403121939896,3.3201671560591737,0.06418469776373191,1.1843597722225285,-1.13438528162824,0.8296152264652514,-0.2532861137058773,-0.2721012686682576,-0.5894846034445709,0.1465616351460523,-0.20305566395308972,-0.8428461031694056,1.7503110899150873,0.07989412538824353,0.10543509865770334,-0.9500997392429279,140000
-2.6041825057055155,0.05185552884593179,-0.24148433427871627,-1.8336665921425455,0.26634320545436124,0.01262920244915931,-0.8770019529827384,-0.2033407440681383,-2.3312221404584896,-1.0677549631835914,0.9325030945150252,0.5305537045835479,-0.5662999286035851,-0.2878627318533054,0.40317462230647994,-0.9967749656484763,0.14240652349308894,-0.6471946728923147,-0.1790449752114507,0.07362707341217646,-1.0383713959116612,-1.596418193635763,133700
-2.7285346500230183,0.18236369962175747,0.36508485963853604,-1.9306391426325193,-0.20728870105714575,0.06525702747048132,-0.6389538564468811,-1.2223524955286456,-0.8894379451278361,-0.5744054583356311,0.8057340383418516,0.8460389358997711,-0.3322752523433392,-0.2614992986932724,1.060872732670248,-0.5438126556339031,-0.3691421729092062,0.5347907630527171,0.37131371576805194,0.3447997583063143,-0.27751615924613005,0.5412978519575308,118400
1.9420217515448417,-0.15019830948721768,2.6357101331330863,-2.3796356044508453,0.2645369435681133,-0.3110205594945359,-0.45875992839863233,0.47498002010835244,-0.7712016811441827,0.41872314774594227,0.026659019747653306,-0.07920719645410279,0.2294182752121251,-0.37126189185715935,-0.19155425806407037,0.39691112618893076,0.4370006463522198,-0.08062352579075718,-1.0528401310514093,-0.177730602078831,0.13703122146533492,-0.70969993357275,212900
-2.7968976242471117,0.027084937927539614,0.5464709721991183,-1.2581955521457324,0.07217624322240478,0.1637609262660479,-1.9449646410321981,-1.6760509234622816,1.2076461956258484,0.5710906154212138,-0.9285147247452094,-0.5859042964612368,0.5834909675639853,0.02908931321450068,-0.13051660573479595,1.0703711712277828,-1.1654281349979223,-1.2954230364984565,1.1324601606128848,-0.1883907080276898,-0.8227012772516448,-1.6220846881367812,112000
-3.8486427203058535,0.2633772434010927,0.3742462040457619,-0.6322723878324596,-1.8437032749332294,-2.893921698045887,2.931940748392962,2.507779356627884,2.586229347515516,0.5688817828748145,-1.2359457300224153,1.2648087930778582,-0.532898693713059,-0.8632276852035845,-1.5486830642806435,-2.8043831629571487,-0.16579558665018126,0.9485753182948296,1.131460431834842,0.03195831460812528,0.941595999876899,0.018192044476678743,118000
0.7426960680303171,1.6001041859498457,0.918221840522493,1.3190158114161716,-0.7783161161352379,0.2588635421436362,-0.7576519367452091,-0.03962207954046046,-0.5428454806656032,-0.10420066106593882,-0.5383329305424492,-0.330116190403454,0.24595203537649585,-0.33972209042837015,0.5422173817051039,0.25883241017892306,-0.11598868191951678,-0.02126057478532899,-0.037464375778914996,-0.79729766575332,0.2533361598300676,0.4088057431649988,163900
-2.2204276145033774,-0.41780991144129087,1.0324110504093058,-1.685934952218121,-0.3430609149554645,0.28898323881021604,-1.365963345908014,-0.4537665248908569,0.12242819166555209,-0.02284032847986063,-0.033494235879252744,-0.35732039851565284,-0.5091622505697075,0.12098302755980514,0.5231697328093786,0.9538596165956295,-1.0474968186892806,-0.6615507570090625,1.4710431335778928,0.16764666387701227,0.48988087984025613,0.838136828065167,115000
1.5175664309377817,-0.0960022891268433,3.1370043634087326,-0.20301486462770083,0.3055859173106921,0.1893748821646926,0.4706096357898827,-0.1948110295500309,-0.14995573405603096,1.228165445890261,1.0332820616286222,1.0388097885550123,-0.1335002488627849,0.42006694217941476,0.764112004974023,0.530225980573424,-0.6686750941836495,0.07947830207867143,0.6050995633663759,-0.19962157621504395,0.1605794119143416,0.4751250457759318,174000
3.0662025450150603,-2.768138400560615,-1.2140391273741198,-1.7634517835758146,0.925174172260001,-0.1366635546790272,-0.8409141507389079,1.1521485845487662,-0.5201515103017843,-1.2536835417438592,-0.5201773070787666,-1.8626741861301848,0.024044845827602225,0.04549482986951905,-1.5887166269980426,0.7203342764735021,0.7017466349463032,-0.8162402228623176,0.33611554327024473,-1.4838639566395737,0.06618356725173322,0.5020745473555592,259000
1.9284096564929973,2.4527782391409207,0.86022524722152,0.5515791470617891,-0.6764494143122504,0.028797876444171568,-0.203634882994472,0.050850373418553606,-0.5632641193758676,0.09399271653612658,-0.6897729093256358,-0.7639407469116537,0.021197836926305922,-0.23490309740380977,0.2185594707702212,0.14510922276580002,-0.0766501289493994,0.15667420505148294,-0.045406034575383794,-0.7683934541504944,-0.8429664159304553,0.28860681593193716,215000
-1.4904914541264482,-2.2414219878983217,0.4124313235835239,1.5252768291548937,0.6695238541908389,-0.333723848941966,-1.1843866338498723,0.10023718827428384,-0.3688970850518014,-0.5566287030776661,0.274734918350923,-0.014593417850902173,0.19221934285413836,-0.03092211160038095,-0.1278915380028211,0.5109538966186499,0.44360160039291474,-0.31822885636255627,-0.18487011139775014,-0.11283847887769104,0.6270556977878494,-0.38834323520607517,140000
0.6737301575953838,0.2208946032122171,-1.8786005217777373,-0.10504438866722451,1.5079296166641585,0.11249525777194422,-1.4773053761591284,0.20319193383839232,-0.7026092439121215,0.16367893225746968,-0.9482716699796166,-0.35641763174736824,-1.2098006821353684,-0.23788873199788557,0.9132972318383474,1.5610674281797037,-2.0001799190207574,-1.3335327147678528,1.6965840908092464,1.593512249452031,-2.26121608765877,0.6597406867771028,135000
-2.930764262848878,0.15087970775222162,1.1158827287094886,-1.0605407044180737,1.294302341511382,-2.2364355939754494,0.8387379330944299,0.4158079185057797,0.9321928984486059,-0.5014068091112679,-1.9615816826282484,-0.6765793350997441,-0.05023300165044141,-1.4176901230077694,0.02650516389869328,-1.228873631846471,-1.036176203962668,-0.5689621108279656,-0.5150520117390112,-1.555208308119779,-0.028819182081274583,-0.17630439088867605,93500
-0.6672353987814428,3.5083069966934377,-1.0737328985455687,-1.7834215434526295,1.1119367655765242,0.5464783766309087,-0.789873284969485,-0.421514443550099,-0.2501179161298727,-0.3813099784193658,-0.7156812291909946,-0.20355336491452555,0.2588364954529989,-0.06636951390082245,-0.4602263000206949,0.06846579197160867,0.32529117226855986,0.30579830343143205,-0.41698394288749113,0.6265914225393239,-1.1475216323580297,0.025490099969213795,117500
2.3125193514783,1.155372183682205,0.3566794848046865,0.6139505784858899,-0.43104950758407545,0.12647802213854523,0.577749836276375,-0.7394060472599409,0.3497971035870837,-0.5031823436328168,-0.4283080692406103,-0.7610204827159113,0.019402849098885337,0.2654093877194609,-0.4468808459944445,-0.7513231020165012,0.27582830838252625,0.26453930079303695,1.3686568006249535,-0.06826983732350746,-0.18180935701157525,0.7459090051190728,239500
0.9514199215151337,1.53661312371516,1.3782908337838238,0.33634711307584164,-0.6424299577661584,-0.22314542565345513,-0.542074123798045,-0.07890503189994441,-0.5340968268043019,0.1710652644228229,-0.4649513155041392,-0.6352194664085605,-0.04682060728825947,-0.19616243238895936,0.5063516695064634,0.2503407525009677,-0.3100611034469481,0.04268454472988296,0.20540499106140736,-0.5126961626475913,-0.5042092144217301,0.4036914167821971,169000
-2.315400113689326,0.031122872907804324,0.7893710255954759,-1.518373156585163,-0.4378960604516883,-0.6276613651039763,-0.5735888086249106,-1.3320115717347636,-0.0014693485623548791,-0.2998653370971872,-0.08869343950531373,0.056387436625057775,-0.07410713796545325,-0.3515132791785666,0.5666535269233877,-0.40280052662861593,-0.17825322322874354,1.1391175269976368,0.6386300076626759,1.4384818825355512,0.017254334962041824,1.1273032796795197,102000
-2.2329011386250084,0.3801102057289139,0.017732226401993612,-1.4137620826480624,0.38162564691533113,1.0071625750832025,-0.25353916784121355,-0.7304102856743144,-0.6647100952698033,-0.5475254566959531,0.18270876665795419,0.49581165582921066,0.31250139819552153,-0.16752708589184503,0.01441605263087193,-0.417130951413456,0.21221643014188946,-0.03067806076511456,0.14023384014019785,0.04728152670641196,-0.30599331825612897,-0.3281451845365671,119000
-4.955726470961466,1.3752259774009525,-0.5297050444656527,-1.0407011844848022,0.08894179187242969,-0.5790242110578151,3.579366274445843,0.22134500764579262,0.667611510058343,-0.9332763586599448,0.858381267620099,1.2269369573033972,-1.5453933324941629,-0.39592383383367297,0.01175635897474536,-1.6910091356524017,-1.579083605999189,-0.22833788437475877,-0.3287751644097582,-1.1282754498130285,0.6510240652771276,-0.5925061402057162,94000
1.1817851734594185,-3.2019639175352723,-1.2901972664753563,0.4279199407977374,0.9171949888194986,0.3944810073102404,0.3872766550617401,-0.037663086016615534,-0.08046822032128113,-0.2973262025660456,0.16069448430870042,0.5045720901084884,-0.286964610687821,-0.4190352326055466,0.2101532727677909,0.6458811453901054,-0.6407461923637793,0.1263697967491433,0.9355184763191631,0.3126646646260671,-1.609691907148246,1.4177324927612363,196000
-2.1401383473987243,-0.18892980000277976,-2.018688606489591,-1.9162745368005973,-0.28511634404109804,0.7200710765335739,-1.5160507552204856,-1.79134797060257,-0.5551763235018917,-1.1430799796284534,1.4757563233360194,0.8681622842156879,0.051852656497863775,0.2165561281904395,-0.14290364186339788,-0.4072415408129328,0.1863607213369862,-0.04901287167000561,0.20350427280284983,-0.5406254758566089,-1.1074194625376088,-0.9431633407361613,144000
-2.5316225550939566,-2.1410728137830612,-0.5316105130834966,0.2642165531592402,-0.27646741345845016,0.46448630415718867,-0.2835678920374142,-0.03663881551533308,-0.020911648118144933,-0.7884170022884299,0.5429680176312554,-0.17658110355529472,-0.06229819062583124,0.08837647963868712,-0.8307396206675942,0.7941406553320369,0.4633756207992966,0.08610513150782084,-0.27710197014618715,0.5007784412600834,0.1989394632586399,0.2633151990643067,139000
1.3292694199418753,0.8978372092861199,-1.5907473382457835,1.122361229401236,-0.6157235667988916,0.2820537522584151,0.5727883966082118,1.187276408315613,-0.36716118069749515,0.06865554455397675,-0.938790466422438,-1.1453814419506771,-1.3060408172870255,-0.2923808604193862,-0.3315088717089623,1.2942536485589944,-1.2318864771722402,-0.653140221544861,0.33579648437197285,1.4652966282384274,-0.6806189666717471,-0.24723986881720317,197500
5.099835347128112,0.5114911003839264,-0.7753843727021519,1.1035705056819198,1.2268022720166973,-0.17650289771358155,0.43864899650605177,0.15206415931419934,-0.17761009616079468,-0.6470544926041095,0.20159564380124917,0.13929605039050275,-0.004689856394514535,0.036019294258843114,-0.9376494969541976,-0.49944706336392347,1.0580858520756915,0.514653206983045,-0.6417768311628517,0.13090203017569557,-0.8861316254115589,0.15422667544819296,424870
-3.406780004986404,0.21683091886572572,0.5769258658835079,-1.370081195305569,2.294666802941801,-1.2235428586834958,0.28358563618196514,-0.6110294720459069,0.9103372820595153,-0.5990450340725011,-2.4871152495965285,-0.2386583955611596,0.5325288503733144,-1.4878954808044278,0.42294745560057884,-1.4503654489021183,-1.0941074513258569,-0.8609380431051498,0.31898883052065635,-0.8515699271223405,-0.5089747145924408,-0.09533976079031192,80000
-3.3111859573202884,-0.4150530441293497,0.1297906788640421,1.9254019352195895,1.5022954653048843,0.797206862129095,-0.6884416811983236,-0.7374919411592021,0.17218492815632525,0.2931602739003278,0.03694108715818266,0.20129482359918813,0.1367300127012617,0.6582282972060065,0.7295005559554152,0.5616206551343693,-0.587652231748537,0.11509552221526832,1.7064532125887644,-0.033661318106166904,0.7296798184890002,-0.30573462698676973,80000
-2.1456163958140544,1.3493752822707463,0.036048535494215786,-1.2929112521524195,-0.47882054288599607,-0.6769724476353283,-1.3247631268239046,-0.3268954633445337,-0.26438569990673744,-0.34248163073402826,0.26171033081674594,0.22229955783151126,-0.4459184706513803,-0.4070229978046421,0.6133872368113428,0.5976338836000248,-0.5195598915813534,0.3478067287743736,-0.6491421827602211,0.4932963207255008,-0.37399370648798674,1.2000660257439513,149000
0.6916405690381506,-2.331945794104806,-0.5751346195142132,0.3629953702844585,0.8789385890033993,-0.3757575149426343,-0.5987558738383766,0.3211358818679791,-0.6366726837612755,-0.5036341116676739,-0.0859753725670582,-0.015066832851809424,0.23526419021891962,-0.6215187573955199,-0.2559447020551792,0.37815381997967007,0.5423159840898006,0.513295590172074,-0.7012730789274332,-0.11039571566484609,-1.3279744631836983,0.4172153722389669,180000
-1.3104432364678584,1.4531859931257638,-1.0976621074758388,0.3416219388235425,-1.3018724004165576,0.9015126071694415,-0.07262723846153643,-0.33173129092651216,0.4278416300638201,-0.697137870680204,-0.14618752726325576,-0.05584460584096705,-0.3771091170619009,-0.22287600011863956,0.18384516650725158,0.5308506731411007,-0.6732490061118853,-0.11526308603873689,0.34302952579151313,-0.12484173536985531,0.5471732291252479,1.2365889625343705,174500
-2.8430212248709523,1.0319806909539992,-0.4982156307452887,-0.7827952372030081,-1.2519940067892954,0.20970784063453002,-0.1685637055437418,-0.4816727723305592,-1.0784391441570647,-1.0662211388928104,1.8070814058795017,0.7427945671009188,-1.273691617299609,0.36528578599463374,0.6060082761818245,-0.2881286636276939,-0.7086673264658463,-0.28613011718740944,0.4929916741582291,-0.3117683096630939,0.2684722744405758,0.46135787831502223,116900
-1.8441572959882975,0.5227257480652612,-1.1029996246669975,0.8363984157351986,-2.7331457947881503,-0.08112320634351664,0.2825135809404499,3.0091346894863626,1.0240663846711755,0.502102689768821,0.9288868576465765,2.0886170211978,-0.24232745641160577,0.4343408064745284,-1.8152455341895275,-0.006237629139825033,0.9290987879115034,-0.02072330490969612,0.7534802769575799,-0.30039556205122253,0.34837528772941195,0.26188188291461045,143000
-2.7200425971377107,0.1741036633176066,0.36305666588243823,-2.052924168246635,-0.28400727219374255,-0.5431162103859797,-1.4326246503774447,-0.7697013409949801,-1.5987745285799642,-1.0742773112487614,1.3679088317895316,0.4250040937205278,-1.241648441054958,0.1772376389067462,1.1633801481689208,-0.7266198672335612,-0.8218601515100336,-0.8972501021142486,1.0180205849953365,-0.46639949221572075,-0.1531324841925183,-0.11938547200877106,124000
1.0674245842152812,0.2205224279045858,-0.8072966735260568,-3.1829620858068326,-0.5719061131507931,-1.0409644605511894,-2.770247526525701,-1.8921904522555257,0.8764050359142797,-0.8367348688526881,-1.1146851426442672,-1.1493566994500573,-0.010142459494856685,-0.6288355330913941,0.4859348154885032,-0.13960423637079464,-0.49334971475600475,0.23000995332932417,0.9243168541265998,0.422258845770926,0.5916649208513973,0.6593620294979106,149900
-1.0397443071034471,-0.6375872909321167,-1.6997563576034023,-1.8871894134676415,-1.3385136232693728,-0.11714442099126134,0.1857455985503242,-0.2084867099971741,-2.5440633544870495,0.39339717140079294,1.7495740209433635,0.029807591798533185,-1.4206971172612572,1.776249183961624,0.89431263305737,-2.0242437988080932,0.9223061947867508,-0.4405065417326565,-1.142585705279947,-1.6956138757392125,0.5838455959868543,-0.11034236359673706,230000
-2.856145966478482,-0.7543260156504381,0.30989311707117895,-0.2754217840248647,-1.4729890225229108,8.157255810690136e-05,1.2391421367444333,0.6211923774382192,-0.32372633892330593,-0.7381891205542777,1.5561086277345275,0.2856938806149761,-0.7353064735728465,0.218556894166452,-0.8680332579417414,0.04944104555724698,0.19278038933391536,0.1427834683764046,-0.5611283611433028,-0.5962715591701931,0.5477947925239007,-0.18697739191893514,120500
1.9751632917433972,1.850238123528489,-2.101331530028819,1.0275286567162232,-2.628425124404037,0.13882606089015515,-1.0504096886705532,-3.0267266596847264,2.808880332660501,-0.1228835224512593,-0.21050588646149535,0.4508219840272831,0.4668392928615963,-0.5680138332374915,0.010446972140894642,0.4081312277063866,-0.935830308199375,0.24367226433395808,-0.5228718405607307,-0.30431227102604463,-0.33211611567236504,-0.7594008671374199,201800
0.5643440193544116,-2.000089421426275,-1.4844866472037574,-0.5903787141413133,-0.8167766773382925,-0.9806750804282116,-0.012524707022787115,-0.3780433108193281,1.8468257600934408,-0.2075487861003283,1.284347928209317,-0.34783148200785025,-0.13314598614157971,0.3619007438873974,-1.8603490308098396,1.1482114005247683,0.11696213455026473,0.6013486061363268,-1.3351825283799914,-1.329004725584332,-1.0003108113379928,-0.2847698388381908,218000
-0.06763965819533298,-0.3335361226911849,-0.1890942330774998,-0.957655781734021,-1.914860694935776,-1.2598396834241317,-0.43337792577035283,4.05377749270801,1.955938915938623,-0.4565887528322898,0.546427736465937,0.9781293131532313,0.9722905186395867,2.143053410962703,-0.39157274052564417,-0.8562640097276952,0.15847482970539775,0.46781600147539565,1.162436223368227,0.07828228367985586,-0.24122591521550285,0.7408079208793915,179900
1.123341791399175,-1.970363883736861,1.466074182400969,2.0350677488545794,0.9273257578150474,-0.6430971198139854,0.6097987485132321,0.03368360038520015,0.07586666107064545,0.49913772479562424,0.924436199950025,0.7391801236961411,-0.5097042966856233,0.361010904003254,0.3896166239751832,0.24215547176580043,-0.5568436835124332,-0.05828593782887434,0.742506971263564,-0.0016185399892148468,-0.26230511419704416,0.27690372848372097,230000
2.1502996381695447,-0.130380654233825,2.7456556347417216,-2.603787306369755,0.32053452497325,0.49271965390594746,0.274167770668431,-0.02546252769005483,-0.07030650523519465,0.3031038245882707,0.2058209127860346,-0.029227782997474524,0.3723975556496502,0.11606923551886866,-0.6036178743539359,0.04890980989440303,0.5166300510348681,-0.2272342597365453,-0.27730559369271296,-0.756984230215087,0.6094679476536695,-0.3520321807004187,235128
1.2352212792955732,1.9525458089701113,-0.5820269585198077,0.48334035213583093,-0.521623841681954,0.6050853513510315,-0.5582251397246588,-0.1800215065834863,0.3934380904543666,-0.7825217552190092,-0.4837449840781928,-0.18587786029393127,-0.02369628970104177,-0.25390234445178006,-0.4375223825280462,-0.08436877071708213,0.12650897762662985,-0.30511644025860324,-0.15380674127510427,0.09592265417566023,0.39410721168305246,0.7584567670456764,185000
-0.22632203048697236,1.644367306182486,1.295566485561413,2.4684027859270112,0.044929226811950176,0.6903641434161839,-0.12516877317765499,-0.5650686410431373,0.2793435227789115,0.6115913370124264,0.46112626701138426,0.643621872107224,-0.09841216488288172,0.6232633697219382,0.7016704167520179,0.43882302601823314,-0.8269976333649544,-0.40747712345689746,1.2244820747973177,-0.3371200303573474,-0.47186542424740274,0.865119835623681,146000
0.3023352045904904,-1.8562685676165325,-0.521240006001149,-1.1723897361257836,-0.8441936071621889,-0.20393522109065668,0.2980240543570286,3.4073902653425274,1.8199083238577451,-3.3557147287487306,0.782057626329149,-1.22049243334309,1.6445690214704036,3.7503545352972316,2.4482385554576593,0.6186674680957724,-1.9359010481752985,-0.11356600858026258,-1.0740782111353768,0.6255904889344578,-0.4441393676671942,-0.1151921180227005,224000
-1.3768792649320332,-0.8907169245975654,-0.08278724844512532,-1.4735344537965067,-0.16508958489843908,0.8396202464102808,-1.1057200439209875,-0.31466039103555227,-0.30542420073376125,-0.6575854189284729,-0.5653988618736656,-0.4110624500253522,0.8306669721344708,-0.5056422352766969,-0.4480420013508883,0.40640019371704944,0.508980751072168,0.24962839400020476,-0.031122046508984435,-0.4066056434864117,-0.14122150649485962,1.1184631699945764,129000
-1.8339430921185904,-2.732864625602612,-0.9050313675263043,3.5309666803897786,2.765391501585463,1.8202346705595622,-0.9907568208436457,-1.110857414289925,0.1831018528408763,0.001415572194184909,0.07786718115440262,-0.13059854130959506,0.9090113873573434,-0.01867649635525722,0.5114273739780063,-0.09174676145698715,0.7329801123425715,1.2509795766405978,0.33840632496631834,1.6124891753185118,1.1159735885459316,-0.41019624552793826,108959
0.08226796852010115,-1.7632160664778869,-1.297934983190094,0.916791997836973,-0.9620189481682945,-0.9419894733388996,0.3042431263378486,-0.5478505131556248,-0.35277171222050324,1.0184390695009913,-0.5382911616024314,-1.0577563131893015,-0.8383676337630257,0.748007341601665,0.6933294940486122,-0.8127642286678871,0.4651490262282157,1.1505804127014723,-0.23028391039272875,1.580847968487477,0.783987771696308,0.5254435057607316,194000
1.5878288815761878,0.03681367836706619,2.7349371899720363,-2.1827183884507884,0.2919222700878736,-0.3146771685444502,0.46189604208688073,-0.0493564376093303,0.5706371489408403,0.18630459747977865,-0.12392932207834706,-0.44702375316887233,-0.2572959184938703,0.2500086378706182,-0.7892648062440191,-0.40766315203868886,-0.04058308178040238,-0.7261537467585714,0.5627941550756059,0.039548824122271106,1.0022941438773576,-0.4578643860703428,233170
2.116349223735242,-0.2395496591917015,3.0053129032969297,-2.1070253068491267,0.3951243655736865,1.442447696828518,1.8336012588795476,-0.2528772502567015,-0.03269594227828992,1.2101502566226336,0.1891382799960634,0.6689234035242252,0.39020279855185824,0.06126837893158632,-0.3202108109708862,0.20897370512434602,-0.015546436836716067,0.10563052675804342,0.22072462657158248,0.20486094332538202,-0.4844286600869895,-0.601446341112343,245350
1.13660963700057,-0.15595394201898125,-0.14599899236647,1.892727331789674,0.09572255739172839,0.21071147729072945,-0.11906664329691839,-0.5884524137912275,-0.5999308657890404,-0.5826851820771645,-0.31315280993899663,-0.3616137336033733,0.8540600130111973,-0.3374665368430241,-0.03829064239310317,-0.37858032799802477,1.115938479478801,1.2462066336727553,-0.6799530577580157,-0.8888070368453804,-1.1252666217227247,0.6199457994679396,173000
1.2393687945331122,1.3702584650235634,-2.2509719900320087,-1.2740292251142684,-0.6786439774292765,0.3826515466057668,-0.266391599765229,-0.05114031949696104,1.142901894268879,-0.3931338533445883,0.6746911828629492,-0.02758575098270415,-0.3110596703710761,0.21138157971084748,-0.8657018402717712,1.1279332318073927,-0.4566053542244735,0.5145727518069275,-0.3342603949650327,-1.4527052645524616,-0.6114020114032112,1.4512637261823718,235000
8.92171855837645,0.8572300771090569,-2.833464788187838,0.5460132270715016,1.5497200345555382,0.5709218408964057,-0.9784957420315509,0.8889080181988341,0.12534736693340198,-1.6247496296107804,-0.8314475503422883,1.827476171995257,-0.5703736487826397,-2.1051308387576566,0.8918397569678019,-0.41611040146116524,0.15716745672843774,-0.7749649685560741,-2.4396255509867624,0.47895043606119214,3.076151189603196,-1.6850205838699601,625000
-0.42486408120308,-1.0227518759130991,-2.822875074565066,-0.16545997083680553,0.33961478935002204,-3.1474960111370076,1.059211463996526,-0.424501573520111,-5.747851819124417,2.2514853602621057,2.7466427579739103,-0.5586794417837126,8.639545522704168,-0.9275441963742113,-4.096759798069405,0.4327418258259216,-7.634893677269628,0.017291654051991776,1.0050989225505047,0.5640896275340873,2.939348407322835,1.2564727973087106,171000
-0.6855736395967008,-1.479494456540213,-1.6677884816857476,-1.238343497629094,-0.9411403825747023,-0.9830914319446935,-1.774053992277797,-1.9268136819780473,3.240263886441858,0.680020727845117,2.456955447692067,-1.33144095746785,0.34106788195394305,-0.7383337384163248,-0.09480286013013933,1.3404609331792743,-0.5663040636515727,-1.3717176740829575,-0.013232841360858939,-0.57904647479622,-1.2484164512507991,-1.1446641248472058,163000
-0.021613248170298197,1.4372874334579742,2.8506785075292522,2.726738484031491,-0.38355043323416865,0.2400051323554239,0.5728743192555731,-0.6558350172006492,-0.3422487325196015,0.728082955077151,0.32102937555933025,0.1861049057694821,0.754065784189494,0.45794657536447975,0.4711060024780242,-0.37698872048925897,0.48390471078670333,0.9591090138167344,0.36402755959773214,-0.7086339608446439,0.1882139273638416,-0.2554658049871638,171900
0.6610573279261982,3.4554775122905905,-3.676289720941289,-3.31366907719684,2.9439756532173265,-4.072724590922123,5.605233203392718,-0.47653347846284194,0.004651800416231548,0.9478992678591388,-2.9144841112942728,1.4588054367888428,2.0424924178296093,0.7318084950308313,2.8953864896201473,2.9065955693689633,3.8634996835704984,-1.6039560253909315,-0.6090568186089919,-2.095985623549941,0.7214405668586944,1.3793945576681264,200500
0.474407512133074,2.7422951592844553,-2.2079679851686786,0.012675118695318842,-1.0825999637235273,0.22535037192682247,-0.8912970232861025,0.541804715969455,-0.15582095297032977,-0.9187108436688526,0.18373085276283543,-0.3060653446089213,-0.46819420622906555,-0.2914925626002029,-0.2413993550009992,0.8218666261091049,0.2637617975355863,0.8716719941441293,-1.217721123046986,-0.30059003621011615,-0.18601054612839202,1.1071335372041513,239000
3.690378799731642,1.4637253851837153,-0.008326241267568691,-0.5777168558609188,0.3446371451981265,0.4545472155554067,-0.049396493862467375,-0.4918260668038243,0.22937523890380754,-0.7222634543965235,-0.2574097759879311,0.7204372892031629,0.4653498043345989,-0.6666635036881691,-0.07967200409999722,-0.6306475947591333,0.5582829674117268,-0.16117778454413195,-1.102676583268049,-0.4134386938070567,-0.10604470419759922,0.700346195250569,285000
-1.7334033259441288,-1.8992678490273025,0.35985720330140036,0.8929994827044659,0.29190854304928654,-0.45941074622650957,-0.1715470249510106,0.970507953372268,-0.7602372014015257,0.23285455691629148,-0.7088065280155311,-0.6017802522327539,-0.6223860641801705,-0.5603626695883086,-0.013678692051722134,1.2611080003468043,-0.9652671077827208,-1.2100753079920297,0.052261632157677165,0.7942198320813835,-1.1309482518847045,-1.0299461599148356,119500
-2.3720920765236104,0.5761030833921298,-0.2523678151707122,-0.2118749497343945,-1.286824511967767,-0.45863513917128534,0.7789053567611399,1.1168109876188885,-0.14284318141490998,-0.9613120396776245,1.6271631577013927,-0.20557456005958788,-1.6979726008355216,0.7549730131244743,-1.1325020427949235,0.3339367376500163,-0.5481916340898937,-1.3365492692836327,0.060838552189099976,-0.7093673815274004,0.5792839020641437,-0.3476785350815559,115000
-2.2579860942101,1.6563880623326634,-0.864422659509636,-0.23418573486854052,-0.9822484610185166,1.054408847704337,-0.04243244458442805,-0.4902545283722072,-0.6800002917817942,-0.38947770684570004,0.01899764875025047,0.4685392402783529,-0.8606114796230568,-0.3999786248405626,0.9484093522958241,0.24246824865343508,-1.3137746614749373,-0.6000052791515952,0.6200949299670472,0.8947013451502169,-0.4256402584480619,0.11838253741414592,154900
-4.433492190458807,1.234015628830067,-1.2862296704850704,-0.7850704825573247,0.8965742832414278,-0.9992169948872188,0.4622076807456874,-0.63233789886551,-0.7208629254368827,-1.6265264703500313,-1.0537165146328873,0.27041796361391285,0.014950292771756612,-1.403843851101112,0.7450662248658754,-2.3876486698114014,-0.5426881045999015,0.24376683939359511,-0.3871766955611385,-1.5794624055114894,-0.6959271100507046,0.19429219306026368,93000
2.0114010040044388,1.3354638363604299,-0.9587486988560943,1.2491139668135123,0.2822868661522773,0.5067091638992421,-0.560209110843442,0.21773708343886394,-0.5619815214180708,-1.016739243754433,-0.620976939039889,-0.45617026389317045,1.0229727631545278,-0.41333423647768247,-0.884461757620618,-0.15640241320087045,1.4850668728835317,0.12089052223844801,-1.0824610186447507,-1.0811401504363622,-1.1767141830846033,-0.10936374337909371,250000
2.256209593767101,-2.806329715677839,0.21342326828913963,1.4383381313970047,-0.09025519251268632,-1.775415494461733,-0.9286611418228853,4.252667350028997,1.807237759307725,-1.2782265680223266,0.6598529703643454,1.7456011173673274,1.9377560523106265,2.918433937365117,1.5770871425379398,-1.2721081194685675,-0.5087058656294379,-0.7764346990627592,1.3151046085886202,0.13540146040255782,-1.012894524474021,-0.11615250666944336,392500
9.064789820100977,1.196222469855612,-6.441892781607727,-0.03529024860302482,1.5100886391191797,-2.9515135761092237,1.0418413787022953,-0.3745580439348685,-5.661376233823401,0.26660786244699536,2.5096046049526164,-1.166755721670172,8.42076125467303,-0.6355960655659988,-5.0196550365321935,-0.5995821246439619,-5.887335870652938,-0.2734495250456772,0.9565801660057338,-0.5913429380675891,1.3181999541528535,2.1398643312961676,745000
-1.793130906003159,-2.019132468700344,-1.2085619242463606,-0.1680028347607248,-0.030423000531428948,-0.2746016664591152,-1.0180874907476065,0.059408292091515894,-0.8701612122089243,-0.4675000215567752,0.3314749484508962,0.29916925563633384,-0.4310160632231184,-0.6937872634769551,0.6101554531326346,1.1708776832405954,-0.22683724897689103,0.7743843768250386,-0.5948886476318783,1.1829889513047536,-0.6506987944276087,0.524426853076052,120000
1.948489613680406,-1.8910270130113247,-2.5324516459240036,-0.3046634902465572,-0.5281277836101503,-1.2575675864822204,-2.1809285040498443,-3.8448874888313966,2.679036016948963,-0.13568657929042768,-0.24268691533813067,-0.17072204793050097,0.18986183116832647,-0.3072110564821584,0.3949764482625244,-0.2992202138486158,-0.01972968600610894,2.4972638979440434,1.3541001627574205,1.2269692308951339,-0.4505371104799993,-1.566528756394337,186700
-3.1599386681311796,0.5697538163510999,-1.9871949736912569,-0.6976588220633061,0.12775971046119197,0.5839634225822389,-0.03038699470497524,-0.3426195365757809,-1.8471602609826479,-1.4455120933853287,1.588494769017442,0.7359424886225255,-0.6018014767099484,0.10732471066135729,-0.3622915725466609,-0.9191452699986873,0.8904441818096669,0.5627806733161317,-1.3057861654065754,0.12265358343454819,-1.0001197645679354,-1.0589763819843763,104900
-1.3121195394618637,1.919995198059971,-1.3513275780214125,0.8922905010352303,3.9806575113642864,0.8956452280826971,-1.1918061574419148,0.8489104937312848,1.0576114400323822,0.7515971183968202,1.1359781453810858,-0.8002150408910603,-0.5122544777729432,1.805584331437666,-1.3750027070153206,0.7095775602801142,0.21978766593587065,1.0869876002181218,0.8265498549161269,0.9805844660122863,1.2123129724074448,0.12195706016592449,95000
2.057689320868374,-2.5610070047278293,-0.6922285539468672,-0.6046810951320042,0.8334283480424277,-1.0013493716529478,-0.39972738847188233,-0.4385530248104286,-1.6399018921893633,-1.7327394215464085,1.8399156743443414,-0.08490788214665057,-0.6683488849043413,0.618262891519688,-0.44639099286880557,-1.460281180671233,1.352260357286171,0.40713963983518714,0.6739100005121903,-0.8525324806263617,-0.8059291341571221,-0.31890055027141223,262000
1.2912619267126213,1.5877217840321773,1.6204647917978485,0.64939268138225,-0.5190636598547116,0.6355559764882046,0.5765977170872374,0.03057335396901376,-0.19726582237778095,0.25044764184843926,-0.767547855667314,-0.6994148911289184,0.09287243459397457,-0.0009154934584676351,-0.1892704840798877,0.043316362434499045,-0.17911268617383636,-0.5565787835267632,0.580598620937149,-0.13252558649408688,0.19177751356735148,-0.7329838442046215,195000
1.550007362370481,1.554530857922053,1.3954878702158524,0.4197883659275159,-0.5657076300090326,0.9377842337839853,0.9624690286549126,-0.42721086204169767,0.06705463247055589,0.4787985337071449,-0.480133297040103,-0.2520658184667238,-0.10042956593691406,0.09194096013049105,0.24754564058534173,0.11566718845201239,-0.7585384151254894,-0.3563085419612545,1.1562342302088133,-0.1311258273044825,-0.49265059020101865,0.42792418576580143,189000
0.9773139708631583,-2.076281844986129,-1.515176974996457,1.6981907473319262,1.802342159778486,1.1465738546345279,-1.2461733078129131,0.564124953813783,-1.3252168234037607,0.9410826322869615,-0.09092437759857248,1.0660540136356258,0.21019913203021484,-0.6717741702509502,1.6760419585257602,1.6918479899223524,0.024302715266206896,2.046702759409845,0.35049299963549696,0.8054327333607475,-0.0915243504618644,-1.2097141482719922,168000
1.0608909146039447,1.4979093626135493,2.8401484332877938,2.681101751548147,-0.2767959552451166,-0.9719411885367317,-0.9951283503289575,0.40298179320264427,-0.5455966154150892,0.501118288376909,0.46712620027654245,0.8599343537881062,-0.5159549371526327,-0.1684299818723121,1.406402692324484,0.4398127961693321,-0.8525342726833515,-1.191035566349008,-0.49407908333127676,-0.09789139418074846,1.476630458733487,-1.014490408870428,174000
-2.552647661624035,1.5044487907521311,-0.15337075951453955,-0.6959910667526188,-1.3768600820585206,-0.13580067758777037,0.6137676825868186,0.7138767831445076,-0.5174401033221598,-0.5702945752738329,1.0912387700123316,-0.03567982942683196,-0.8845297558220802,0.11457042032849424,-0.5526997473829718,0.28986868486940187,0.0333473454652446,0.3985163901729056,-1.0408766541406473,-0.4236794328656799,0.4239751973106487,-0.3266503123134934,125000
1.2092850492780998,-1.648487833648651,1.2590975598739012,1.5074425133008653,1.0744920901435917,-1.1443653793608204,0.701604990256437,-0.8064203790258703,0.961527093246784,-0.47141098849757995,0.2270094685338104,-0.2811166794697491,-0.17301903302602564,0.6801798748432748,-1.118124582488574,-1.5673149526019552,0.9517458007422503,0.6760930224011921,1.3077186104601206,1.8395773317751765,1.743297483089579,-0.5836647798718037,165000
-0.7415856344500601,1.068391370719243,-0.912531810848407,0.9565367756772132,-1.0535547131387304,1.999118827414635,1.517606579661203,0.5930185370832304,0.0336716191131381,0.16274035392161681,-1.3185521419510855,0.14333424680960635,0.05650457574641207,-1.0430219389673892,-0.4388238350276255,0.7446985280261845,-0.6977391107606644,-0.45379313131780524,-0.393625333418958,1.5433829692566055,-0.04346814576174452,-0.7444659366552959,158000
0.41099571516773664,1.4752914342569268,1.8991837129065705,0.9965808445675058,-0.586696271593598,0.40033860886098743,0.09838861035726179,0.15247440798417194,-0.49511074659603693,0.3506957496082982,-0.6268856442439599,-0.784794897164362,0.2904362801566503,0.0029014700606594043,-0.07661603569651522,0.26674564829178665,0.01770488715214883,-0.3164471285611381,0.20300736057883853,-0.6412361187506991,-0.31163210011154185,-0.6098535407933615,176000
2.309645956953726,2.201177928667781,1.107593976990031,0.3044326108026093,-0.7791152499848023,-0.5527023153315452,-1.3741041974989068,0.5473448051482598,-0.9485984577462925,0.0298232153390888,-0.38221272122542976,-1.1362906148537675,-0.3551051332284954,-0.03467582504410152,0.33700956392310205,0.7436017676733501,-0.07982001020381703,-0.2555417766223039,-0.094608169151604,-1.15315735071137,-0.5267687411549542,0.09165008833585107,219210
-2.1317894496911256,2.493563435871597,-1.483934282764354,-1.4823176284210107,-0.3779244933381384,-0.051037607830671704,-0.6953881977568179,-0.8239315557986966,-2.538277937535907,-1.6650125301338812,2.493878604743031,1.3500416794644063,-1.516376075885788,0.3718324253489367,1.183430366834115,-1.5092033685872803,-0.19188919455564432,-0.07489143169631843,0.004939300059962871,-0.6346013494323177,-0.6566309089334396,-0.6040068051910721,144000
0.6669976138422833,-0.3270382808973548,2.312674013857576,-1.412834335374936,0.14169914952614987,0.7310706095070637,1.069527871755962,0.8045423572644549,-0.6629764047900834,1.2209794250334092,-0.5085609606759396,-0.06733139905794977,-0.030735244558865706,-0.3932477262438046,-0.04029065571095478,0.9996215036138233,-0.8040558513852548,-0.5720095738807908,0.11231634341431376,0.1817803475047191,-0.8994563154809463,-0.9339684384557527,178000
-0.6416707812895043,-0.11280324133026652,-0.09217206997514903,-0.624278907361122,-0.6882269004232314,-0.754930398979773,-1.8851152227580488,-0.31869389243574764,-0.20115454807302047,-0.9527309539322588,-0.7959394375817925,-1.107081146281881,-0.07474756792155726,-0.49728312806194674,0.0021460874525539918,0.04425279951238482,0.26906973285369623,0.005881479808308081,0.31231256184610295,0.40073644063795244,0.22055572601432255,0.6174625007492295,148000
-2.6902027083884876,0.013918679456182616,1.1862455377468208,-1.5397887960231444,-0.11826036633089171,-0.18477448660491905,-1.2568460976527835,-0.05664103593891037,-0.4924031321476207,-0.1693616047414429,-0.7276637422339002,-0.6616720493134673,0.5235144978360481,-0.5741293365539815,-0.12932401220196985,0.3430569907561489,0.26953398008659973,0.16790639767860402,-0.5702705777311455,-0.09669822173759995,-0.11123333048891501,-0.07454862987110832,116050
1.2836809680178063,1.627220400059485,1.2599626575267953,0.4461548059140941,-0.4066087078358734,1.5034970640232488,1.1531103716159739,-0.09784768516062363,-0.4784376313614477,0.4841568556284372,-0.9381795419537635,-0.3873768076105012,0.6316716239449667,-0.2713051731786631,-0.0847574717477833,0.13454943647944745,0.02664635599170883,0.08314772043104793,0.22925281978715528,-0.18411378713275892,-0.4116045293803749,-0.6981301168575584,197900
-2.343423029059119,0.6646058577232895,-0.8804143701759073,-0.6386016271993444,-0.8958818673144222,0.6829571651555896,1.8105296312210841,-0.23561890978614763,-0.8357174054514228,-0.8527585833243544,2.2902378857061567,0.8864763366365401,-1.5815192887608236,0.6780925135040102,-0.17117607613375882,-0.5497419237366737,-0.5052110567078714,0.08937782212019887,-0.25100507876457673,-0.45140023757217185,-0.28761573985158195,0.026398460759413385,117000
2.2150375745545086,0.17846634374494177,2.202896422910651,-2.4737671246060304,0.04544156933677184,-1.2423524982938685,0.520590032580842,-0.435111014460759,0.6785535659568784,0.2525390037497898,-0.1584389214569291,-0.7396617064428193,-0.980413893850386,0.3088685076512178,-0.4011422659082711,-0.6912981340919384,-0.5408465846186029,-0.012286659793862426,1.577154176712286,1.248351911143209,0.49462719934853305,0.34023027306896614,213000
-0.855047229286429,-1.3002436829211494,-0.4115946006701043,0.3161449094291654,-0.40422554617692985,-0.4815193524287665,-0.8665421262181084,-0.23425369872624113,-0.32818514931790504,-1.1679078756154933,-0.6214366748496135,-1.3544066738016347,0.2294471664949495,-0.3003556112076035,-0.9230068906047593,-0.12340390261969433,1.1366580463089329,0.3226263507089042,-0.5001842696929338,0.5843419865777962,0.10215743769831816,-0.20918498339936567,153500
2.9005425427720564,-0.6631622857803939,0.5971780969642626,-2.9276888232709677,-0.048029665137097055,0.3987306742049638,0.9604657520849316,0.07761324920543199,0.5435327380866913,0.807722806021751,0.5717951070400906,0.5270615783678512,-0.6868844263970604,0.4195414284551161,-0.29220755377709184,-0.029317153359544705,-0.05032177416429776,-0.015124310709056149,-0.44726731769955036,0.48511615254639967,0.696361633345549,0.784753881215921,271900
-2.249267883983374,-2.342797168289206,-0.27025596879110025,0.3084320548538218,0.8885001469750826,-1.3137504035244862,-2.0160265822432524,-0.09847278111317613,-0.4771506411418892,-1.1698454098495463,-0.571423559455864,-1.2145668849782258,0.026444443960224013,-0.20939376240292867,-0.3018861140784589,0.16959133685986355,0.41955141644324706,-0.5538366793325964,0.38201659181046194,0.05961976200341707,-0.22901236591006177,-0.25545086004864426,107000
1.402725863112802,-1.1061741528500764,1.6241796286929908,-1.4065541477404924,1.0055840945462815,-0.47368444442574237,0.2215758492030317,0.30028528465646903,-0.7816896302685035,0.3299678811755777,-0.11749212459421834,-0.048627515741152635,0.19727751926910966,-0.5034943807189243,-0.1930415518901343,0.22145289624317988,0.39046085447142675,0.23251900412470047,-1.3614013446348312,0.20741836688219192,-0.8695682818242062,-0.7595467700401105,200000
-1.6607491054188928,-1.3438956501329302,-0.3680569418675651,-0.30419518990769867,-0.45424425596766616,-0.0968576823161908,-0.2686178766398148,0.5751694452638406,-0.05218150337060939,-0.308797524286675,0.24079453395028658,-1.0419507610624308,-0.6214906503684934,0.65273443930461,-1.1024260421073437,0.827053198118409,0.2551049773305828,-0.8437494219518465,-0.5069676681356514,-0.15996013230854736,0.41596281744850677,0.1448131539232024,140000
3.0381067451168287,-2.5387577800099588,-0.03185629317968598,-0.17260335055896175,1.0026662323888642,-0.5728128156369506,0.04334137361275287,0.588953467414122,-0.5503500563223978,-0.43347028006812816,-0.13628879989471776,0.7196116976669429,-0.006249594907740513,-1.1802449789606888,-0.02447922990957271,0.08884990244614391,0.20398515195129235,-0.12863569722484905,-1.4369022761564394,0.4183730358314143,-0.414150129315015,-0.11495985826254779,290000
2.0672308576808236,1.2609233895500769,0.5629581275351316,0.34593235780929915,-0.5154009928863676,1.1671126963900402,1.682504195687426,0.5929739972754684,-0.620919558277793,1.5744569800419317,-1.041394357828178,-0.460037863847356,-0.4227074528844998,-1.2596587444971048,1.2539385289766727,0.814126759137737,-1.6080799069329776,-0.2310130972975502,1.191509512741814,2.003637721691255,-1.2960108671629325,-0.8264175082053486,189000
1.5178885394938926,0.6020138848715689,-0.8066809890047162,-0.5301912488517962,-0.5674747215116678,1.8505115076959404,1.8102051941126052,1.9062677281925307,-0.2497422766922624,0.026832401770661866,-0.7863066391387726,-1.0791394548275335,0.028315112777237108,-0.06546196039104765,-1.8593249152130198,1.2960306333231129,-0.09471715810912794,-0.7498767800767214,-0.07181751534360842,-0.8785603802913711,0.07260202303074317,-0.48280097642229197,164000
-3.492609255434115,-1.2929621116522905,-0.050711655651361875,0.19071254079521766,-0.14949460145026774,-0.16711876367538367,-0.1274905614156889,-0.5098671599547412,0.3748295283302891,-0.5029384135548711,-0.20510251179243116,-0.8892063196964706,-0.5016217979028109,0.27066037104579055,-0.5297091875586787,0.18201839219557414,-0.17891220287463905,0.20938923107096816,1.1189817973489533,1.2802170134071458,0.562210469059614,-0.08380454790923467,113000
-3.631339211717012,-2.8388888378234127,-0.5003432639502534,1.458652300140831,-2.7556427319325354,-1.2417173973943254,-0.02238581062727423,2.717394295940073,0.16815429148203154,0.36117436881116155,0.6011722627703417,1.768052732397478,0.35983220734065824,-0.45086324136369993,-0.7015474343896433,-0.3636857223341309,1.2810668561463128,1.338399424169684,-0.029732813771063325,-0.268891335116254,1.2966557794832159,-0.1049028799300048,145000
-1.95868941946541,-1.3939281122118814,-0.5076378715502075,0.7821377724069467,0.8136671111265957,-0.5936870993988347,-0.7474519864066993,-0.034099024455508026,-0.6544320277197617,-0.3480567852393817,-0.5158914234690906,-0.38827824233926705,0.3115675555983491,-0.4952382553378549,-0.14089477143055715,0.18137113271415467,0.5578985956307213,0.8593941454137551,-0.4470633554081372,0.9470561498122999,-0.5842004270658212,-0.44812178407193537,134500
-2.4484088102114323,-0.6918860241002567,-0.10642416189588194,-1.4042955287964858,-0.2297707551525227,0.6133572879637275,-0.6563399475777923,-0.4289006783041866,-0.5696787860110686,0.8674871243399292,-1.289751393015037,-0.9084738714204238,0.7534587602004333,0.454278286365592,-0.16461694758715864,-0.48100442697436246,0.814434625335099,-0.537297521498694,-1.0484568485777195,-0.2544013041826182,0.22490327267117863,0.49410421167378016,125000
-1.095409152253739,2.7490378264531774,0.10107238793578519,1.3180969730393397,2.5538325489743476,2.533914087390748,-0.42771840098644187,0.9229510119652141,0.8268012617767578,1.2187124107949454,0.3998997222119255,-0.5841624756841031,0.5504008218158142,1.281516948827285,-1.660288708635758,0.8510399987265583,0.39945154416078965,0.4462687726482516,0.4676619555686502,-0.2961986794462121,0.22556416656707332,0.4144097922633465,112000
1.5667039593064704,-2.0368573728997834,0.9585689093534077,0.21351005209691035,0.6964842128435975,-0.579914890040471,0.7573742622553328,0.48218029938933704,0.07046598614650736,-0.25937873073192236,-0.10064004955906056,-0.9742821022868523,-0.42020473158285754,0.38561835337237854,-1.2819902848142284,0.015617912674240743,0.21393642073335925,-0.8245512780077174,0.7682580986455231,-0.026118847882355835,-0.34151256385191914,-0.6132871845874933,229456
-5.344829737061112,0.9187253400189563,0.13405831126296427,0.6487311998300532,0.8745048828645119,-1.7128814901048817,-0.23936839018586642,-0.008004029716637013,0.32701532939913036,-0.7713536877819553,-1.8888949158149642,-0.3651894194263182,0.38705683854323436,-1.4743615744615275,0.6861009791891365,-0.844694943957722,-0.8311961098273218,0.06980676285989865,-0.6642459451978427,-1.1290948146872362,0.1573601443317495,0.14896919436695102,80500
-2.7339621501650306,2.2993299715212125,1.1442942058074541,2.4174705875463665,1.226137593687475,-1.8092908690453953,0.740267717387204,-0.20673607064119004,0.3305672701455036,0.1452510834657397,-1.6477948271054847,1.390432175651148,0.3018856379747288,-2.0182332593095955,1.8373642945705075,-1.2941131758028854,-1.358650092407703,-0.0056102157561769015,-1.8283587453575194,-0.07551466480237423,-0.0011463952030700362,-0.5441479254106443,91500
-2.8701974686372833,-1.3436711685360134,-0.1777644925423743,-0.5548562941238168,-0.6161371290642879,-1.010553448433264,-1.7945983815411088,-0.15395284875106238,-0.9576076727610136,1.4948821821686387,-1.0520688501017355,-1.4341244699324147,-0.24420810881273772,1.2720194205457476,0.7203119130550999,-0.5326398770072659,0.5007790406491821,-1.36857613481346,-1.0256238022037942,-0.4078073045838543,0.7398012392126441,0.48298714193163156,115000
-1.9947154910601088,-0.7055732999087784,-0.43790577429131705,-0.6879526480019131,-0.553178637151198,-0.24518028669696104,-0.6897213047628806,-0.7361867418835341,-0.18969199857920527,1.4480977519580251,-1.019012741102782,-0.8802335445709397,-0.31863322549965734,1.081286086213222,0.579372775916733,-0.7097019812687606,0.01984279372107682,-0.7493259754007285,-0.059107920983040595,0.2150898793091052,0.030585878378874422,1.357147533252427,134000
-0.3484272759491575,1.3026156091937424,-0.3560772511143597,-1.087507468805438,0.19758496989082552,1.0747182327282574,-0.16050284783308463,-0.6264572218797139,0.1848308312300523,-0.3574516427450415,-0.017965343811740964,1.3139468050847571,0.6106799330044561,-0.875482392811376,0.3601971643546965,-0.103454778218847,0.12695798258507962,0.971057869269095,-1.2888454727261118,0.1494909377789463,0.17909849804387207,1.131251873272479,143000
0.8376942537407961,0.19859629798773165,0.37496671693560424,-3.2790758032830696,2.1436276647836077,-0.7228728437053019,-2.3221399009417736,-0.29406065306294427,-0.3133081937591891,-0.4509541245922035,-0.6097915279289658,-0.32932051724454264,0.22279729989124938,-0.25145087478980466,-0.27534741189580064,0.05931295311370079,0.39801055946427827,-0.7748540710412833,-0.06359845255900434,0.5985289900592271,-1.1819761888599547,-0.19729607625687864,137900
1.4666976138238224,-0.35095105060043746,-0.1766994306237068,2.1718537458413087,-0.08635122501616532,0.7677237128308634,0.8216637270272861,-0.4454971688767214,-0.3536979542764406,-0.22976948310970222,-0.5826157741205584,-0.5054053380244026,0.5477821429646682,-0.22246336776425413,-0.06620253538176146,-0.26537132916501394,0.5958415623229657,1.1131634695519323,0.317527821165629,-0.6611073700658777,-0.846658525405834,0.2318350593659451,184000
-2.4913589963032683,-0.29282609733766657,-0.9306262811958383,0.3919003432308073,-1.9548825253271116,-0.4613474488530966,-0.7597068003274994,3.1121024741316856,0.25657187464494197,0.9877772202604945,-0.3013453276880747,2.1897820982934673,0.35787681971415153,-0.7126896235398144,-0.8441531310254876,0.01605850139186202,0.6435309075078003,0.25284189403259016,0.17517224044346152,0.551337496274694,-0.1324611194071136,-0.205087085897243,145000
2.3373736038004576,2.0372656851883493,0.660454213139002,0.09823248494938763,-0.45868425979792377,2.0102081691405282,0.5184260443401332,-0.32831885260694055,-0.49369535279338195,0.30058449514023966,-0.8518043814769908,-0.15656293820647085,1.020013807382972,-0.41778067009342357,-0.04208411258601778,0.12846731645873255,0.5636078668467208,0.8555362968667959,-0.30187004965952474,-0.7976266132373155,-0.5613159198350759,0.2386032793133727,214000
-0.7150870964699677,-1.8599923591340541,0.29349512196632244,0.12707514687727017,-1.2648987586091889,-1.8177264960723103,0.4607933611963134,0.5686766692549514,0.8189929633651518,-1.1660307288651832,0.5212021630702229,-1.5287820056503092,-1.5004812717098965,0.5174793111909967,-1.7538964357393898,-0.24656331609169493,0.4463590922310266,0.08695352668302539,0.4270282873116185,1.4723195109857086,2.4639985496055967,-0.45804766786716283,147000
3.415801854468184,-3.0969218929763365,0.017267065766792242,2.327356046632898,-0.35906731344668197,-1.52557275257644,-1.7066619251308228,-2.46440574295959,2.6978209401865145,-0.6720202522659604,1.6642148897745022,1.7020647330768968,-0.021156264651872196,0.10196594809612987,0.255453537582567,-0.017635815921789907,-0.40685205874142055,-1.1870630057793286,-0.3013531511065667,-0.4955910812757667,2.3190840850778094,-1.5637055183315112,367294
-1.3550710181070567,0.46586863042965393,0.03119383085222009,-0.4078674211496691,1.0910249666141998,0.11434647632462126,-0.8669665109555112,0.3631650884734852,0.16979624412770022,-0.09274660583852044,-0.2825581619472255,-0.19217827145835487,0.20956519429358988,0.11048854111344898,-0.7105845147618934,0.4812929609010426,0.06291586928687155,-0.5030849583834485,0.0717160171639683,-0.25301737890042975,-0.7783179783150618,0.1620525791159122,127000
1.626567310372647,4.079427062221011,-3.31294354958854,0.6493243982993461,1.9357647363624562,1.9898946809698985,-0.6634988128417267,2.4945849248437195,2.8885496699420012,4.076319327427853,8.544613312068297,-7.543073345057133,2.2439516328566596,-6.818844307606699,5.612678817786794,-3.1155604122554954,3.6122233330519404,-3.5682275006005684,1.0002740377684327,1.3203896094404757,-1.031464892100199,-0.02187813881816807,190000
-1.5033733305514547,-1.326338086332829,-0.3159251446018211,0.48141590251624505,0.6197654655703011,-0.18448692072662995,-1.0146849859754132,-0.09460927406626117,-0.33421943129259274,-0.6441224145720622,0.3628638929264074,0.14569757676690864,0.37672880339070375,-0.15837044329414895,-0.49727802210445005,0.33949762757549334,0.9881850990868499,0.6106956287361287,-1.1391230167124222,0.45627057942977395,0.17610704883264966,-0.0034329271099621736,132500
-2.8863487364021823,1.2537322937251987,0.6265972557244597,0.9847883348194989,2.452142326475186,1.5514562505546625,-1.6777975370932767,0.6618388659188088,0.15881551778889139,1.13489643339634,0.5940197038558764,-0.4651503654218808,0.9354296285527834,0.7640616332586109,-0.7497395277355882,0.7529973648338449,0.8595769029184183,1.8092084224381135,-0.13106651058674784,0.06412540294837013,0.7733774936786081,0.4173123873338482,101800
-1.3348991478969026,-2.12826851331368,-0.7356968508219507,-0.137053152651252,0.9584103439430995,1.6333150534365009,-0.10336245317104312,-0.4705841004022813,0.4934908742261454,-0.7231474109333912,-0.29756508881897437,0.16819247344690544,0.39082505933753164,-0.06521411742703245,-0.8719041756434757,0.3846830657633055,0.3070909872752122,-0.7123558953770976,0.4786424082268413,0.4076990417605115,0.28231135591558065,-0.18141051753427492,142000
-2.443918453177937,3.6726199813389138,-1.1023888019859216,-0.2820522842517293,0.618982266261316,-2.5565385837419763,0.8414932265302556,-0.34843258603174454,1.5442589723033233,-1.0998880772839241,-2.0646702000413644,-1.0417212280080346,-1.262891416733953,-0.8941733496538763,-0.03289645105334698,-1.6993318671135114,-1.392063004195552,-0.4035834629882861,0.3245425549743749,1.1408821070008874,0.33010445834842084,-0.11686061943715804,130000
-1.2889813206055836,2.611321879290617,-1.2597651519664725,-0.5850006828053969,-0.337348430018443,0.27639568643349166,-1.2263288801115095,0.02956882852052017,-0.830431166250392,-0.5039264796059019,-1.5328364913476558,-0.8174078879969108,0.08928662609889375,-0.9365204544841923,0.3177760690450909,0.4975529045826902,-0.11327163293238492,0.14307637592065633,-0.6098011601351989,1.1422870001147938,-0.246499041001108,-0.6074908975792878,138887
0.43919343231859864,1.7991259721345263,2.659656012675456,2.618802456982272,-0.21036260586053523,0.6846419553044515,0.701623581741473,-0.5618439328580502,0.19051077003103722,0.6554132096115118,0.4272634638557574,0.3853796347025794,0.2308130053456446,0.7405396220086006,0.43038967461188726,-0.09312792827286641,-0.28969546489489534,-0.3667674628888166,0.9770807935773274,-0.7008712742995862,0.7068906749466582,-0.26760486127677463,175500
1.8168299903935512,2.524523242933935,1.054256564517062,0.7551124925450807,-0.759778331995717,-0.7639973101015712,-0.8003959066456188,0.2396966380172153,-0.7692142499290705,0.08444179444217792,-0.5271909498464062,-0.8670577714851193,-0.28759197246278756,-0.2520452995440389,0.48331937663146635,0.2614545849458263,-0.15186767702957285,0.1386111866520903,-0.22715136976304054,-0.7649157472408188,-0.9242582064160848,0.17917735356478498,195000
-0.2858987511497857,0.06721995430169321,2.1890789353221036,-0.8903072701366286,-0.7031190842893666,0.4292411125255694,-0.21678335865885984,-0.5144754381196478,-0.6510578941347822,0.07574553115057117,-0.7169872498942753,-0.399298949692812,1.0676299604111341,-0.7364646846561884,0.10552575890364035,-0.18758305968323466,0.8979157146113919,0.750872676192198,-0.9497343160689994,-0.5846048006547006,-0.10459286732813793,-0.3962905370868806,142500
1.5318969367106696,-0.9617988514572244,2.169769127271593,-1.292125243340906,-0.10377222546984173,-1.5279341161602658,-0.5901145236025879,0.5229156095027643,-0.3810900468543939,0.12120501124798054,0.44695900450281495,-0.42230883192139224,-0.7728898535809509,0.004737651095868815,0.32547262312720265,0.5071691364158882,-0.6769257984773731,-0.650710085733647,0.4987458298227293,-0.8304864538455642,-0.20389766403612852,0.5065377173578943,265900
1.6016866650126331,0.3688646074938422,0.538255302185045,1.8479363344599988,0.13423132217201744,0.21683312938760813,0.041167488841564716,-0.23481709446325014,-0.01652200644179559,-0.7693691219885685,-0.41395386711940296,-0.6715976620911651,0.2233707750659882,0.11616959426385455,-0.6329802359472364,-0.391863319868869,0.6370480965687821,-0.6501998163466919,-0.13869786196999886,-0.5512784042906954,0.5026943900423166,-0.5392668656779394,224900
1.7473204134637281,0.07096317040593036,2.6935027694968765,-2.700477436256863,-0.06627294197169999,-0.2418808983920429,0.4128503493926717,0.16857267300152792,-0.24965106140329846,0.4162019948515752,0.48103797724321007,-0.42407817936946535,0.1302662474135337,0.26580871654985133,-0.8326005354235028,0.11122267343993485,0.7265946536586692,0.4851839016146337,-0.5555228083376104,-0.3513162385253288,-0.03929229476270106,-0.15095857748255626,248328
0.6407648447515015,-1.694941072758644,-1.2564871290264523,0.7019706460612887,0.39233100436032503,1.0940853763265261,1.2069686565292448,-1.0110723716238252,0.686851449172029,0.28902003322589864,0.2549229029634606,0.3365092285172962,0.10281257180459435,0.7494996630780242,-0.3293221861834137,-0.6017187410815672,0.3488076844698954,1.1764016432721431,0.7844277000897779,0.08020535744247567,-0.17886955138518693,2.1726545214518405,170000
4.9012458565983525,-2.4507002953590256,0.04589724837922911,-0.48134664870130583,0.22792825357739394,-2.132458463120881,0.04922772942191606,-0.16400331350461733,-0.5164333902022824,-0.9826925251301799,-0.06341421860309027,-1.280014865247205,-0.7156540262369651,-0.12668184112037204,-0.3805720721685898,-0.7529105880280638,0.747043591780571,0.5637649788288523,0.7264175423615717,0.9303028625605535,-0.31533691614006915,0.061223375664394786,465000
-0.6625717362980521,1.3775484116951613,-0.7125501156381813,-1.0140321332376805,-1.2937067515226433,-0.153833009398798,-1.0161791264076767,-0.36157875657426597,-0.36828502933402474,-0.51458583453568,0.8687912152077428,0.5275979195302248,-0.5190972437718366,-0.32272405439386204,0.8129849860198294,0.8217198833567645,-0.36997245300878234,1.229098917106589,-0.6295101350854116,-0.214001199707377,0.07911086046553244,2.2580499611040503,230000
1.8891549739757947,2.035766715461895,-0.09522865115599848,0.8514537660891909,-1.5597774234036186,0.16221514389695188,1.0100658165272365,-0.6567327442535195,0.7669260157839194,1.093512901665008,-0.06564049009886858,-0.010076451790845313,0.49360191023008604,-0.313249566533444,-0.2687491576350035,0.5213374738329167,-0.1760312197422319,2.004785757326371,-0.9831119130243338,-0.160606722396773,-1.0324806735152074,-0.9306342142923905,178000
0.813221955517418,1.663370770061947,1.8670160780594878,0.7086714096853663,-0.6223547135821271,0.21404826906775817,0.029041740507429865,-0.3570029449888628,-0.7654604691229802,-0.022864561477135933,-0.5405181746233041,-0.6366225882056771,1.0185587557265166,-0.24700707192448754,-0.1770640186560287,-0.42911601927711357,1.0990718288124393,0.8621882538661819,-0.7693429985889252,-0.878252362214571,-0.3863622374897086,-0.2819377847274183,186500
-0.3840956275941871,-1.573496901141736,0.5292943815611469,0.3432609235070567,0.8198787281110345,1.7378927099820358,-0.14176217012349926,-0.46387814793582083,0.3652993772826141,-0.22452456940341892,0.18897439330270313,0.5478850812948997,0.4040961185042461,0.24349025828819723,-0.5093863816707576,0.4663220307971703,0.3624642811283336,-0.5541713377774229,0.34660816055533017,0.09502512434962863,1.3617632370154913,-0.48012783654556357,169900
-1.3066371408706885,2.3853543847244802,-1.8478967159769286,0.09697970698659436,-0.40153299961287553,1.627631058574145,-0.5165732766834186,-1.5069303405781553,-1.8949832025587403,-1.5250668551305464,1.4179207678340113,1.2191273558322435,-0.5627343608932446,0.28396311466454227,1.0760427305858113,-1.2748362279133463,0.10971996289700228,-0.16724830736212798,0.8148747027018356,-0.16274282027509973,-0.7110340235564527,-0.4303661484471189,129500
-2.8873338018445684,-0.4681035089209798,-0.34165714901342426,-0.6199715880974017,-0.7512149929278695,-0.17215763728217773,-0.23998530918434152,-0.1069710037100239,0.07580422825136844,-0.23996827314757202,-0.22989734637812348,-0.37626951003456494,0.05298879832230027,-0.12662991846320112,-0.7654709066474251,-0.04097456712789936,0.6164683883820709,0.5932319768492309,-0.6770370975557617,1.1071390643411392,0.022275312766500112,0.43079709109537634,119000
2.3208626866136184,-1.3480161151798842,-1.0205765099888684,-1.351831519000297,0.979110496688368,1.331813503187533,0.5724659777859658,-1.255326631460251,0.739674478617252,-0.6274300289440806,0.04775368486106904,0.592460590718097,0.03905626930229286,-0.13191706558613805,0.08714822892780472,-0.10269272568903208,-0.44326482834987324,-0.2736524702121814,0.7824056656670787,-0.211191763997924,-1.1310983899956004,2.0731213435416542,244000
1.2911629161360714,-0.03297804991590602,2.64461367208616,-0.8809826336569085,0.41172452600262166,-0.4368974629879244,0.08915947361489825,-0.2793944489658094,-0.6232937901075871,0.7592302496210468,0.5272678382994568,0.962231884454276,0.5627330209506316,-0.4000617047649054,0.8148518373994003,-0.09802417325920905,0.08802966765448188,1.1020249841430882,-0.8454685069874119,-0.19448575219798556,0.06330918795867475,0.6529830378843064,171750
-2.4144042534138515,-1.375387576966351,-0.17198371751157515,-0.1532863518828942,0.056179415282704315,0.03526144640492965,-0.3061322059395187,0.5738962068700595,0.4828518596199796,-0.29251670936984414,0.3496727394387804,-1.487028249621019,-0.3774348053819592,-0.3853772602486328,-0.43949973303319023,0.7104362037252003,-0.23708930494400565,-1.4289970620931258,0.5606582572497922,-0.02904202188114372,0.10576069011728083,-0.10924781616088669,130000
1.9696644566124073,-0.3333068555142927,-2.7396458427364156,0.8793787987072533,-1.5784106680369914,-0.35674564543560117,0.7206366671605848,-0.15242965011068746,-1.2274949542920994,3.5916343938709177,-1.0867891654597677,-1.4205987401889588,-1.4297784253634844,2.4244280006022074,1.9168116076214723,-1.093223304274426,0.13326671859310493,-0.42797204645566966,-2.1017963431301396,-0.6441609868065868,0.26368575721868426,1.9085060065215644,294000
1.7278018958268593,1.690115276507019,1.3222448527655897,0.9384940982585958,-0.9023311330788222,-0.14076331766456665,0.29938985769952847,-0.22577276975703411,-0.3230409419119242,0.15219036887488255,-0.7031822076259031,-0.6963800895374826,-0.18655988003524498,-0.18166224662421865,0.24834498046516165,-0.18697018304361193,-0.3420605503389494,0.07209448241251558,0.7017153563932694,0.3025202694410474,-0.2023697873578801,0.16160388030450334,165400
-2.0481990570813933,0.5310530649275091,-0.7856394401494039,-0.5102788646381032,-0.9667446460187118,-1.1536437020897914,-1.8943767975770072,-0.8866767931276892,1.0221870421338317,-0.25931714720494675,0.6625483866402935,0.07099523856197303,-0.5463702460407935,0.05768950733364588,0.0060432780316824995,1.1903241876225363,-1.0231164509818347,-0.4600070965790325,-0.14071021694153335,-0.1489384281176201,-0.6182310384374653,0.31161268268230785,127500
3.310812816280109,-2.922840317217431,-0.18274356502400513,-0.7408501724735528,1.299449103079095,-0.28539454578630497,0.01265059174939586,0.3708892084249666,0.18764466772861937,-0.6323239447497785,0.1969529385583881,1.0623448438789398,-0.5756604985760239,-0.8769730336703021,0.2846553320571417,0.16046027003555915,-0.5165969851239145,-0.9747458175152546,-0.43536780689474475,0.3913729091581031,0.839440143168378,-0.10860017552497726,301500
-4.644824917044741,0.646630995456366,0.21213437498254986,-1.2063021408946524,0.10394226774467744,-1.7249120528989363,2.1849024473907637,0.02174322112480118,1.7572636816253353,-0.5608734648418959,-0.8159755412259702,0.06475275476096592,-0.9441502161374592,-0.9291557189881217,-0.28107763269565067,-1.0569813287914938,-1.5083251041880044,0.09932552058045144,-0.2780185313723517,0.5142307731568868,0.8857163710875097,0.5448313282374586,99900
0.3721084862205953,-1.9012949597198279,1.3436798453244467,1.542179709195631,0.7035425591417453,-0.04351045201997412,0.23937240909031557,0.6908325313171665,-0.5630619253233943,0.28898815813838774,0.20513404918413738,0.03301735108663175,0.016964126082547888,-0.0014328464358868075,-0.02225096294229043,0.681921913456654,-0.04997759007890641,-0.3534224899184894,-0.0811352628704672,-0.6479300028829025,0.17331408702695034,-0.8501430145967747,190000
-1.1396565308710151,-1.7002589886300463,-1.6810992905316215,0.6456082855476547,-1.6764874911876313,0.2577893603929033,0.2391857370139908,-0.2356894195467286,0.18054582947518272,1.2982182160335365,-0.40110019307864536,-0.9050472737474657,-0.4835956845951976,0.9139425868657145,-0.4085005018117486,0.4899507800750473,0.14695636921216787,-0.9268353737851608,-1.7617461773370962,0.4043979294649974,0.14131836442524576,-0.5454533450144378,151000
1.2481880244141754,1.5613428873450013,0.7740913938275498,0.16457605307451884,-0.5964408944582444,0.708346582491482,0.32808253381636393,-0.45418349357082577,0.17483522914405805,0.22050548828884817,-0.8143177468418535,-0.969684145401199,0.014841307478514122,0.06314002271430993,0.34075351665133435,-0.1951891869709104,-0.11972960135036145,1.0555081050146937,1.5092655202586205,-0.8365777038213261,0.3444696607599466,0.1166219184449801,181000
-2.6271615421250423,-0.9916658006518076,0.30700840736894275,-1.1361497413590491,-0.21271627646896923,0.8211886785856575,0.0010797392639341483,-0.19799807554667478,0.33247693316243027,-0.37737778107334025,-0.19852070048557832,-0.08723636277286717,0.22952035085016706,-0.22763530694508954,-0.45714825421903743,0.42505632214971284,-0.13090355610041346,-0.20377508275279385,0.41765465012768527,0.1643028477586979,0.43990246636407754,0.26493134700366533,128900
-0.09978660675974732,1.101650299952442,-1.1642694052050213,-1.2577166919914116,0.37878238335955766,0.2273249594654368,-0.38888659655125263,0.1964702757700992,0.20034562423156513,-0.12866074519904147,-0.6719747848678207,-0.7136816925162651,-1.0475225444788459,-0.09376486184110878,0.06467580687788839,1.0484825858560805,-1.566608243369458,-0.981338275994375,0.546909387221516,-0.24097671741684284,-1.0270895326639486,1.360360327768841,161500
-1.611955307139654,1.8832310498582785,-0.9181317859899949,-1.0309453993838156,-0.5386753905672508,0.3997104052955552,-0.9778418821451822,-0.49121140551686143,-1.1422921285710699,-0.7310276748609903,1.2265422531039576,0.6205651797820274,-0.8333817846631185,0.20049499341450439,0.7962949198946961,0.11757401270217073,-0.24038699507750344,0.45232642423028285,0.1881721629437328,-0.11844093684942804,-0.08323982940551726,0.2764446028662713,180500
0.19923396754547743,-0.8895252456547492,2.5637846492145373,0.7992728619362699,0.9900437697070473,-1.1059139966294207,0.3667826772804775,0.023305561032774175,-0.35710113229264584,0.9147270064612905,0.7926058020722206,0.041254919173440825,-0.49988891402075897,0.6383588430357059,0.285047271414692,0.3079180829354631,-0.33361707598563595,0.15575162249318186,0.43614721499984827,0.38709041384769144,-0.3825826393124706,-0.6165485850917779,181000
0.6149888086519746,0.8330894171589351,1.2435735786649387,3.553702518439654,0.42537690638705883,-0.1983763058297557,-0.3345680913457732,-0.4952344781164613,-0.5899222261072625,-0.12468952845863249,0.2909271794674151,0.38779241911042056,0.7920183585943851,0.06376645401964642,0.22147745951972256,-0.4358817708022181,1.1026122580168107,0.7449733756745219,-1.1786423623909112,-0.5113815546927736,0.026801891425873157,-0.40287482298977867,183900
-1.5004351039622708,4.58116447934978,-1.5226597234932988,0.5641310534509039,3.0578756036532937,1.7788642892834632,-1.279232529554242,-1.1620015615530206,-1.2058793959362146,0.09608460985356067,2.3384415395765994,1.8710405252125228,-0.3852266735498805,0.8618413958623042,1.1860258243489348,-1.636640606298231,0.14788863385724216,1.3597838411748722,0.0549182494228032,0.5082444222430974,-0.486485211901282,-0.11581952673062021,122000
3.493835875842065,-0.16517500870374868,2.5015902773986753,-3.206934032716082,0.3097098466850139,0.6806262799089879,1.6070738735943437,-0.36674690037062824,0.18041694700086514,0.9631594712761326,0.32652309318873274,0.26877168012839414,-0.27914741054830533,0.23849710010839212,-0.07232343806334135,0.12385018607016933,-0.5256173631375857,0.10915773719274703,0.976793480250041,0.012070710597403644,-0.4317524205014728,0.4263993220558527,378500
4.540758785286449,3.552835943662691,-2.117007437335128,0.6311186387836988,-1.745278949719151,1.3533891048207263,1.1114699608830094,1.304652675122678,0.17817742465280054,-0.3795630308160529,0.6708093113273289,1.4580016268588711,-1.2785010429705297,-0.8135451409112898,0.22031516049135746,1.1817237560082658,-0.8586069729005505,0.11226220858420194,-2.0645748970019744,0.3181778847597468,0.9708713222606059,1.0418274508874221,381000
-1.3625511389490732,0.9460579203718975,-0.4044830380793213,0.21619797124263443,-0.2517437993810161,0.557018162728756,-1.3311259047475128,-0.3978760950442937,-0.09742754485035297,-0.9523974108227855,-1.0582112879605,-0.3006014764015058,0.5270697938552955,-0.7756894173723129,0.0964997927214846,0.010285367407770063,0.22855588531839238,-0.4993183672158309,-0.38753395969055393,0.10465183781078868,0.6328248743323509,-0.1958293596969448,144000
0.05993602545960541,-4.383544700692049,-1.635795667014314,1.8258523589231788,-0.36857694702860266,1.2878804070035395,1.2359722577884973,-0.6748433873808896,-0.23279679352570243,-0.7222725780161757,-0.07181675710298814,0.12007686862077786,-0.3769905542459098,-0.6161082053359928,1.0767726681914487,0.7061900796322925,-0.6459677668401834,0.4373555907171598,1.1629806896022439,0.3169519504696257,0.8848805167018355,-0.09599242391147705,260000
-0.011134480573588054,0.3510527812575857,1.040528830332691,-2.767539085910524,-0.33210274457074984,0.42451538798287025,0.2844905281109214,0.1262328091878812,0.4936860203990823,0.22983854752017768,0.6003636736644137,0.06618866394713988,-0.6002274519516277,0.2267421903536092,-0.3839944967158339,0.7779985594121277,-0.7124716958157974,-0.17812537955268978,0.13086332018433647,-0.19219327997012703,-0.0025348222279307866,1.252020614680409,185750
-2.02125892728116,-1.9030269426293132,-1.2835101604271528,-0.1273801958777383,-0.13788672290621343,-0.886581293863005,-1.2807509100129522,0.7570357268998267,-0.897314167971001,0.6607901807650537,-0.9853453192248848,-1.2634568206860766,-0.7040457713762552,0.33573372197003604,0.19174159177528996,0.37345966257394253,0.08807576834874269,-1.1071929912290903,-1.4574729529725527,0.2082865704300106,0.45224768672645516,-0.33013813046889373,137000
-0.5766856706921666,-1.8578898768541847,-1.3581814508404242,-0.24482340573751912,-0.77808160872573,-0.16697440365056604,0.42363473165264554,-0.9803992763843511,1.7848646841025788,-0.292710452436451,0.8829192634226838,0.07967175438311062,0.2997955646630846,0.13112865177530025,-0.9742007658440897,0.7880647473635672,-0.24192473508213133,0.6185210178883846,-0.792590881818538,-1.6180146262883095,0.48442028461146713,-0.1399952832619378,177000
-1.0320109862814273,1.4166104792376903,0.20580515530761878,-0.43771525742721384,-0.8224834944329888,-0.5749197058241877,-0.37085928003095375,1.0975862647966947,-1.2543774756475445,0.02099249282369759,0.9535825463764663,-0.13489685153337005,-1.4563872716833846,0.1949781723095536,0.3084501702888734,1.0646832281514989,-1.0127649369596705,-0.42492346350240096,-0.01754469606025889,-0.16701088694664465,-0.6945102763268971,-0.1295887098490984,139000
0.10029746598968088,2.981665646007928,-0.700795546907105,-0.526732536859659,3.333120014575591,1.4812449348620338,-2.5543266490308474,0.885422928238447,0.9598075622897746,0.21516973235889433,0.41499951759611997,0.4438981406366829,0.19569180097636246,0.1899969016130449,-0.9855769768342496,0.4453231499573862,0.4187582874879749,-0.059605438596266096,-1.3740341176762112,0.9593705951131722,2.020019644078787,0.01938302725220098,137000
0.1381862221049576,0.3581229497249609,-1.3602324906974386,0.8708458652723522,-2.2944064601411496,-0.6107312032249907,-1.3052333279640662,2.499661431098545,0.4145488333027634,0.5705321325726854,-1.3895135413454176,0.6961125817481477,-0.3859195497156971,-0.34463671508403565,-0.5071796538023976,-0.32801071342263455,-0.19337421240595312,-0.961739624463113,2.9016471926395737,0.985293416787632,-0.09084573390591424,-0.04845239643679293,162000
1.0224468503091755,-0.7901769010915743,-0.20323558269533212,-0.570149331376311,0.7210038358330151,1.0147065732059213,-0.3603549156183294,-0.979264981372846,0.636427924936414,-0.5065512546433246,-0.1490476234785931,0.7978176853418706,-0.047476961339184075,-0.43715481515990645,0.6714945880442452,-0.03724299861071085,-0.36184428651935274,-0.3382836441651828,0.07439917214260952,0.1557103205793687,1.2824230626309998,0.3614808661892359,197900
2.7105011541101955,0.17894533527057618,-0.22010036843553565,1.6016481040090726,-0.030199864807119076,-0.2305776902177418,1.0335039210809667,-1.114632930153863,0.12711614577580654,-0.8024241736217864,-0.41175048192135877,-0.9415771405411455,0.23293478893255135,0.24402333545415275,-0.7016794249327764,-1.2833612176278382,1.0291992325039307,1.1695345171025342,0.845115113281882,0.3336681080642712,-0.6139416787120723,0.6151990926978151,237000
-3.2455949910526627,0.6677651336139815,0.2669876751415803,-0.8853466579712473,0.3102764348068923,2.1525556898786475,-0.156191187237433,-1.326451740282707,-1.1575601848478845,-0.3776189917950201,0.6931135743539452,0.8074382552484172,0.02977354410465324,0.4654052835508339,0.5332704388601811,-0.4392609902957412,-0.18183185120859294,-0.40675852964332426,1.6392747854835916,0.44456247908512697,-0.12840016188502915,-1.0395276773887467,68400
1.2624053766185228,-1.6816538619417383,1.1351296613623003,-0.49448497477704656,1.0847832120968552,0.5374047986187092,1.2316569530532104,-0.41616167552410144,0.32850570884107366,-0.10360379699989808,0.09708590703440541,0.008936851082866038,0.4462769551834064,0.19526752184386295,-1.094289196586689,-0.44814675980761987,0.7872131806048432,0.16633784039113722,0.03440749803089868,-0.10431289401610384,-0.48604841557430295,-0.24787938517954666,227000
0.6918472494865067,-2.2866394205250518,0.30117176319829553,0.3735351614276977,0.2186376782883236,-1.5240472075178462,-0.9725970328582093,-0.9433606676701453,0.41833429591988236,-0.37616647165974537,0.8067078694585451,-0.08203098666262731,0.11707996393192456,0.09479527259626219,-0.29763112760375077,0.16495145929768257,0.35401224648884116,0.5067167975092135,-0.31502392293372955,-0.7188008619322894,-1.0768021638656322,0.11450821713820433,180000
-0.7235211128495017,-0.7619212331891386,0.038934451304355126,-0.6191189902806086,-1.6422292874512416,-0.6594806626365941,-0.26005298586817566,-1.214146494449045,2.8108804111467887,1.5244353687800658,1.016274478505811,-0.42049883455244735,0.12586106151978751,1.2289450553031707,-1.7966700024964386,1.4368867290652618,-0.6128377845037544,-0.6455639717360787,-0.7346307136462558,-1.7058807012743038,-0.8510949481371255,-2.13254562015482,150500
-0.8728978085392377,4.3377118358526126,-0.6592261367492277,0.7858637699264475,3.65646310021182,1.0676977254403621,1.5167173381598915,0.5117633606839224,2.086687781643141,0.6009646092177036,-2.195096601244941,-0.46580747971698055,0.3283671060687246,-0.8446806322613759,-0.4264239696516725,-1.2894975991813482,-1.4296617893923582,-0.46815587799240327,-0.4384956799139216,-0.4341859210845675,0.17267088402323091,0.12070783380069587,139000
-0.1461519346059133,2.3336578482375776,-1.1914266672322233,-0.5570637951563677,-0.9340912920625859,1.1183110588005811,1.834786664196808,-0.2777995784354262,0.9051400611645463,1.0404673102481912,0.7358584929724911,1.1005518522035467,-0.6536778887690914,0.015694814018010844,-0.22285790507893943,1.2469587637938566,-1.529855361502377,0.33047477825426264,-0.4791089665506324,0.14084587289955697,-1.8054920373577514,-0.5247730362037639,169000
-1.9956032818676182,1.5340920916202914,-0.238984670565911,-0.6818255274265992,-0.452002585019245,0.9915231804117285,0.041379897025620754,-0.4561585944141342,0.24645819372659414,0.023600877695992742,-0.09732177707181944,0.5003923454991196,-0.17714444847188573,-0.24406362237536883,0.0678145247532,0.6498578417250408,-0.7722255358436543,-0.06447989839589854,0.04363811472904269,0.5774802083439926,-0.7308377714866819,1.193134080503101,132500
0.6416740378138884,-1.3115687474856288,-0.9670916433084614,-0.4585628366932587,0.03217470712467427,1.499173598377871,-0.44975417180364397,-1.5167131045467228,0.9187326346529349,-0.7800934788875379,-0.5146303306517377,0.7417911724636757,-0.1294189626533088,-0.4092797214281901,0.555564691303344,-0.2987280365987634,-0.6723543971060343,-1.1180081020881845,0.4413965623631487,0.6164920824812242,1.1648207950439806,1.693590595950139,143000
1.5982879499433182,-0.483241986811064,-1.1644220769557991,-2.290279337067305,0.10665080856391129,-0.9081288494119611,-2.003806258792655,2.301559856153595,0.8486928254675943,0.6106345144397602,-1.6789877096071886,2.050199054025703,0.501218271762415,-1.4371365930859685,-0.5737957327409231,-1.706053484042255,1.5509084158266393,1.2672424527747392,0.8871763907620049,1.8030202870820669,1.1727204505836293,-1.8398682089825649,190000
1.5568059980737103,-2.098423046517686,0.918086397069011,1.8513072781502264,1.0538751825048558,-1.237664141599893,0.3517274184011995,0.37204291201396383,-0.07925730249289102,0.37011436043808943,1.0655539539515804,0.3234859945596814,-1.0137340414059908,0.6080554324107983,0.3456934606531803,0.5905454735128173,-0.8406729137712057,-0.4860873733889239,1.1992356910477189,-0.062389105817051024,-0.7783073963028212,0.36069462892736986,278000
4.013150002078217,1.4891982058438016,1.3766421888537645,-0.12106635749483137,-0.5550641600269735,-0.38822594192027454,-1.429456307972535,0.13805809333989413,-0.26884732508432146,-0.6079758894902897,-0.41395301849397,0.46986084409531237,-0.323279371321148,-0.9796327928869648,0.7856576287603355,-0.1628514817498988,-0.1888674842429727,-1.0103447352427017,-1.1136636284679216,0.23630740360742358,2.39947375528516,-0.3833654871272889,281000
-0.9352221339214242,-2.099427269166189,-1.4731597506695413,0.6831908128244019,0.2258218998234148,1.4510936226730324,0.8213652383440729,0.36661951833439155,0.29865470923863013,0.027335666582756872,0.259161032931033,0.6863021440926076,-0.3383859901859359,-0.27758733371708305,-0.2367664848926698,1.1905041779691063,-0.5662536937920932,0.3092262883633816,0.21179023344101816,0.7564632929777123,-0.07406009298755577,0.4893087110705925,180500
-1.3789984785766773,1.868387614735421,0.8924978078972523,3.0246673208273425,-0.41641634884254586,1.1497307776055208,0.9745741467072915,0.10573852539456162,0.21941786768948818,0.7516896871231102,0.17469027186640432,1.4638023975688017,0.24095935452420222,-0.3821795525186132,0.4434838785305916,0.36237922676714834,-0.486567694405911,0.29676514597915343,-0.9133331006218826,0.8638046492171128,0.2118971199669271,-0.32164362924610124,119500
-0.4920675593401317,4.1302353439494635,-0.4584970323054976,-0.8132455118327646,2.9804610840908077,-0.9421075282751494,-1.1823454326157532,0.18226355388169577,1.4478356851836853,0.5216387090225028,0.2623719706381663,-1.736970698661782,-1.5284979059154733,1.6732865782589696,-1.61150452421236,-0.4797143273700993,-0.2614819507061984,0.47638224380196575,2.0002267608750586,3.1235093989946017,0.3688314765317278,0.037975717819491245,107500
1.1274589528075394,2.0202885906832666,-0.6847331263988484,-0.05019840556448324,-1.2799618370203927,-0.14638854282625183,-1.4682438194457845,-2.6135430275821876,1.6927606274561338,0.49950918916625525,-0.001711861768861625,0.04993204152408829,1.3624020333335167,-0.1333665550736683,-0.430907408502487,0.581894214963154,0.05171856576141424,0.9507364574537902,-1.1954299779776791,-1.2753539492259511,-1.9030437380263747,-1.1266737299328666,162900
-2.201014024090197,-1.3563718651190144,0.8778048107792447,-0.4152786743843187,-0.7465678140602767,-0.10797487431349774,0.16318390243419972,0.042218847248449314,-0.5545057719895259,-0.3356550940588991,0.5811368351145674,-0.3026110889715579,0.16491083276725882,-0.16037209808144198,-0.5016272732392846,0.5281613965919961,0.8003377973658667,1.0942684332032844,-1.3837860474308838,-0.0856855598336078,0.29361933440928534,-0.0009630323686768745,115000
-0.9782783943934706,-1.7734212344422757,-0.9501961583910244,0.9559376172483135,0.17657914645558861,-0.7340189510534196,-1.4839186683966294,0.8241485227617511,-0.9061216300252737,-0.8359151871568197,-1.318724315762643,-0.7707342545134283,-0.3591194732582413,-1.262239545453928,0.15786549007664227,0.8776139369088402,-0.4661680177028402,-1.4581228531212245,-0.8116325895797255,1.0977592883272431,-0.3701469975771555,-1.061460210441023,138500
-0.7030206082837019,-1.2828107134860074,-0.8012941381070052,-0.708285237147819,0.7020687651111555,-0.15630359318432308,-0.7142169473676004,0.8843061810404791,-0.9807245965705363,-0.9206470862998397,0.6216935623089249,-0.4340937755715183,-1.2106227199080875,0.2733502940197066,-0.7026630839645052,0.39501481128041666,-0.3187346987822833,-1.581704214745269,0.21806826732554968,0.2628088508692844,-0.13984004969139593,-1.2130962147162765,155000
-0.7763741735635875,-0.9265731558789386,1.971703939192388,3.288395085192288,0.8390623575727617,-1.2197801997525006,-0.6171602916870522,0.14538127768593437,-0.6682426608093553,0.3209465026578102,0.9693857729980274,0.03512090450054992,0.40106089513425497,0.6701798491848793,0.09575450944027569,0.09074185393728523,0.9046210938196241,0.9989612439781008,-0.3331291260988058,-0.9424642086395627,0.15720259580087537,-0.2983225535242197,140000
-1.4432498040440227,-1.8476420351873475,-1.9603538087816996,0.44685563607434853,-1.1880734085364943,1.2605493190486112,1.9056161522346258,-0.17311140056078153,-0.43401967850760564,3.0912926958647406,-1.6905600988697387,-1.2728813345188263,-0.6130320677152008,2.0055842757687468,0.3049982972749645,-0.9390345018829712,0.20341115296604872,-1.9383932961408727,-1.8698475216661838,0.47219877104388,0.5440805159759019,0.30921656028452155,154000
1.9300282447621597,0.9224926388712722,0.21349391203019297,1.4074469952074087,-0.20899256577800507,1.3009938233831517,0.038625678502925226,-0.3725461362680548,0.38814818356442105,-0.5796963811559877,-0.3121998379762383,0.5440597379611236,0.47117593521042245,-0.36907143542687565,0.07099934656871505,-0.183443170578984,0.04857444405290017,-0.6045271445803572,0.07032883664964143,-1.0235966275159685,0.517443562594415,0.5620072252598591,225000
-1.344178316791694,0.658797734666554,-2.206934348364696,-0.12465724778832232,-1.7506324061044662,-0.6603467934966789,-1.4568163942967542,-1.6200924793664768,2.563030649596867,-0.0395309876808039,1.0519935684453752,0.2970235283693545,-0.6576091592021899,0.3887829938492421,-0.30467046166741313,1.6874437405094709,-1.9157036958520628,-0.5328304945097652,0.43154911297162196,-0.8951042550345675,-0.6642920022569245,0.6313487517989463,177500
4.458371044583934,1.0259101298742694,-1.1597788884742537,1.1725831650017973,0.1090532816207396,-0.7648499238125211,-1.3422063702344678,0.7680853565591849,-0.8586362643207168,-1.0299725799175026,-0.6447515095313178,-0.7180034799112748,-0.8516614178576946,-0.5509334200823398,0.025323181513166208,0.5253302078201864,-0.15528925555587045,-1.3413280952925324,-0.7334041450124257,0.46001068052522787,0.15043275187353589,-0.42017436165330707,290000
2.1133721287031184,-0.11714848104129559,2.786987009936948,-2.2285314738807775,0.2870084054011646,-0.15319682391714165,0.10917909190071147,0.16634935753821545,-0.8116703952061339,0.6849471230240801,-0.02771994276683293,0.3631937361649706,0.40012932221525416,-0.6030502776211147,-0.03855901885951695,0.10400651207268849,0.5447039885744757,0.4937808046373835,-1.2444043176514803,0.6585873436255155,-0.16975562540154565,-0.8448391653836902,232000
0.5350230442017831,1.7794167453505767,2.770511935634087,1.3849879273343744,0.43271938469588606,-0.7226304458234578,-0.1904271933207285,-0.15663157977726105,-0.5914716804453122,0.7680015951718573,0.8137910576345266,0.7034792496700772,0.5089785844901235,0.2928747174530332,0.3726563101581372,-0.16819620075348363,0.6648399293915167,1.037996845857627,-0.9091144442280147,-0.5236508340138494,-0.23164091429363642,-0.24292491677957656,130000
3.828224229184234,-3.5903689127069485,-0.9234655705994032,0.08532573934297813,0.6649485508317426,-0.82074653663741,0.3977456228082871,0.8670913427474836,0.0452527344978128,-0.6336275025717213,-0.06570797657136243,-0.04309294911562417,-1.2313779113627858,-0.5681098175431204,0.0776740382484848,0.5110455973066054,-1.1808949931261896,-1.1335627767566818,1.1368613551407136,0.21094544328647635,0.06108746098459121,0.6948388583678999,325000
0.9719858163829665,0.07389134781452128,3.027519968637132,-0.3354223553822823,0.21648475521120497,-1.6594673190099234,-0.6733537121950014,0.2109047540027907,-0.6193273372488193,0.9103914765759662,0.8610727412745757,0.45092845201306775,-0.4499335623526182,0.01915155176603256,1.1762167566473125,0.37526913713101456,-0.585081425776666,0.5201046512189371,-0.1196052038121809,-0.47603180601850315,0.0374594665576941,0.38410293358296815,202500
-1.0942536232292785,-2.0032254547415826,0.6106783664828696,0.4314295453383464,0.3605423921509834,0.6085356001895235,0.42210561409336417,-0.32779676006934505,0.1030625299533776,-0.3594051118318825,-0.30835267856427706,-0.7169416056901686,0.4245063624278443,0.21644541225436134,-1.1755961248106508,0.03748119372617,0.6970441258889228,-0.09676682239473344,0.5458566259672052,0.10169347347031332,-0.33562985591863875,-0.25823522827993683,138000
-1.6594705926233437,-2.0162743813346053,-0.9060812039064123,-0.6857540636443824,-1.0788504229250362,0.524185452815922,1.0584632125946236,-0.09146146028998489,-0.4894356700195127,1.6237979589385187,-0.48430778760703075,-1.493597791661581,-0.24632944992739325,1.8084793884564832,-0.4340100026346424,-0.6104249634182797,1.161530938608235,-0.13288462761436456,-1.4330290393672127,-0.5124125612622491,1.4740705753358085,0.38616466511285924,147000
0.3971204504977058,-2.2254486939044327,0.1394482677729734,0.5409603277716633,1.0181406111521847,0.031118714418942598,0.15824906148520862,0.3317242967433075,-0.14499733364127584,-0.4436868849364491,-0.13744853827502035,-0.389031044748568,0.22938523776082936,-0.01924717043238696,-1.1523265845042465,0.17999108103205658,0.6548955024792348,-0.38367778371853717,-0.07978938879824,0.0893094330505329,-0.8401017955795261,-0.3994915137502268,179200
2.1722677968846953,-1.855121602620784,-2.3917635538283664,-1.5458071527333854,0.000974217976947711,-0.12538591803144686,2.429603785933787,-0.24969972422701858,0.39815218498723004,-1.4240806842779106,1.9727979414129315,0.15434087465889448,-1.7824968414016962,0.8361568547484163,-1.3184975912060137,-1.4108600506345288,0.2371377454615271,1.1413276847834621,1.4078392637265855,0.20687949240354908,-0.34907030758368573,1.0543867975050882,335000
1.2350253980366501,-2.1242931373020237,0.7698266586604324,0.4050342987353431,0.7795754038831714,0.09693560312899238,1.2122060699690076,0.2215178709920883,-0.6939368694316151,0.1552808586502096,-0.40908268060934927,-0.0902574510674134,0.6327801198844399,-0.5695113135985325,-0.7949578415027616,-0.16738233637129854,0.9531944004513736,0.9031336856676472,-0.765921682582303,0.6735354319719993,-1.2838548125822897,-0.8349278359380641,203000
4.1292029068112335,2.0522215800885055,-0.5810718724450851,0.07601660297107084,0.04853409599201496,0.665304475848162,0.08772064145622606,0.7608581713591193,-0.9485620896426481,0.10716869399274899,-1.039412457298469,0.7500734501955287,-0.2336074917476599,-1.4832138587462937,0.8810724351882343,0.7386496575984678,-0.9523173268256789,-0.9637114149447442,-1.2967601283975518,0.8502116377034115,-0.8378996326874466,-0.4510923358066427,302000
4.95225552313982,1.9627433260434475,0.14497628150094566,-0.712511749694972,-0.24459701588299398,1.9746156442913858,1.6391354043236412,0.852874056235765,-0.9623908919852496,1.1661345424569907,-1.2734017000365763,0.37083261047940264,-0.4919109333209816,-1.0342458590778407,0.8375682583515491,1.2816101205169363,-1.63496730731328,-0.888719630537672,0.20514943198644903,1.185992394480522,-0.8451028242533555,-0.9615553759164521,333168
-2.4472470678070892,-1.4564990640966364,-1.022134856730918,-0.18996039722832456,0.03210596791460156,-0.7638447495860033,-1.319244367678472,-0.024197839457637527,0.06247023885658391,-0.9594062650733902,-0.1216018696682119,-0.7558998747470735,-0.5589973180490944,-0.17881784585870536,-0.36867653246110743,0.5887270489601865,-0.24012278124863196,-0.21427651752169719,0.09605817170546103,0.38302259184769333,-0.364453068267622,1.0323291887957409,119000
1.6065722205005772,1.4625336892810439,-2.007953874008859,0.5752278097181339,-0.4557422562280344,1.1383272711498733,-0.486650644843065,-0.028622778649154454,-0.7657172593828434,0.8568199429735718,-1.3057386601309406,-0.31492337391006353,-0.15002435885774543,-0.03179766170138897,0.9875586023710862,0.4042819355391829,-0.6399333882867183,-0.5419076455571021,-0.1845348216067313,-0.06728377810599116,-1.3118035704527167,1.4808520413843205,206900
2.7516591520782803,-1.023689424522634,2.1725471861461307,-1.5102353206403287,0.6347102078493201,1.165850332371417,1.5503332588740755,-0.6904802395608449,-0.09446619775548791,0.7971760544725105,0.3482069710280414,1.0726882191804141,0.21946191606401896,-0.25822364228882855,0.21325681559579268,0.015696424821640687,-0.09989679849753054,0.47142528027486214,-0.4168431457933491,0.3527108974314052,-0.3288484161374548,0.153582801745203,295493
1.1014719050197574,0.26935410678502775,3.194921352372305,-0.18850015439913145,0.051079917984385735,-1.7366393938265297,0.6769291873562912,-1.0960796287558958,0.07482887114642188,0.7844319306170063,0.7229817803644015,0.01853577072587553,-0.07507317096616019,0.5283472164753824,0.3056404247931154,-1.1889808712710426,0.4314952924268685,2.146412421828523,0.9900653653518094,0.9492471659842875,-0.05831577315134444,0.7239767392810326,208900
3.1286340475721874,0.01197668669581839,2.314368972802672,-2.693901715012269,0.017258325124594586,-1.4008304692187823,-0.30314186215825406,0.020684080093497575,-0.5385654917856458,0.5267800979268554,0.1316425958499632,-0.14370867373200252,-0.6399895253893709,-0.35797040572156624,0.4355201390021676,-0.05064422870482825,-0.08685257717277674,0.8001775952027476,-0.053382718351871285,0.9155875518150183,-0.012691257368616505,-0.07581760642424201,275000
-2.826702878460692,-0.5783262975521025,0.014939189532631307,-0.9158887937202601,0.26509882708372784,1.0970965833599295,-0.7273476812758485,-0.5162178151854924,-0.11405479598641224,-0.45942456502724394,-0.824276482760973,0.27638616981419245,1.1595626260707417,-0.9095994912182916,-0.31045580731318934,0.03062858297562084,0.6991287579941204,0.5636968484511674,-0.7128620309281709,0.4341821387510936,-0.0721300117282279,0.052145180753899685,111000
0.2805584633632757,-1.3998969915138972,-1.9894642763391424,-0.8862620630126884,-0.5275848045964265,0.4784201370923499,-1.4750547821966224,-3.8303499286494156,1.1954899389865525,2.805225414152277,-1.136254059063176,-0.1854554086970139,0.3119631286541818,1.5419790939399716,1.6488087638933495,-0.3197332592324381,-1.0397390949681498,-1.532394328082927,-0.29420232759451254,-0.1136712477502201,-1.4309631633790294,0.3168793170035938,156500
-4.731930082933135,-0.14481382543303195,0.42028202019477046,0.2500851253257371,-0.9427928467192784,0.6808015901016228,-0.914435002358821,-0.028442718531623033,-0.16164329388745657,-0.29019755179739287,-0.5281690892853272,-0.6631231736935361,0.3118339914044646,-0.18861723063432057,-0.26201462785456453,0.8213004707291265,-0.09476326751740385,0.007528477655795379,0.35025159510079085,0.17345946761671405,0.48443026093738595,0.18294556972711148,72500
1.9270018856261906,-0.017535728372204764,-1.1016367325276315,1.5322594711574875,0.05349713250054113,1.4824441541047866,0.8892247758140908,0.10291172953142397,-0.23764669428804713,-0.4040791328701048,-0.9705570258721209,-0.8937524606429912,0.06127653768029895,-0.030743310314656574,-0.4042755780491152,0.49334400172784143,-0.383532547034568,-0.7012938181974526,1.02128895164657,-0.4699336428198447,-0.5534800825218081,0.26812205065662514,190000
-5.181262947405201,-0.0018830035011531245,-0.25955340771390667,0.1408826096783122,0.3620799703110857,-1.7052902077616892,0.910941536924657,1.088172730016289,1.1265160133368533,-0.5006015703632696,-1.4260083301924353,-0.39149058918361934,-1.1138761546937477,-1.168351647378737,0.1299056983703562,0.07302367356880393,-2.2617276540813096,-1.3812668690097,0.10477404762681489,-0.30537955191413213,0.5339630699191048,-0.008963968199188436,82500
2.830538683677645,-0.48843462894176287,2.9566312503428422,-2.516424392307026,0.20011473171849162,0.3386464799169215,0.3433114198669733,-0.9447159851052488,0.04043284714262514,0.2609467664860469,0.6825470283279782,1.3916601077113302,0.5516756153228836,-0.5065506783859808,0.5076639549467649,-0.5877457705597202,0.46797372323446695,0.793342836741517,-0.8858948227804914,-0.09842788272957506,0.9544869914693107,0.5731597897212278,147000
-5.279773954616559,0.6297246488963915,0.6362969859814265,-0.9822685504225558,1.7833452664161697,-0.32857315896745964,1.3108020827847437,-1.365781070767212,0.19019965489999488,-0.5052079619003801,-1.1237920392618546,1.2722693944924106,0.5394279946438746,-1.4007974209257021,1.0854137117189036,-2.0655677305710785,-0.9256673726998899,0.18801233897862907,-0.21401918801831316,-0.3117475063724671,-0.7794298809095218,-0.3398522930760846,55000
-5.000483246985076,0.56354276882893,-1.1482375344268805,-0.5490789190018086,1.0237478259480877,-1.0071214041083092,1.8684646702005359,0.30941041520564516,-0.8682972951369916,-1.8586471211691793,0.2154933283650362,0.6146089611042725,-0.6428014349297272,-0.8292432596908035,-0.2954214147372191,-2.761423987787342,-0.29009718512404087,-0.5816227897182259,-0.7645177416810391,-2.0370732943440357,-0.6627782807115931,-1.4128942600538708,79000
-2.04854873552024,-1.0022526527227789,-0.3398140400406254,-0.14741686251459354,-2.946553010859039,-1.1208036445164207,-0.223547239038174,3.323064026714478,1.1791771983355932,0.4532852858137986,0.3018975135079837,1.3714391446425667,-0.28294775254264415,-0.10657142607079088,-1.801128228983712,-0.18808189524168661,0.4441723665277135,-0.4570652002988589,0.7047402862441473,-0.9954912528257762,0.016334277357346792,1.2357907726004433,130500
2.913006746435794,3.2257511909965704,-3.6931689063183586,-1.745449037929927,-2.3277385410477955,-3.5964525971849457,-0.4042110685465225,-4.885107479106922,6.075471427989518,1.2636203025161075,2.2952160081538904,-1.5640960818037741,-0.4998153430640272,0.2601147763441014,-1.5865605008029477,-0.8529609885692488,-0.3015799374518932,2.546634164084522,1.3350988460586757,3.6490740800578534,-2.6883088426743083,-1.941735118898701,256000
1.153485611575142,1.591697620714719,1.4838476284441136,0.14973137593481922,-0.6498089489972316,-0.26695325061822994,-0.6376973236394086,-0.40143343485258176,-0.6105037212225992,-0.08486178340142574,-0.26735317207866327,-0.47369302810852937,0.38723385753427675,-0.2475809265013552,0.4487659533942818,-0.11447471793860681,0.3042961911431598,0.5616611337195221,-0.3564636823128551,-1.0123143235432157,-0.4654965777125107,0.7115940373439632,176500
2.9874519044302015,-0.16321173685588336,2.4009928483602314,-2.5456329499272017,0.05387973246267053,-0.8789865689700277,-0.9757378738861473,0.47663681010796677,-0.18006338426578178,0.09802161956933024,0.2603747717236027,0.07646267924096922,-0.749780190386299,-0.26989629765743267,0.23231550688999833,0.4630725277258062,-0.6040670260340226,-1.1354823926183597,-0.2608232650249141,-0.15999608655382305,1.0769125521593024,0.1098390974736794,227000
-1.8751036423155487,-0.44474853344883947,1.0848109881423897,0.05444671718645694,0.13863817248268698,-0.3556935269848796,-1.4971887885356365,0.12576018235261538,-0.5924039441559835,-0.056321335191013414,0.00188458105347961,-0.21655051244806123,0.4732091358291696,-0.1759353619793428,-0.03491772430888137,0.5346240088438474,0.6265891017800856,0.45878564875563316,-0.3558151679607938,-0.28986802625124664,-0.06260651183552915,-0.2052341995585358,132500
-3.026769556710068,-1.9558650800425361,-0.9675827384920185,0.08467342144272351,-0.06509567590397163,0.8725591345142261,0.015891326643363596,-0.5306287170459931,0.3275982866897725,-0.6939776256439782,0.009344929594618464,-0.03180159664745455,0.0025260152747246458,-0.17143201095316918,-0.22486619953718753,0.5390253525823565,-0.2838400132894165,0.23435313996060866,0.49017447717333096,0.1521339138278752,-0.0700567551729,1.1468742308823834,100000
-2.0927115222095174,1.54481654940513,0.3659647895469163,-0.27478882181127084,-1.2164534536990992,-0.546107914021717,-0.056788070277815454,-0.5677761278477996,-1.5792088050594664,-1.202716628857269,0.9383447252197413,-0.15067689406086696,-0.7121405302631911,0.0465455022499921,0.4181866417581021,-1.3594490038142626,0.37501751071243655,0.20422805873829042,-0.126938816018529,-0.14373572059947903,0.31503831981326474,-1.208784233132582,125500
-1.312985607879185,0.863947574868205,0.41389599803850946,3.3148571973865253,-0.28210694682766524,0.7898152342564561,-0.4149276137530657,-0.5047553912677691,0.514329453119417,-0.23602170918814636,0.32725255591423996,1.0844891104510452,0.2906596284289805,0.03195514045595845,0.06254690638002718,0.021513190297708647,0.22001969809921,-0.2695982525931983,-0.02978940376375169,0.9003592312439996,1.0245747192967372,-0.16275829008568546,125000
0.37406752974952284,-1.293011666380191,0.388290640469183,-1.1943910356253984,-0.5559555685448737,0.6393561758305725,-0.8532640419541511,1.3437812322856297,1.1428689473598654,0.6445975327180543,-0.32903086072137716,2.9775547981405013,1.176208243067802,-0.5067994252842255,-0.567331466127723,-1.3113242810542862,0.8431013464902464,-0.35573360943724486,1.552642716743455,-0.27207942736412455,0.30727526890806117,0.7787212259833131,167900
1.2074693331152395,2.0640633485715396,1.3397635798133243,-2.1956784937842952,3.4901934381475086,-0.548481176780542,-1.7736394470480128,0.5388749974931393,1.8325550919271667,0.7822736440195197,0.573183030135175,-0.2907422694917199,-0.8953393161276327,0.8189009073462341,-1.3891419296031362,-0.5751880700930185,0.042358031254935855,0.03686215805299593,0.09824680916230051,2.7139055153635776,2.590676573757208,-0.2555659570646196,135000
-4.122838550572156,0.17816013361023114,-0.09222924048565288,-2.3897792589016027,1.7399346923702481,-0.6495577855110117,0.2406643972224644,-0.649903342839937,0.4045693820665537,-1.1810228260104858,-2.7484096007123924,-0.5942188017996488,1.4934567401974534,-1.9007707640702265,-0.02224963812704236,-1.6110333965140888,-0.14608898648326116,0.19819746280798728,-0.8884911561508048,-0.9802725736556287,0.40596511552803066,0.4256623569959434,52500
1.9526065030085038,0.18263883294395494,-0.30076614758145376,1.4564985662847805,0.08751093056667966,-0.3138072594046957,-0.08762576195704351,0.2701139627361541,-0.9288962674542657,-0.7123767012092553,-0.9185740092100263,-1.4898803461080035,0.3844094665543657,-0.24788685328390905,-0.5931015906797884,-0.17944817580301095,1.041917707203882,0.46461554706699215,-0.401615596013829,-0.44684460780292795,-0.4244538955763142,-0.8151141556504692,200000
-2.158053199490926,-0.5397852477726139,-0.05076165552220444,-1.75314992219158,-0.7258239816345977,0.13217270047827354,-0.5086833349600051,0.616077870953436,-0.2358450622361457,-0.7814673723770116,-0.4906313633362937,-0.8925327221347631,0.5467321071664578,-0.6161483385023141,-1.1593364902333199,0.4447876525075698,0.7528577628600793,0.35022544494257085,-1.2417764083755412,-0.4890862140071555,0.518371365013461,0.35292104649600176,128500
-1.4043368771322033,-0.32304597969878335,1.6529504990689594,-1.4704798197949198,-0.3563590602823152,1.0184783855468897,-1.491701693509847,-0.24792184228891748,-0.7726478700242179,0.06847195849296449,-0.0797816222300477,-0.5301808353985787,0.7166898630356441,0.10441000531659084,-0.5150400565074564,0.9261887634332903,0.898078855603525,0.2098671096359139,-0.048558601808689386,0.2715454216701503,0.15818540541575737,-0.2560020846773769,123000
-0.2642333323582577,-2.123682090039361,0.6189546845117632,0.16438785577886914,0.3311338006827061,-0.1910565784294305,0.08916600454610092,0.0007721466685831976,-0.06304073480460169,-0.49440098341079314,-0.2779980337316507,-1.072926049101665,0.14031384475143252,0.16534492967363254,-1.0559374843859632,0.002183324040479536,0.7776134403807069,0.04761634756164826,0.4576371610327308,-0.3160127555549608,-0.07772359151363313,-0.4745687696859606,155000
2.904956392612785,1.8136207405308662,1.4025393960322494,-0.2410550950877537,-0.5247695090931339,-0.5702628985980684,-0.027403999714571706,-0.12108488217208822,-0.4649311691327758,0.1230162589235909,-0.43034704014015696,-0.260510756810124,-0.38793162477007265,-0.43030134954433485,0.6816291802839071,-0.10113748946908623,-0.49626198284405404,-0.1284155089854101,-0.015471320204454752,0.1522916252115213,-0.11093785206914102,0.12461043386068382,228500
-0.9957639960353711,1.8856068324061126,-0.3521395090885059,-0.25299100804387303,-0.9897239185508103,1.6780433669081496,0.08034722968518701,-1.208699249970551,0.14803016802021582,-0.2937887373629669,-0.08656675721818188,0.5784971486735202,0.1751749531624141,-0.24842895446610302,0.480568897755495,0.3407211853495396,-0.3253197864776538,0.31669667886860203,0.1598325485840902,0.6891610179647052,-0.1549223387017396,1.171605136206422,177000
1.1588926743207533,1.4096145554468904,1.2570057193369997,0.24697649182926304,-0.7536077689337713,0.323782429923367,-0.4686245092651429,-0.07153732188022857,-0.488221643666773,-0.1782543502321509,-0.5205110503302866,-0.8589281000420433,0.4558355179848446,-0.1281503651578642,0.13976204040314544,0.13827760258533617,0.15981689237714156,0.06713226300487878,0.0409881389256868,-1.7656303645104972,-0.045588971253957354,0.6714657256712506,155835
-3.7628115225438385,-0.0017269880969107377,0.3750460789180886,-1.3843837643134294,0.4403528376342405,0.1747138134318437,-1.3280309990594048,-1.0005630997866088,-1.4732551148966995,-0.8309273635494256,0.7695621575573486,0.5727527820254468,-0.2351124612495019,0.019177927620707295,0.7308776196498682,-0.7002960287678877,-0.012942376320129895,-0.414676977672752,0.64253397813036,0.35249562728741174,-0.4978313947441178,-0.9070610663097447,108500
1.707814316552971,-0.15755189084804147,0.6599973308215472,-3.0491276619147616,-1.042465464618851,-0.5162201103206588,0.6548980622618296,3.6591979015815617,2.245046775151478,-3.5283428159083954,0.7364160318767117,-1.3197481560929907,3.361268048980601,5.00520863921914,3.816122608100197,-0.7649420055516428,-1.4102432819626747,2.1176708689215338,-1.954814643503301,0.8418259159278217,-1.0279171595702576,-0.0035404568101416855,262500
2.771375898771844,-0.9233537276372898,1.702330901902976,-2.4853410936817117,0.7102739641539496,0.22128605732336717,0.1672184245782096,-0.3431745707164528,-0.3671311332418325,0.11832193441990511,0.4611621682277153,-0.0016566092978913117,0.1886040325009465,0.037600635705016865,-0.05104094143076883,0.17149896010992718,0.4192213284594803,0.49263201637524184,-0.6059371029000394,-1.1742962621170137,-0.15217261537481724,0.5578782854438745,283463
1.804670976749615,-2.836773072293142,-0.7152806086870555,0.5051281718467656,0.8902548351518336,-0.6610871630127606,-0.020813615133991673,1.24550555151513,-0.8915363311326593,0.023956117787218824,-0.2753310537178757,-0.28572800923638925,-0.553337647217852,-0.699950573112882,0.024577634887038857,1.0701826737989748,-0.40408780256358784,-0.09490003741403279,-0.0438888270148249,0.034205461429292004,-1.7251841483386148,-0.28123928388001806,215000
-1.7183213382565115,4.267888447558414,-1.6889178078388247,-0.1720658973222244,1.9021044687850504,-3.9365049522749143,2.4794759039274945,0.23545733341283046,0.7447404979588168,-1.2517730127030633,-1.0781511834613218,0.4522664086092268,-0.5253819128325982,0.12839618824692883,0.7062807358771539,1.0587086574789117,0.4466960558657472,-2.117275553945667,0.5384902262159873,-1.159045682385919,-0.07795200669950181,0.03768804427571478,122000
3.0918907830361335,3.765782911490944,-2.2807542113596893,1.0617990782485316,2.0646853418819417,2.316217582918612,-2.836227492506385,2.4675615783981217,1.6033015545955556,0.8476409786296542,-0.676122471803854,1.1673715345154974,0.77455450548636,0.7913122284553065,-2.405800673636551,-0.6337181850207441,1.6753845864960306,-1.4280122740025485,0.5190053753862591,0.9298508019099149,0.5406244717068015,-0.4361819829002288,200000
0.35205936948530675,1.7132983360512193,-1.0965785602560312,0.30113187121132357,-1.2616900923689274,0.8870864335042279,-0.6859402908133555,-1.916528979015697,1.4655242070386003,-0.40612351912668904,-0.3140107767934123,0.6143542370088398,0.6331017166395688,-0.5196602886881454,-0.327583471577464,-0.02526799455248774,0.04099760163414168,0.3709395566176084,-0.660154659300737,0.7549074588630301,0.22161684177445443,-0.14527638653666902,171000
-1.9333776533601943,0.1916496170585697,0.92170331942379,0.04130301334742096,-2.1360349440210435,0.3426595947323292,1.6447906179753626,1.2543029129480272,-0.06271911607835844,0.44139122059795377,1.148067327191278,0.14699248447840899,-1.1172155952875595,0.15009697717827522,-0.5448904056035656,1.5582306369536574,-0.7210608667207721,0.17929697330148722,-0.6090395713484382,0.527240533847535,0.8432611440019897,-0.19142016241741389,134900
5.563572146193424,0.7570357411811757,-0.599064006667995,0.42350958763220825,0.9493549907778933,1.491640333125366,1.338935865928258,-0.5912381765744121,0.44778544896371814,-0.10756322327867514,-0.2541899169358057,1.5562359184467598,-0.4159869263464366,-0.7033029716028006,0.38602148964319616,-0.26176412203856175,-0.4473047743206409,-0.6484352841386063,-0.4007934754885246,1.6245056175344184,0.045991441802786116,-0.5130075478641095,410000
2.5324308040652475,0.12100856313329635,-0.09816373848218253,1.684771927245222,-0.18487681879725507,-0.1989397762240264,0.17441152764196816,-0.7728870596636509,-0.07577518056312038,-0.7606716527909698,-0.2547844118454641,-1.279211056657169,-0.028295993860498324,0.5355607559200758,-0.7035427268295675,-0.656774080863344,0.9227094660573696,0.7220446267862773,1.1343776596900874,0.1714978694301473,-0.3196563940051417,0.43343557983852826,235000
1.6435256477570537,2.392860041784611,0.13653840659354727,-0.6175712459434209,-0.10522778376125026,-0.8124667785115215,-0.7444322360107621,0.7765098818521419,-0.22328283009308278,-0.36017207774384546,0.04853080668825571,-0.9837634151335645,-0.3044846772120898,0.32680785994907935,-0.8004780369549699,0.1905170024353256,0.4310150832172328,0.5712085984840998,-0.4261395709978692,-1.0094514362839577,0.14276623885704526,0.8513450402584273,170000
-2.3817614081385488,-0.44483632461330663,0.655184022848601,-1.0651045470133966,-0.007414100904760346,0.040050850960009605,-1.1324929030259003,0.14898550027403198,0.06535238943976342,-0.45358253285307853,-0.6195936332018761,-0.676219475298123,0.026459653873953777,-0.23771834234260117,-0.439679153030352,0.5295962536204099,-0.23938572660342325,-0.9763141255764635,0.36241541325269466,-0.17947199365161373,0.35963601442725196,-0.052917801997892255,110000
-0.46108024054798763,-1.5982172330410707,-0.39182525324573253,0.5117506158415507,-0.5279783803768587,1.5791231006047985,1.090820982660862,-0.419796672756694,0.512181626670626,-0.5405478209900858,-0.296366625073533,-0.3854769583445207,0.21207982408286905,-0.07521765948218281,-0.6832671713523373,0.2674667527745338,0.08320486217881796,-0.048359869636503676,0.4665910194126628,-0.6143628051259918,-0.01955816908842626,0.7132409054584973,149900
0.6622323841638169,1.5847654228679873,1.3520998131747262,2.4155723507891125,0.1837193175897507,1.180312978607697,0.33794159696105935,-0.2218601739640166,0.4300258393267525,0.07628595559144476,-0.1371228365265447,0.12931569831656092,0.5733893218160168,0.5187574171241549,-0.4260848342655681,-0.13904515939558176,0.1405426183896814,-0.8028769300991125,0.6514224492084146,-0.6409911672814994,0.8878137322839831,-0.21185721269005622,177500
4.077164600661615,-2.7646561804648204,-0.6169912016243365,-1.4431049722433253,1.0959158508609412,-0.9155444802662925,-0.540579267756672,0.8635223821033755,-0.6879029485459969,-0.8534766996668041,0.15017242678244946,-0.6803744268950297,-0.2738501656454187,-0.28049001369229515,-0.7136907161905697,0.4610005372455862,0.6366573796371445,-0.17627363493895368,-0.3811155535628407,-0.8048171772454678,-0.5642003548958355,0.2504582158440327,315000
0.49665364990498934,4.66502212544345,-1.356737213950697,0.489124842055267,-0.25868100121431387,1.5297497953375436,1.1094182943359776,0.37012940407823275,-2.5433513393876943,-0.7287679109764712,1.603872195570157,0.603247979452875,-1.2131542547865612,0.7311135547072244,0.10888395610917205,-0.9945960018033069,0.07932293681384994,-0.4163830158663525,-0.10661626993810429,-0.8391336007813114,-1.6834325594112096,-2.3248877345243364,189000
2.1775439584553427,-2.6843691339782763,-0.7677764387581408,-0.7154496204594032,1.0449344386822614,0.6699816386585327,0.7669465012731369,0.5536293635869933,0.01731007505405257,-0.47558409545353036,-0.44295493500890165,-0.6780858490695993,0.13937132763023538,-0.15735878356085736,-1.0214182166878334,0.3689288910869114,0.1800275346097934,-0.2236291987941064,0.5968963550196946,-0.9593014519503197,-0.6489201921576204,0.39552575444218796,260000
-0.9346788156832407,1.7046897924023034,-0.016401896115868005,-0.9100136273634393,0.5154473166369672,0.947386381300356,0.2554703169669328,0.12458968352951781,0.10244800864399219,0.2786049248978048,-0.6853809209909113,-0.289087444442792,0.05013249721526688,-0.029572883324574244,-0.10591008918626102,0.5267902948602667,-0.6121669642307409,0.04484025597185462,0.6159847447367104,-0.860661729704122,-0.9096188170596562,0.5136899077359051,104900
0.7279703863410752,1.5039876570077382,1.2886363011189867,0.78093238129998,-0.8078652610081997,0.7471561870690168,0.06394637768203322,-0.5051163721251906,-0.47695663179967507,-0.03175559914816551,-0.6376796798585855,-0.5713032859450499,0.9335263202114908,-0.2619334495418857,0.04584128450006436,-0.2516051865566481,0.58423497769851,0.8600172239234999,-0.13301735779930712,-1.1712232011601906,-0.43174194007392486,0.7034223803360947,156932
0.1131096433426316,1.7924925949866637,2.679376050220677,2.630046788831407,-0.41512858809639397,-1.7819371405530835,0.4821094293772272,-0.9565821933098767,-0.6855009322776119,0.39660283853434236,0.1222077324243701,-0.08565418149556984,0.8876012828106222,0.5757791569111883,0.7803919130758635,-0.13323459587888253,1.7468752069154079,1.4126598695098311,0.5282764909917412,0.23806625244342644,0.40796293142871404,-0.3391101446765959,144152
1.137729143280569,0.27542736877361296,0.38615352025102556,1.8939004399040738,0.13180687167710525,1.6295561086746504,1.6955204220160005,-0.8949364657170799,0.18377770592802473,-0.325556118338239,-0.6212124456573423,-0.6592152317914042,0.8837309861006254,0.38416627992713503,-1.0767973965524398,-0.6885058159348285,0.9422543442357112,0.3330676733264828,0.673809384197924,-0.26616899933055554,-0.4258127943071879,-0.23949232269868315,216000
1.5037735109042698,0.3393142422314728,0.23784976942524325,1.8944131767921921,0.13295792170540008,0.24687123671429564,0.21234158421721205,-0.3494405580349313,-0.06500779205986719,-0.7824336835703132,-0.4946227647297723,-0.86283543673838,0.31369396916629627,0.17587585686470775,-0.7522168517396256,-0.49588921371186506,0.8305939855295466,-0.22030634658712153,0.08993680705073952,-0.3878776167000209,0.18830125769756526,-0.48438703734182903,193000
-1.0009658813146953,1.3009971977758437,-0.23371473226174938,1.9560213320711843,0.1985797350285572,-1.00889457789824,-0.8805265883070114,0.5843661773871931,-0.5165766116552908,0.9241205331653608,0.1980014870509001,0.14923635067484725,-0.20139452955554457,0.42950788092318737,0.3520923463448421,0.30718099632082757,0.011552151622728917,0.449528533490999,-1.0110329155405429,-0.21999227379959146,-1.0994362853775694,1.058392090259453,127000
-0.9415204229503965,-2.5868441688556962,1.568257207001664,2.092390466610346,0.44788287697238804,0.38514412882554117,0.3741340875029326,0.01806744704886708,-0.25655408162939863,0.11472204462509715,0.44676295721808873,0.31085538273407387,0.3017717643687739,0.1941520938255432,0.0914586084047178,0.4768545783430427,-0.02550059868218022,-0.3781056479278978,0.4751340545067381,-0.3956863905989198,1.069713156072937,-0.5430012746400137,144000
2.068392792543322,-2.0697217352757904,-0.4343761770708736,-0.232319490390159,-0.055328104254636884,-0.612015268983695,1.7451719849313752,-1.7038405573360347,0.2243763100412443,3.4057199702792924,-1.0090451774216769,-1.2848571692200548,-0.9679275569210969,3.165155602847117,0.3778283109997119,-2.976931075317721,1.0032178863008179,-0.614595929125065,-0.04493692999750016,1.0819177851612702,0.6911815372383124,1.2174678346873953,232000
-3.3283273586569155,0.6424659419296915,-1.2171584749263413,-1.1934398223597842,-0.27032583371290514,0.7194804565329951,-0.45315942959286143,-0.28230529028232093,-1.107418638036272,-1.0026529149423933,1.0652965335781142,0.009475659794109354,-1.0777543499497857,0.8866354193779699,-0.05139497738744665,-0.5920509456782643,-0.34366315022818794,-1.452782399157664,0.9184300643362048,-0.11185591372992833,0.5507559838042562,-0.7026359644782061,105000
-0.6528203230938424,-1.2240690305426147,-1.4543246029147245,0.37401026165123935,-0.4203955080082057,-1.3001349397957531,-0.6827263416442589,-1.0208171153419496,1.8654217364097978,-0.18597413291315001,0.8584345471692685,-0.3254470721527928,-0.38706261752395055,0.5470785304457996,-0.8711084536199685,1.0419078833148037,-0.741481375157674,-0.26853299675966796,-0.04900843763364796,-1.1678335127347808,-0.5499442432753368,-0.402090330927905,165500
2.6310142678722497,0.019500749595873168,-1.0274572462181977,1.911296788608496,-0.3928744599884303,-1.091953934602191,0.3337394221508704,0.23024868185801378,-0.7112219524516666,-0.6894661086910376,-0.4934711373474097,-1.0763467714545822,-0.3952303990618263,-0.38186884302955676,-0.32027279631701155,-0.24336763742411396,0.5181724720544258,0.9471724118544961,-0.2190703987103517,0.8268185969390588,-1.0019351328587294,0.09817265768592381,274300
6.566061504349645,-2.42897994669538,0.09473613564910945,-1.0892181844533706,0.819290898094106,-0.4108076606430913,0.6338402537536971,-0.9843867823066326,0.2132760404806495,-0.7254836737245641,0.32700603342776974,2.0278739882458794,-0.39941192197353637,-1.4362155860644439,1.0674404326565863,-1.0037165188188284,-0.1285946226943821,0.12624471760675987,-0.9876035065258255,1.9008911943695623,0.7724199645804427,0.6611010241163616,466500
2.9763919983052554,1.7388751468907135,1.207549155912473,-0.008509940681137699,-0.8663984508329163,-0.261220714153339,0.3760860308756461,-0.44716675064616684,-0.32533535282661225,0.0842202904539185,-0.7000054697349399,-1.3163189563976552,-0.25649328331848,0.19243951780761515,-0.15275233970024174,-0.4440781712532702,0.16668238660459128,0.7082117947200542,1.3186229003807173,0.7712004110440708,-0.008817143112748718,0.07097349943969844,250000
2.5384351005694734,-0.11578633899679584,2.374130239751291,-2.6842468937909834,-0.04987251057117875,-0.9679379480876515,-0.789884449340043,0.5027496673878344,-0.42795491903245697,0.25258194414302754,0.3022531179454062,-0.648032450977575,-0.671347580892406,0.14771840579968898,-0.002804439684626711,0.645871620751192,-0.43725238303515573,-0.6970015363197747,0.26089556170663786,-0.7730347570488459,0.14052976271377146,0.4001217010560906,239000
-2.9694016352212813,-0.5384459772504521,0.6631011574011563,-0.3438979834553294,-0.25957170246501854,-0.13843353970933925,-0.11411666164473643,-1.091572753942683,0.13611082725472956,-0.395682255857045,-0.29156722656314843,-0.1344487787397158,0.26121504509515636,-0.17239027634192616,-0.20266260365298255,-0.4958062368084382,0.35417715479440887,0.8862539039369712,0.8645121715747961,1.5914263217204319,0.12005638707616718,0.1323569761220407,91000
-1.0769734187102449,0.46639862375845775,-0.6754390500395869,-0.10346224289731923,0.12691903343552766,0.6170657894814539,-0.33996521442294253,-0.39089544975819024,-0.18764820769187557,1.3553689649475937,-0.640556889684829,-0.8243061794615564,-0.18232548630226872,1.5439971773469543,-0.10439290896960629,-0.38640786044503117,0.5046218984884053,-0.5231298316305035,0.28786718746577356,0.31868892804163396,0.0623944308331937,0.18759969670354484,117000
-1.9378954761332037,0.8706392855945491,1.5037735950847182,3.2720090362090755,-0.37947503294978685,-0.4686843201136582,-1.4619101328213893,-0.4953862613673556,-0.40483129491821385,-0.1816325327794725,0.03371299578638489,1.1683447509942788,0.4655101841663238,-0.7335477596092186,1.353861372387726,-0.1105582387952862,-0.013225805002106867,-0.07934427887302506,-0.9814390561861417,0.4160241435052326,1.3182483007310675,-0.44401627032452057,83000
-0.1079295001389286,1.3982512612915872,1.38596837849905,1.4044572667609239,-0.5326077199669988,1.151294983007089,0.1238065698883396,0.2876547263483452,-0.6001275262639003,0.32911493718994916,-0.9337825672405902,-0.878753314413859,0.8497186381160716,-0.09003685994000375,-0.238153095120803,0.3900433583229864,0.3531544949843096,0.059930344315755335,0.07398132927403013,-1.122477686994402,-0.0963235982931037,-0.5847596653875329,167500
-3.9809201717127354,-0.9131680839611716,0.12956868268818875,-0.5403746858780115,1.3099120743018862,1.3292780497907284,-0.4879510026085567,-1.4845543004489306,-0.527264557387546,-0.41449051312502705,-0.0629343726437972,0.22988571077416264,-0.007835541202956197,0.31098257118563843,0.5346729047954069,-0.2743110524512569,-0.5180998879266078,-0.7459941847251427,1.737269644748052,0.5824727479057297,-0.45005058862531255,-0.8073835261479648,58500
1.107892690529064,0.3592907660735834,-1.4547951661476792,-0.5282747053759188,-0.7178814965486174,0.6213343962028919,-0.04024260062632868,-0.13431310898492307,0.5296253015425476,-0.6574700228510808,-0.04723963537596242,0.016976125137820236,-0.1464437888482904,-0.35553390853250544,-0.4129980581213279,0.2779636168527221,0.029001972567110998,0.6063181480203524,-0.060285286004489645,-0.17066190365783804,-0.9197349815409431,2.1728565830768094,237500
-1.4336440793828422,2.3295337783137637,-1.7392642950330839,0.09452907685318003,-0.8254403032448759,-0.07127524567941147,-1.0211766936005466,-0.15831184137386367,-2.0983607617003432,-1.7096314878200711,1.5563565715410945,-0.1484116475834219,-1.5024341701290802,0.5801677522172317,0.04067581138497677,-0.3772013174595475,0.26799182228110047,-0.8832238745710387,-0.780638654153254,0.0765839152373106,-0.23140399989087457,-1.2202934749032512,157000
-1.311617003007775,0.8408365655200064,0.05643000502710299,-1.957980184134974,-0.6596274794818756,0.1305069970059439,0.2216814715290257,1.0673594727909423,-0.8823638822346641,-0.22811952851707812,1.1487316968770112,-0.4209106848032096,-0.9780658272856246,0.4110903954122531,-0.377483274774086,0.4181625841714557,0.2848904624495207,0.9531562233951731,-0.25466341795646763,-1.3626542041877032,0.5875856141072733,-1.1213124145981948,112000
-2.767170387486258,0.4296024052598577,0.3202453169524684,0.03260890568919117,-0.2762390456425478,0.2830791189777328,-0.8962262603773372,-0.21758271514059108,0.02099310517745228,-0.42631583017622715,-0.18851667023973007,-0.4127211262116152,-0.2850503553586332,0.16285860505265862,0.14146636498733065,0.6866896366984031,-0.6575383352817507,-0.8538461272576073,1.1364791354870636,-0.08432020732675832,0.5918516831130463,0.05366562289517848,105000
-2.633356006221133,-0.7573041269088412,-0.7406381754843112,1.3578037474559455,-0.7876417738526923,0.20466107207391546,2.111318008699663,0.39371157927713607,0.9322824407740005,-0.4711880102215671,0.6794806773193982,-0.3590650895167112,-0.8028143289921432,0.5406502103646712,-1.6948621335980774,0.27803923593166924,0.1357141756496668,0.4790901577189196,0.013866629244309089,0.7772551972032388,0.18729236181689077,0.060093220686996865,125500
4.827613741324013,2.0688215306852222,-6.986276280692035,0.2614650137285686,-1.0155687268641709,-4.3192132767894735,-1.1927181341390163,-4.206134942960279,-0.6349199039996943,4.767718870247897,4.469497939555539,-2.6994609941809222,9.307411704848569,-0.7509353856406381,-3.095001017460612,-0.9943325149021431,-5.638988516147689,-0.7805841068439826,-0.7488399678948707,-1.0293973089581987,0.2817475919715081,-0.9893492590565308,250000
-0.7591182598904143,2.472157457118888,-2.9763820481792957,-0.34440242469173765,-0.6808273396970167,-0.05646384305880225,-0.4643409281843419,0.46614128810405486,-0.4788246959962387,1.5056473854136134,-0.6430843252295433,-0.6484164365792819,-1.012346672262532,1.3022844863701157,0.14006125350671872,0.0821803715161359,-0.007068440818517509,-0.7173119398580855,-1.868322403290576,0.19381378366631052,-0.8793995064456772,1.6080434885214065,136000
3.4590716497993435,-2.6734724671849044,0.11103997677730806,0.2522076870978033,0.6644740196045364,-0.5904909309281885,0.06593297255627975,0.37542222719254775,0.07897810760062234,-0.10443706805392777,0.8301259429731442,0.4378815310378207,-1.1807054828910655,0.061511720246016525,0.2597469217543418,0.7570311804928003,-0.8563842886660253,-0.7072475401864765,0.9436656582205261,-0.4176569050412656,-0.8929497573044015,0.9875428574237669,377500
-1.9444635394982195,0.19819566165891217,-0.6760263188981116,-0.33789362513124954,-1.6487203065967393,0.3120629423561356,-1.5653406379342953,1.3346746364331874,0.2500498532064289,0.5967486706932403,-0.12980598755162503,2.5078345495829795,1.1299715049499406,-0.39799861198953557,-0.5001682465623908,-0.633099663460825,1.2039682254769992,0.6419675903043893,0.873171478008008,0.263787285517364,-0.9075728502213842,1.2420065234497577,131000
1.6356372183859949,-2.5358376037376082,0.09154431753256141,0.41406251679914746,1.1107409483911699,-1.1376210761224912,-0.649174504500473,1.0298516202374821,-0.5933505344030094,-0.6520525821479057,-0.06316001402205394,-0.2611230893497024,-0.18719329836118756,-0.5205664164196697,-0.737419731075077,0.3780311413118977,0.5262495923097511,-0.7840987175624977,-1.00200643454393,0.05400936089226011,-0.5438200766220667,-0.8304453325351195,235000
0.28133499676508184,1.967909638416992,1.5400041602921042,-1.7698404672698607,3.3418233834548037,1.014081706316008,-0.5349383829991737,0.02473927665494931,1.1850185485513232,1.7214021485017759,0.958864868609651,-0.21772094373161913,-0.0353536239276043,1.347283696953134,-1.4668336512047464,-0.040253699659398144,0.5883170978535306,1.5537411623322521,0.6149242202732077,2.3141917828482192,0.20056315560034993,0.17793407560007524,124000
-1.3712260836293684,-1.3715977325181337,-0.6722390929036368,0.8253796356743435,0.3598951705753399,-2.135129178985554,-1.599428493752977,0.2429726279681592,-0.4498771029287837,-0.6308397935080817,-0.4254194712800043,-1.2063229826811324,-0.8903695875648769,-0.16256834418728947,0.04863859507506498,0.319929088031434,-0.3485345116461023,0.10753377737258304,0.6782722773086309,1.1397599261584113,-0.330248029404411,0.3603093421405935,123000
-1.2624351928986113,3.6765694479342037,-0.9374318977060998,1.0354035620555815,2.0324068365624277,1.09941553936381,0.14093902143378573,0.852001446333007,-0.49490695489225556,0.6979611332929487,3.7081022603654863,1.181076940690519,-1.3876840460282127,1.9440886651199054,-0.25141087545788,-0.3121416298918828,0.13332268803981173,1.9938716277034414,0.06212988772671462,-0.4487457620645739,0.642888419474065,0.21733397814463448,163000
1.6336828334123423,-2.091614143460846,1.1590029805333437,1.702565443005278,0.8455990513109564,-1.6438090234067568,-1.0531162280060409,0.6028507097236283,-0.8697211099636923,0.04150261868490948,1.1945182331528155,0.072357803985281,-0.4763739280401466,0.3994610345168831,0.3158781858148799,0.7800721414842504,0.10994927783892865,-0.03204972721055052,-0.07786698622567748,-0.6211141106949476,-0.588709186468653,0.38705498161030016,246578
3.827802897101792,2.5912478539756383,0.6127371276843236,-0.06512359779164738,-0.46119518955598726,1.3133978030046272,0.3110173303279508,-0.34368799538039924,-0.6243768146246546,-0.011793207778962022,-0.6334953107172461,0.2540444929548849,0.6896310604288465,-0.6637537580327848,0.24053644623372067,-0.11762572518328879,0.5123209992323354,0.5213337411505937,-0.9538164650543408,-0.37534207214711124,-0.20703790059432567,0.1330019221634171,281213
-0.7745250953345972,-1.5870173332213515,-3.6971197720462428,-1.5529243550291483,0.23037574934460248,2.2079466125444656,-0.5955103772807719,-0.5476968584248291,-0.23950268840454908,0.8638438538787443,-1.0411878000355845,-0.8442225758237545,-0.7551501563941201,0.6066078027429712,1.7622006986287446,0.34157616876654984,-0.47641858527489356,1.561808648910205,1.905731676218605,-1.7181101001669858,1.1893113509845763,0.5455083071914097,160000
-1.9683706059785515,2.5043115680205665,-0.3212091299385879,-0.3025090593831681,-1.488061505079651,0.28086230193669787,1.094129174795428,0.273845331425112,-0.8527668826182112,-0.7008839497369265,1.1929902139539108,0.4235143298072479,-0.8714522871934616,0.013820239037585454,-0.40540703030969943,-0.47799146972227247,0.18065205207575544,0.1876882478339978,-1.4538868524951825,-0.0890055401741294,-0.19481661921767307,-0.756972811217855,137500
-1.1736930751028998,0.7365431333527648,-1.0383880319793581,0.16947530679135744,0.4221756895704383,1.2509395059045545,0.4919298445266819,-1.5725329134178834,-1.3633191967808367,0.22454994760575747,-0.18013165457982683,-0.12002403066674405,-0.31622531040036905,1.1919427552212516,0.7590038310219768,-1.8462777722243109,0.2873534594003345,-1.4847556093316052,0.009914935914599386,-0.29362045457742025,-0.5011237507089372,-0.9385067764082613,138000
-0.43106478666033105,1.4075804625234523,0.07064078120434988,0.19843315896416824,-0.769394550729165,-0.14272995388062712,0.32026601177624425,0.3487794112145609,0.2366431461378182,-0.0495982467455722,-0.06684169451482697,-0.2103968247385186,-1.0233493887898133,-0.06377176372141742,0.2387961573857823,0.6916338840924623,-1.3265267854087743,-0.8025919349017676,0.5121084284120836,0.05761892059538348,-0.43381805343148844,0.6775664657343871,137450
-2.753129698256341,0.9976605094826518,-0.212701182198073,-1.2828960266266767,-0.826507438048432,0.18845151463338644,-0.13509999836696912,-0.39904128733717803,-0.45741595954439856,-0.5304980014050041,1.2634370338774308,0.7945744104537992,-0.978968137327226,0.09804922501880992,0.3703048348486432,0.0479449152514332,-0.7196079761234442,-0.03261712697612112,0.008610510643204092,0.22175453882732346,-0.17966946959423305,0.7818269482866212,120000
1.2751976242920764,-0.23607550540092012,-0.1062250835660451,2.2164361051077295,-0.04166006142626855,0.44918914094777856,0.5029689696956098,-0.3668572687044807,-0.30724416179497993,-0.3899421335722376,-0.52976611860281,-0.6654101096035776,0.39388134420727056,-0.06099296241960858,-0.3301524015927783,-0.18861559343824266,0.4541030502129486,0.39164089396177476,0.3073584223942711,-0.3652760794134251,-0.9980929642922418,0.4333132746213842,193000
0.961408735495905,-0.47321309850408444,2.6502798679723423,-1.5012527412919567,-0.31017599081165287,-1.0972436162548131,-0.13975550790830832,0.10081856278652904,-0.8112254855464026,0.5510243543386166,0.14174017900301836,-0.21946548722531203,-0.10262467383318757,-0.37327210778229664,0.5347610293662406,0.2301817915553958,-0.2465155575149279,0.5522368908146009,-0.1866099055543142,-0.24840452182111916,-0.6393228962691411,0.4566101853040774,193879
2.317448883120759,-1.9983531156421368,1.1763460042082847,0.07540876441679267,0.6322695746965203,-1.3016926779965543,0.1531163205058603,0.39250450091188954,-0.4729981739202565,-0.04606233810520434,0.15817510971708265,-0.8439913113124078,-0.5173730062839692,0.19810952248179126,-0.7629950307642123,-0.042593911417018994,0.7479724412258691,0.44136652632375595,0.32793449525160856,0.6684543688873762,-0.4678738811135969,-1.083014288928234,282922
-2.5954479543641154,1.0822361078005227,-0.2805302713312605,-1.0017105107703421,0.2694302107719123,1.720355297381275,-1.1917487495242265,-0.7593849180617552,-2.525360968049213,-0.1515282800343314,0.3253941030221737,0.8433427892518378,0.5142926070480905,-0.4179872782974011,0.8544253038652345,-0.009526519881700333,0.7277440841795635,1.0005374009069996,-0.2669288813636196,1.245130521271196,-1.1600154003312477,-1.6474291387576947,105000
1.8296482684630673,-2.5255402036612606,-0.03958747343967305,1.9463002426177904,-0.2710164567152015,-1.091060215064587,-0.20382830649301412,0.23829541639523366,1.9224221110634665,1.676426279678762,1.0515142497407164,3.722003549549535,1.3766095048211278,0.10638985884183622,-0.6301051024754117,-1.0920104744700219,0.8876776691665235,0.71090242986526,0.7865162851182703,-0.48776124972920315,-1.848241707767017,-0.6289871391431128,275000
-1.8774969623021351,-2.0642157006539272,0.4654724225235132,1.377920729327692,-0.36548533149359413,0.9593944884908412,1.355477032712362,0.35570883875487785,0.031539953000091124,-0.0041998001856149575,0.6532097633942554,-0.019182756502466345,0.25760785629879973,0.28544067704066894,-0.9058617664475883,0.6745156204344359,0.517510246306407,0.7174281208300812,-0.24107840410295636,-0.45856675996798385,0.5474907532346481,-0.14394217488071429,133000
-3.2412976531800948,-1.2640474035952574,-0.20669277547800616,0.227067860225103,1.9617182931422887,-0.4148679901148266,2.171999640733808,-0.1662327078801413,1.2094970977494293,-0.747030807189451,-2.0283886441881736,-0.18648416262750486,0.6755362581766554,-1.3333449622174929,-0.54406363939465,-1.365544003612034,-0.5988978432250253,-0.3670924831327221,-0.5089466036710935,-1.5292182408915536,-0.5012545958445019,0.025878945073532347,112000
-2.9047707251336665,1.353577745471216,-0.7886116249012873,-0.44343404320573243,-1.359717053789278,1.0989573955633263,-0.32280155332660687,-1.368017644198662,1.8593071726838286,0.5631121020719996,0.80459962042985,0.34357582413815435,0.023772561554260215,0.6660428691724738,-0.9048533946759096,1.6122539019272653,-0.7945999724005093,0.035074102961316085,0.09574516302773689,0.3637370798283377,-0.03190434246908492,-1.0877277197143052,125500
1.8439544307752471,1.7944268556321497,0.3138860273581181,0.6807919362232262,-1.0692760011315479,-0.347071396946945,-0.07241356100067879,0.9634812742229061,-0.5789760002286601,0.5496513404254281,-0.5965474956267081,-0.5357297710738709,-1.3006758586478788,-0.5119867501251947,1.1164432815625218,1.0905999747323976,-1.4703550612314296,-0.16584439467865347,0.5884988688546308,0.32527197829281773,0.12009550073280498,-0.5528191212791519,215000
1.4496103250159882,0.19079273681874426,0.05576797337275342,1.598689017745711,0.23406589699247937,0.8227846742715329,0.6023624042655857,-0.1806887356145358,-0.041397924337594684,-0.5799340381888253,-0.5371779057751802,-1.083198809300124,0.355301335280787,0.3791967061936503,-0.8471120114624174,-0.14130895184273348,0.6250701154819066,-0.3265739677013083,0.5481223661423991,-1.0412620124936587,-0.1506703540652728,-0.4157642283301241,230000
-1.0627510815360537,1.354372959797252,0.1105490025953347,-0.1004609563273692,-1.7716715143158255,0.33350642113713747,1.070634849432898,0.7201150170681101,0.5402025589741041,-0.5196291823839101,0.05702910712639679,-0.7875935749353467,-0.6943361443339937,0.08763774824496517,-0.9076937810966994,0.5988766315311908,-0.37949035262794895,-0.6164942584629489,-0.36452148275735125,-0.6240693009260272,1.0890235725037873,0.10618949141417446,140000
-3.369088675102428,1.2777984771625093,0.6029803269497336,1.0833874654786098,2.473589148347331,1.7600334646194125,-1.6395970949468301,0.6392996869733216,0.6342560985952683,1.1798910580467443,0.7294980733139773,-0.49530861790144076,0.3587795239030548,1.1921282823405914,-0.8488345338386591,1.0441043780571222,0.11120432436193654,0.7819926171793903,0.8645694174029668,0.409596918548175,0.9712308012021588,0.49065821285533634,90000
2.92248328234617,-2.508611985449853,0.6908786476597254,-0.851143276437668,0.9837278275924312,-0.2885782849375907,0.47340514180108334,0.1840855787260485,0.36099392091795607,-0.4045938249132646,0.3325869778266611,0.4155265829736646,-0.6425479795815969,-0.2191635171935663,-0.08092897703629054,0.10775399260062567,-0.5982699879652669,-1.1323992043394446,0.3051050469085504,-0.2018090410350818,0.6134468483210535,0.2173355162682592,257000
-0.12183355709688828,2.2275731236739587,-1.1870557239406776,-0.4248995537669626,-2.3813244880132394,0.13477791554736968,-0.23521322640388911,-1.6665976024997053,2.0748993431036586,0.35530718657275623,0.6272698364033905,0.07407948860784036,-0.02355654396998301,0.15094689740063752,-0.6089457937808992,1.2707717065759578,-0.7779995548099012,0.4267581977609154,-0.9540463058926678,-0.9310227874634046,-0.6677411188095806,-0.8900590371741303,207000
1.3461010042707335,-1.8557075000447933,1.625099942915661,1.3643510351199708,-0.5729093414038279,-0.32503183229255467,-0.3885874904120101,1.8626649671693254,0.4750526093713518,1.5858123276390308,0.8042005942939886,3.2182327471115753,0.8151836184543169,0.25156860798111047,-0.019645680442062184,-0.790723857814041,0.6821626444744217,-0.014027884701107746,2.1801364966333514,-0.4958382481404492,-0.3628273634129109,0.5083496881537799,175900
-1.9375941024952719,4.609763201673114,-1.4420832769326406,0.5141646667837967,3.255989342880223,2.420382289275784,-0.4402513112383617,0.5714370415399587,0.4560130962510623,1.1581436827619078,2.2885413144652405,1.0003357860485524,-0.7670397860112929,1.8475986024034028,-0.6899999635512383,0.4987517613118992,-0.12636641107886976,1.1677069721700177,0.42766131708192123,0.9844151772291578,0.3633830200361927,-0.20202827934238013,122500
4.480911327026204,0.28260782329105555,-0.6586145127685441,1.1173118570495473,0.38194296071070183,1.0977502741866603,0.10759817477835207,-0.893543788455421,0.765288181378714,-1.3085562676382607,-0.2841074703134224,0.5574485642045973,0.06708417451640106,-0.3223745859092816,-0.197210567856335,-0.9514207203025372,0.5900543836775197,-0.39089027863599607,-0.009797163198456384,0.22371504180446225,2.202711593995616,-0.03558125296789213,340000
-1.778502222255051,-1.0896401959731183,-1.3218258634048852,-0.23517270282629316,-0.5685955975912844,-0.05292705056522378,-0.35126433493372644,-1.3518920215923427,-0.5818288198317633,2.419194939790572,-2.117672968542379,-2.1062109584711917,-0.3542039718194241,2.1744286827881028,0.69393557082929,-1.8142887057606791,0.7820146274415021,-1.5951779449462768,-1.0178820308999146,0.6866581292069959,0.8207440709315948,0.46101155434955343,124000
1.288199304304112,-1.254947079892327,-1.3011813488476422,-1.8464569115397667,1.4463711916266717,-1.3334249092609463,-1.6155400684327608,-0.20585304112345965,-1.2400190355485916,-1.864714212861966,1.6312782402986883,0.4537859968968354,-1.5847906953176136,0.22910228991308657,0.22626871659296627,-1.2783975587699532,0.19548710961432816,-0.8556964810297473,0.2342847156665849,-0.2533074498285345,-0.036787439314093805,-0.7539844555339278,223000
1.0503274117903436,1.2595541554073826,-0.8282719056080045,0.3943901101410846,-1.2221284272093067,-0.49960335208126466,-1.3563095135507959,-1.5311893540875516,1.213868338066067,-0.7344859671011006,-0.37041775664330995,-0.12765909473278342,0.5201024700295817,-0.5331790662490918,-0.396611967647416,-0.5069309203581622,0.5396029460753661,1.067246564059034,-0.6681022411320833,0.5670242512863481,0.9836741912519275,-0.34885149505447494,179900
-0.5287729773163277,-0.28631643980541094,1.2947987812556077,0.3446378656415683,-0.1643363441133463,-0.2658683975149926,-0.390572954696341,-1.8431533556607456,1.9179807866308678,1.1470982865621049,1.1681546460574506,0.6724687300616664,0.17349225554563572,0.9768657392061896,-0.05982584727741744,0.7263253660627693,-1.0622599064464875,0.1348840523806808,1.3795876052971363,-0.572582377040119,-0.5550667526652727,-0.24389091516224426,127500
-1.237029572166892,-2.518039335673809,1.9067393978183116,2.627991278326176,0.4110827198834951,0.24196907862314784,0.4478116443468424,-0.2817034960866102,-0.5046721494260193,0.37045642890363784,0.6661243254256219,0.891342774333327,0.5619801852743831,-0.0603728803326601,0.5083322466728653,0.28619152499680384,0.27875575487942644,0.4634134713556702,-0.13135695147921778,-0.08274896080947214,0.5078321034824672,-0.5874740482973887,136500
2.1103063324217306,2.3417819701545453,-4.166531753842131,-0.5981821881352959,-0.6826345748478937,-5.373990581065715,1.3757964125690991,0.5033285350163615,-8.204076472663663,3.78401940567974,2.760800060064356,-1.6150347822153055,10.065134162627803,-1.473036920258512,-5.007147311178233,0.5083916992739418,-9.71890988563269,1.8984627503660854,1.5390772327548485,3.4500340259784967,3.3985995016996924,0.145513638303144,274970
-1.257331941392124,-2.212074419347422,-1.0335168846006448,-0.06355484921485259,-0.12172789093697842,-0.2494589530090708,0.0727396983099854,-0.06356908273048828,-1.0983508258780625,1.250912192880595,-1.0031971597732359,-0.5741539025518732,-0.4131758893190539,0.13534340273338719,1.049312978933392,0.0976381976303458,-0.37891514612639315,-0.2405251100358045,-0.7303068835486843,0.6720879107621346,-0.5278263502703484,0.46663147333177446,144000
-0.9379992112765559,0.0870217768245718,1.0709984117173357,-2.423169662954509,-0.2695748526599812,0.007385256642392991,-0.9360771198819406,-0.050633524919254096,0.29763989832294946,-0.36865624273884606,-0.028738980002626743,-0.15797699947051627,-0.4384461707651586,-0.15162796527069056,-0.3584159848772515,0.4587455760333157,-0.24860117217655173,-0.7864667897369402,-0.07070946654779418,0.7333546988932996,1.3897045119725766,-0.13352767317195954,142000
3.4747590199572755,-0.24440940293821886,-1.2952753193074427,1.5538996374029932,0.15616655289648138,-0.24623784385256084,-0.31120071681434003,-0.3834442635167456,0.29420148924327644,-1.1007757851289104,-0.4910350770321971,0.03997327017380443,-0.5861189370278553,-0.5760280051927813,0.32704731603447296,-0.4258684284609911,-0.3933915830980717,-0.41782382630174375,0.3939542409815741,0.5226692631942097,0.491979455115335,0.9327618410171179,271000
-1.5735504153252224,0.024167070445699268,-1.547687764537626,0.861621174403107,-0.2663766305867666,0.9362857196874993,-0.2620144673374054,-0.9009814863016666,0.10415736929332263,-0.8538417457179366,-0.41682924243871866,0.01174054992387235,0.15753067459097053,-0.4655970153735677,0.23560770315085935,0.20729041606718834,-0.07340296698824177,0.38581893474276646,-0.1748232253686016,0.32558485249441793,-0.43292300548854823,1.0328715645938396,140000
-2.1258501579507225,-1.6087229239899723,-1.1107461101415057,0.04869952427185727,-0.606886313274829,1.5521786499708148,1.5655073749598638,-0.91310168793969,0.001331541354457239,-1.084676792431654,1.638175364143093,1.7063452734033444,-0.7292587187297973,-0.08925675033246974,0.2966019498324433,-0.7269741485567812,-0.6166434413269845,0.19520005209593883,0.21638339754240182,-0.4283041532230182,0.56173544442431,1.180408380143001,119000
0.46392292142174374,-0.5401160118193205,-0.03678922662234657,-1.7510599694021511,-0.06716072102034651,0.5736166261699935,0.06622922699634588,0.11676410916111539,-0.2741421463458323,-0.731103702659351,1.1290917390282493,1.1785722523997428,-0.14113283530123588,-0.43109029991195935,-0.28236161217388395,-0.3846840039098467,0.4323602201239946,0.3779596995773437,-1.1132216987386987,-0.5609502566815667,0.3160256237679923,0.4445175261910089,182900
1.3496659649674587,2.361818266260854,0.36483340278455306,0.49500277192991443,-0.6297202381263107,0.03296375725082255,-0.8014033841042572,0.36892527039335404,-0.7868908509152325,0.15218907024124326,-1.090368365830448,-1.1277451015752502,0.15035449095826597,-0.5279208688692505,0.4853816623688947,0.3470252424612582,0.12025975726025408,0.9519996034210433,-0.16077829809760916,-1.0832161753347986,-0.6155745676292277,-0.11955208129818927,192140
-1.4141603823949318,-0.8838917171565969,1.3808886631248583,1.944554039647378,0.20093931494420225,-0.8179376665344786,-0.3901000790507459,0.41968858563396816,0.34327127642279226,0.19655820140042388,1.0968507434640877,0.05983647263782659,-0.5535897331920806,0.8965339868941996,-0.40256628005838035,0.5367687159608892,-0.11724430799263774,-0.19481629719728252,1.1974529815198263,-0.03215286065410558,0.18756479271314008,0.02443758842231558,143750
-2.245814597691633,1.0323182556190915,0.7635993934647249,-1.0670227773960903,-0.2669349932779461,-0.23931578931403008,-0.0810518093104491,0.9924437504853699,-0.0480533744391337,0.0864431691636068,-0.19898113951188517,-0.8198351740463902,-0.1847774059429511,-0.0044852532204804965,-0.942623041791487,0.693901660328285,0.0860642303348359,0.18864570945859402,-0.7336165216075574,-0.804691787236464,-0.33164407798569023,-0.17340125126159606,64500
1.789966465948341,0.8786482567108562,0.48443060682332034,0.34372687936625806,0.08447977895142966,1.1620855721422312,-0.00444315821855299,-0.6015854002992691,-0.004066216720979986,-0.5100022511443314,-0.5594036023980806,-0.15088848364969612,0.4918994900130684,-0.28509157774997895,0.10639600643899329,-0.1690095943442964,0.11709808535745117,-0.3056280064928971,-0.4937324320907259,-1.0426009521769322,0.750756798810698,0.46048296604795785,186500
0.2515486403844515,-2.038273417357166,-0.8686808100185589,-0.1807776480642389,0.7535477576251318,-0.10951063276876095,-0.5612933538309526,0.6020742889446375,-1.0006507079738065,-0.07389794560862793,-0.658738704896313,-0.488069906126353,0.10910629875293693,-0.8335739889343382,0.06685377470314488,0.78567293764174,0.17847349169571508,1.0107294581754516,-0.36903854005851117,0.28385722635511224,-1.3740990485703326,-0.041013894033066704,160000
0.39325137053787235,-0.18918931931441726,0.1632206931207494,-1.1918466257940266,-1.733376355280059,0.0661708613778196,1.1743664946985686,0.12492832579175575,0.6993638466688148,-0.6858444795792664,0.6978198254676502,-0.10562368287120714,-0.9777970223728664,-0.18043757567975888,-0.6920885250038659,0.33631884529969225,-0.21550085449556014,0.036805283870823574,-1.399270190597239,0.28477190349995507,1.5186635915333249,0.9639874562753893,174000
-2.4152396598417436,-0.9093892936145754,0.4373867570150306,-0.37560521851605816,-0.38045666631873704,0.5307642916151316,-0.7362603016377591,0.1584686510994697,-0.25590487542314744,-0.33002980558107053,-0.1833283106213924,-0.2805628290815178,0.6032073982485565,-0.34447078031726563,-0.7622591633375222,0.5848176950698838,0.7508172335929971,0.37643544430993603,-0.5075858017885369,0.08758824425456005,-0.20753367932674222,0.03289336842992689,120500
3.816526065242823,-3.2270223406867267,0.6680785549136211,-1.3541577656010815,0.45783015282969075,-0.3385720305056197,-0.3395376026557439,3.53397115559949,2.877017954487219,-5.044051939421783,0.9370198812008265,-0.9938509588766283,3.5292723148457674,5.381911405082111,3.6047034597108443,-0.9330445836476312,-1.6702254556799665,-0.5712844936457621,-0.8783451695777846,0.8004341201452039,0.14506012757590972,-0.4352423522703684,394617
-1.2041665621178737,-1.565487708897491,-0.49812574167601104,-0.46594690837124586,-0.5203639154693596,0.7305003784015933,2.095656332213475,-0.5708541928607683,-0.37486930623594755,-1.2202478507690095,1.281894412533354,-0.3658450021807384,-0.7418267081273525,0.9129570638223825,-1.5015343661618348,-1.224061934569182,0.7973179020764185,0.3009176657410141,1.1322248515921194,0.556236661998913,0.6134914759775307,-0.804436905772013,149700
0.48637106814338715,1.7577834736454983,-1.057397715871088,0.33525895806957823,-0.9864478524941951,-0.33121079279403176,-0.885301515571578,-0.17161031217332434,-1.5748486346022996,-1.2373772561581033,0.9110299016935882,-0.6482397733595621,-1.2435327523053736,0.8543609707021693,0.23668855976255848,-1.3623196795112882,0.2490864589853014,-0.8008583468449966,0.758995773384036,-1.0957910353260798,0.3996226543395467,-0.3568886381415404,197000
0.41392866995204464,2.825264184651461,-1.9725550386794846,-0.8582115981476978,-0.08155512805762277,-2.3962105206004662,3.0590095467784133,0.8846672759383931,-1.2605740872760778,0.2918960649035491,-0.29050849450797084,1.3145635110597955,0.40372238133956423,0.6605513747722018,2.0562455285118344,5.912740974746359,2.2723947228046253,-1.536879206950974,1.0868071447684744,0.5250987237371494,0.46853735642656164,0.21123491013505727,191000
-0.6066421337884585,-2.6369864183075697,1.193665021258176,2.029775655645333,0.2387416764680335,0.1165260771982883,0.06796155669351872,-0.21404524173164496,-0.43165104999092924,0.05984169458586827,0.5596189053526753,0.5590742146921591,0.3064518694702176,-0.08737886516859035,0.6280371980191761,0.44680719270810565,-0.14700550354983308,0.2537350152196223,0.29477451969623686,-0.5411793237181858,0.6132105011944149,0.468195977810333,149300
3.795380593172322,-0.19169287014728853,-0.09955987369509474,1.7929887402469324,-0.10591655770000313,1.132045745758025,0.9805915508267087,-0.2888697845111081,-0.3340779647208636,-0.48403381982280963,-0.15836984605725782,-0.09658495353092006,0.19927738291123706,-0.025754718387254148,-0.22077124306686757,-0.0006230089008914933,0.31177280317569867,-0.2520030738203704,0.2844636685951413,-0.6691098235086825,-0.18807976275179195,0.2051951451774197,310000
-2.6219668197510475,0.0011714977155712234,0.4002321543522056,-1.4430570908358533,-0.8716370955211256,0.027668362081151282,0.18611606804729303,-1.4054024216843597,0.878981228239624,0.05716948101553857,0.3461610799324084,0.4061742658068117,-0.3835411034352438,-0.05128986392147108,0.32613278487395214,0.11542667810008092,-0.8010609165358004,0.8938316187841231,0.92895382241351,1.2019628314399247,0.190745034469278,0.8660638777476056,121000
1.1655643213195859,0.01912489207194488,2.6848500215685562,-1.843831001343565,0.12238547682815681,-1.1800616027519053,-0.29600251394215343,0.7432078218590004,-0.49781003730367857,0.5567622581311384,-0.14438341119818893,-0.6170091259455261,-0.5883202894621882,-0.1278000244896029,-0.13101795551642745,0.4750618585291112,-0.45299763253529285,-0.7525248867131702,-0.0942239865691321,0.14581038051396739,-0.131392046783127,-0.7851598376828514,179600
-2.8024294768485785,-0.8678398011487203,-1.5202732220625388,-0.016418373092027774,0.38266360559436424,0.46498897383765786,-0.19405689448814076,-1.1042293386114723,-2.5297971351284207,1.1000488037253562,0.6803579423050765,-0.06354696327581118,-0.5797618211983085,2.1436279053101392,0.9744753776862004,-2.4126225295250165,1.0892011289255739,-1.0580623063798718,-0.9945060604545746,-0.914265663146841,-0.07440093141882215,-0.8932827094596629,129000
-1.4390238045419013,-1.0376807220428776,-0.7000193993625062,-1.2415430263707448,-0.25543887956461836,1.5075405801725357,1.165799482013729,0.6823181358197459,0.4995374527862556,0.33169444399988973,-0.7395588440516027,0.4099115573738262,-0.3053483466438296,-0.9871191490059591,-0.1523215504739318,0.8300762050543289,-0.7092833444072303,0.5337160552381514,0.19172993908923514,1.163019948128369,0.7682888016112716,-0.9175257120720041,157900
3.026638334147542,-0.20360530712442398,-0.7206119555794748,1.5660660387386587,0.30313087407856687,-0.9356647969029065,-1.2897899589543254,0.038918172982910254,0.21040253274049212,-1.6174261112867307,-0.09978525730263026,-0.46095882895020845,-0.5722997577438464,-0.13049538987046763,-0.22435086490066217,-0.2982499371978073,0.15101486219831933,-1.3863992554930908,-0.13973188746834325,-0.6947961346982,1.0483364554313659,0.37997465121814117,240000
-2.3823045089924753,1.1213044105620142,-0.08135827621479626,0.3613787240941334,-1.7502537061094987,0.31756535552752246,0.6647390067324265,0.4445466676094937,-0.4269312226116975,-0.19220406433988785,-0.4123043144031672,-0.4917161256472294,-0.20145090507047855,-0.6631381054064868,0.12540781553219427,0.6088382814439653,-0.14478682569000706,0.9015109293168666,-0.7452039020010984,0.44735951102350135,0.69255727591969,-0.5173353944649018,112000
-4.790665025177396,-0.8205418321205173,0.7875310528851263,3.1199253005578527,1.33793658673193,-3.3004600449633403,0.7333197614197707,0.3881617708532859,0.6961590300981275,-0.33701992783068485,0.13450125720097664,0.6130639854622545,-0.5437394646874105,-0.7003904103614221,0.9806350461759648,-0.7975548667505045,-1.0462354478539606,0.5934317249742428,-1.1607409222011245,-1.2078759867676523,0.6611291124814888,0.2484225070059751,92000
-1.3169377750116091,4.56146467997085,-0.20975459587242096,1.207677245351937,3.4924664750847705,-0.5074036722474164,0.44669778896779866,0.6420651004508816,2.1840867330211675,0.40952114165746584,-1.9045255244611774,-1.058219958046562,-0.37372282212576724,-0.46797460395094853,-0.36854720929252005,-1.3757124119335475,-1.5044867501203676,-0.6823084938552658,-0.10370339041067403,-0.3355479911625806,0.35297413721771104,0.07407921984125981,136000
2.3807491501007028,-0.17610294721572892,2.6154253883520373,-2.323666603855172,0.12372605071936596,0.7394094016883711,0.6356678229322729,-0.4865398856265122,0.2667555858168589,0.43679848041781716,0.4370055232703716,0.47442912132779724,0.18527342052849696,0.14147141372775812,-0.21813289654261273,-0.02631348389008372,-0.007464635350180306,-0.10731463672525965,0.24685041436392433,-0.6040629737364702,0.24578317732582555,0.707591919740623,287090
-1.6440975005100178,-1.2541378554216784,1.7047712574113236,3.2841802284640855,0.5594715586398907,-0.8580510461903231,-0.7321482619305153,-0.12495269455174025,-0.7007609597049005,0.19837139155663427,0.7869603841192807,0.19347193423937573,0.6033428124409747,0.3965646198511077,0.24948994581863665,0.160228777655337,0.9507246188712556,1.029847115722613,-0.4654531333691496,-0.5705360060621245,0.3773846279057215,-0.323397484516871,145000
-1.9763423972650132,0.26639681939288534,1.2888700698781297,-2.0309334995339374,1.32537159841693,-2.2821986843559094,1.2065789828433535,0.471497770590276,0.6849290985504335,-0.3269147418441163,-2.327279368534591,-0.919985676784924,0.23634125220242075,-1.7543782271067778,0.12741020683674437,-1.5225170583257206,-0.6845437811572314,0.351864169935441,-0.927582064514115,-1.7154405506675579,0.2007039056429737,-0.48401854400217503,84500
0.5690434743581577,-1.5877683073599815,2.0128978618176396,-0.28844106488159993,0.3948979579377543,-0.8469425715497318,0.5153397600533748,-0.07803627250154506,0.16057076495422853,-0.11909554244241088,0.23364503923967817,-1.2151592394959547,-0.5096577184311328,0.8149855987109609,-0.9093806267987397,-0.12465255035832809,0.0896853633998828,-0.5418381400396078,1.2311309577722969,-0.2869758528292421,0.16945988751991722,-0.33069657624945814,185000
0.9849385446441797,1.6186661906340167,1.4820018302451166,0.17721882264378616,-0.6188434671319927,-0.24612027706909717,-0.5992410675651694,-0.28926202828117786,-0.3286652259926308,-0.05096224950889201,-0.33775859131503827,-0.7331057979856462,0.08676691582509469,-0.0029783200781839034,0.262315044141957,0.002011876733885926,-0.038455638753598635,0.042916122171262706,0.2205945751557697,-0.8609949564679188,-0.30798524218188617,0.6597147727546347,175000
1.8757127357397696,-1.9253416499862206,-1.3877135168595527,-0.7706247712141515,0.5350023635293021,1.62977926812567,1.7290265693175537,0.11326562763123324,-0.03153425558744099,0.9915235782006496,-0.21001716542317128,0.875109726230231,-0.36480800725845347,-0.24505502228488155,0.4301227120693749,0.6636420939026022,-0.918584605241811,0.07962053350792132,-0.21476729283913693,0.4138340496893677,-1.1559844279498857,1.3111185864114505,210000
0.9569423580617562,2.4808900051637552,-1.4176071641239887,-0.47906807653882244,-1.4358062097748268,0.6461585924161758,2.731057858193112,1.1695294378392538,2.283835939469604,0.9052232254745901,3.70307616251503,-1.5874305008493987,-0.39048114960389513,-1.939960002026837,0.7240660820231664,-0.23866960566290787,0.15808087499436008,-0.23217541873727693,0.15310581209017088,-0.19026196743376592,-0.6144881651416937,2.3937415238191657,266500
-2.26511549536114,-2.410119250717333,-1.795864552344285,-0.17006379763371934,-0.7076606286075805,1.3302917418608284,2.251823328365466,-0.26147050978466574,-1.825147792927542,3.895356689770723,-0.9644548953158197,-0.618827904477309,-1.1131255837059242,2.476810440137587,1.3668993378013325,-1.4501400418907318,-0.11363182904512996,-1.8137301462134607,-1.4457018787461695,0.44424412432984267,0.30306567577657867,-0.6960315488010901,142125
-0.49356254762783414,-2.077423118098041,-1.8581003380252803,0.7724050020099272,-0.3093491531570607,0.29536861268626785,0.9800622022194203,0.9801052307400063,-1.36282407622707,1.4233696305855947,-2.094960674450993,-0.6999840202844227,-0.7760117346067961,-0.881872851067219,0.6873642429006053,0.7844327814271396,-1.0289650340054446,-0.9320656763016336,-0.9069187262881514,3.0395099690558625,-1.2183683624398314,-1.4850361165574901,147500
